URL,Last crawled
https://floridaautismservices.com/schools/lincoln-marti-community-agency-76-hialeah-fl,2026-08-22
https://floridaautismservices.com/providers/belleair-health-care-center-clearwater-fl-10180,2026-08-22
https://floridaautismservices.com/resources/scholarships,2026-08-22
https://floridaautismservices.com/schools/glow-tech-academy-llc-hollywood-fl,2026-08-22
https://floridaautismservices.com/schools/highlands-latin-school-winter-park-fl,2026-08-22
https://floridaautismservices.com/providers/aba/pembroke-pines,2026-08-21
https://floridaautismservices.com/providers/henderson-behav-hlth-the-village-lauderhill-fl-7268,2026-08-18
https://floridaautismservices.com/providers/central-florida-therapy-solutions-orange-city-fl-10036,2026-08-18
https://floridaautismservices.com/schools/the-ark-academy-sanford-fl,2026-08-18
https://floridaautismservices.com/schools/esthers-school-inc-hudson-hudson-fl,2026-08-16
https://floridaautismservices.com/providers/adventhealth-for-children-orlando-fl-8200,2026-08-16
https://floridaautismservices.com/providers/joint-implant-surgeons-of-florida-fort-myers-fl-9443,2026-08-15
https://floridaautismservices.com/providers/advanced-rehabilitation-inc-largo-fl-9637,2026-08-11
https://floridaautismservices.com/providers/select-physical-therapy-doral-medley-fl-6874,2026-08-11
https://floridaautismservices.com/schools/holy-family-catholic-school-jacksonville-fl,2026-08-10
https://floridaautismservices.com/schools/st-barbara-gainesville-fl,2026-08-10
https://floridaautismservices.com/schools/saint-louis-covenant-school-pinecrest-fl,2026-08-10
https://floridaautismservices.com/schools/saint-marks-episcopal-school-fort-lauderdale-fl,2026-08-10
https://floridaautismservices.com/providers/encompass-health-rehabilitation-hospital-an-affiliate-of-martin-health-stuart-fl-10268,2026-08-10
https://floridaautismservices.com/providers/jg-support-inc-hollywood-fl-8785,2026-08-09
https://floridaautismservices.com/schools/saint-marys-catholic-school-rockledge-fl,2026-08-09
https://floridaautismservices.com/schools/jewish-cooperative-school-hollywood-fl,2026-08-09
https://floridaautismservices.com/schools/montessori-school-of-pensacola-pensacola-fl,2026-08-08
https://floridaautismservices.com/schools/bishop-mclaughlin-catholic-high-school-spring-hill-fl,2026-08-08
https://floridaautismservices.com/schools/cuttingedge-learning-academy-inc-riverview-fl,2026-08-08
https://floridaautismservices.com/schools/iexcel-preparatory-academy-miami-gardens-fl,2026-08-08
https://floridaautismservices.com/schools/rain-lily-montessori-school-fernandina-beach-fl,2026-08-08
https://floridaautismservices.com/providers/better-care-counseling-clearwater-fl-6614,2026-08-07
https://floridaautismservices.com/providers/apalachee-center-tallahassee-fl-7195,2026-08-07
https://floridaautismservices.com/providers/fyzical-therapy-balance-centers-beverly-park-miramar-fl-10189,2026-08-07
https://floridaautismservices.com/providers/doctors-choice-medical-rental-supplies-miami-fl-8913,2026-08-07
https://floridaautismservices.com/schools/bumblebee-academy-fort-pierce,2026-08-07
https://floridaautismservices.com/providers/joy-physical-therapy-tallahassee-fl-9506,2026-08-07
https://floridaautismservices.com/providers/4-paws-for-ability-multiple-fl-locations-fl-10474,2026-08-07
https://floridaautismservices.com/providers/innovation-home-health-inc-miami-fl-6160,2026-08-07
https://floridaautismservices.com/providers/behavior-bloom-llc-miami-gardens-fl-7263,2026-08-07
https://floridaautismservices.com/providers/inbloom-autism-services-tampa-tampa-fl-8507,2026-08-07
https://floridaautismservices.com/schools/sunshine-state-academy-hollywood-fl,2026-08-07
https://floridaautismservices.com/providers/usf-health-department-of-pediatrics-early-steps-program-lakeland-fl-8955,2026-08-06
https://floridaautismservices.com/providers/cared4-health-llc-deltona-fl-6075,2026-08-06
https://floridaautismservices.com/schools/royal-kids-academy-hialeah-gardens-fl,2026-08-06
https://floridaautismservices.com/schools/assembly-academy-sebring-fl,2026-08-06
https://floridaautismservices.com/providers/easterseals-south-florida-miami-fl-6729,2026-08-06
https://floridaautismservices.com/schools/north-florida-arts-and-sciences-academy-lake-city-fl,2026-08-06
https://floridaautismservices.com/providers/autism-soccer-north-miami-beach-fl-6620,2026-08-06
https://floridaautismservices.com/schools/avant-school-of-excellence-tallahassee-tallahassee-fl,2026-08-06
https://floridaautismservices.com/schools/childrens-paradise-learning-center-5-miami-lakes-fl,2026-08-06
https://floridaautismservices.com/providers/acs-suncoast-inc-tampa-fl-6240,2026-08-06
https://floridaautismservices.com/schools/new-jerusalem-christian-academy-seffner-fl,2026-08-06
https://floridaautismservices.com/providers/cocoa-beach-child-psychology-cape-canaveral-fl-6949,2026-08-06
https://floridaautismservices.com/schools/redeemer-lutheran-elemmiddle-school-pensacola-fl,2026-08-06
https://floridaautismservices.com/providers/cap-speech-therapy-fort-lauderdale-fl-6034,2026-08-06
https://floridaautismservices.com/schools/pinnacle-academy-inc-bradenton-fl,2026-08-06
https://floridaautismservices.com/providers/broward-childrens-center-pompano-beach-fl-5884,2026-08-06
https://floridaautismservices.com/schools/common-ground-school-tallahassee-fl,2026-08-06
https://floridaautismservices.com/providers/super-hero-speech-miami-fl-9350,2026-08-06
https://floridaautismservices.com/providers/soflopt-sport-fort-lauderdale-fl-9605,2026-08-06
https://floridaautismservices.com/providers/lizarraga-amir-panama-city-fl-6277,2026-08-05
https://floridaautismservices.com/providers/little-leaves-behavioral-services-coral-springs-coral-springs-fl-7005,2026-08-05
https://floridaautismservices.com/providers/1st-class-care-inc-orlando-fl-6086,2026-08-05
https://floridaautismservices.com/providers/studer-family-childrens-hospital-pediatric-rehabilitation-port-st-joe-3871-us-98-port-st-joe-fl-10221,2026-08-05
https://floridaautismservices.com/providers/powers-of-mind-psychological-services-tallahassee-fl-6211,2026-08-05
https://floridaautismservices.com/providers/equine-assisted-therapies-of-south-florida-inc-boca-raton-fl-10513,2026-08-05
https://floridaautismservices.com/schools/los-pinos-nuevos-christian-school-corp-hialeah-fl,2026-08-05
https://floridaautismservices.com/providers/theraspeech-inc-west-palm-beach-fl-6744,2026-08-05
https://floridaautismservices.com/providers/sterling-medical-group-daytona-holly-hill-fl-8535,2026-08-05
https://floridaautismservices.com/schools/abc-daycare-and-preschool-hialeah-fl,2026-08-05
https://floridaautismservices.com/providers/select-physical-therapy-weeki-wachee-brooksville-fl-8091,2026-08-05
https://floridaautismservices.com/schools/acton-academy-palm-harbor-palm-harbor-fl,2026-08-04
https://floridaautismservices.com/providers/consumer-notice-orlando-fl-7295,2026-08-04
https://floridaautismservices.com/providers/caring-therapists-of-pembroke-pines-pembroke-pines-fl-6635,2026-08-04
https://floridaautismservices.com/schools/behavior-education-center-rockledge-fl,2026-08-04
https://floridaautismservices.com/schools/foreign-language-immersion-preparatory-acad-celebration-fl,2026-08-04
https://floridaautismservices.com/providers/mole-latoya-r-latoya-mole-seminole-fl-6136,2026-08-03
https://floridaautismservices.com/providers/aba-therapy-evolution-hialeah-fl-6693,2026-08-02
https://floridaautismservices.com/schools/vow-now-academy-tallahassee-fl,2026-08-02
https://floridaautismservices.com/providers/human-development-center-inc-tampa-fl-6377,2026-08-01
https://floridaautismservices.com/providers/callie-pedersen-ot-milton-fl-10532,2026-08-01
https://floridaautismservices.com/churches/calvary-orlando-winter-park-fl,2026-07-31
https://floridaautismservices.com/providers/childrens-relationship-center-miramar-fl-9360,2026-07-31
https://floridaautismservices.com/providers/crossroads-of-pinellas-seminole-fl-6202,2026-07-31
https://floridaautismservices.com/providers/acorn-health-aba-therapy-orlando-orlando-fl-7088,2026-07-31
https://floridaautismservices.com/providers/lee-county-board-of-co-commissioner-lee-tran-passport-service-fort-myers-fl-8607,2026-07-31
https://floridaautismservices.com/schools/saint-theresa-catholic-school-coral-gables-fl,2026-07-31
https://floridaautismservices.com/providers/spark-pediatrics-medical-daycare-ppec-clearwater-fl-clearwater-fl-10213,2026-07-31
https://floridaautismservices.com/providers/joleen-r-fernald-pediatric-therapy-services-odessa-fl-9399,2026-07-31
https://floridaautismservices.com/providers/annie-family-group-home-ocoee-fl-6078,2026-07-30
https://floridaautismservices.com/schools/st-catherine-catholic-school-sebring-fl,2026-07-30
https://floridaautismservices.com/providers/jacksonville-orthopaedic-institute-rehabilitation-jacksonville-12276-san-jose-blvd-jacksonville-fl-9859,2026-07-30
https://floridaautismservices.com/schools/crenshaw-academy-gotha-fl,2026-07-28
https://floridaautismservices.com/providers/skill-point-therapy-brandon-brandon-fl-10209,2026-07-28
https://floridaautismservices.com/providers/florida-autism-center-daytona-beach-a-division-of-bluesprig-500-health-blvd-daytona-beach-fl-7378,2026-07-28
https://floridaautismservices.com/providers/flow-support-land-o-lakes-fl-10367,2026-07-28
https://floridaautismservices.com/providers/aries-physical-therapy-weston-weston-fl-5764,2026-07-27
https://floridaautismservices.com/providers/melbourne-terrace-rehabilitation-center-melbourne-fl-10323,2026-07-27
https://floridaautismservices.com/providers/child-and-adolescent-psychology-of-tampa-bay-llc-tampa-fl-5831,2026-07-27
https://floridaautismservices.com/providers/movement-with-meaning-tampa-fl-7080,2026-07-27
https://floridaautismservices.com/providers/new-creation-homes-and-services-alachua-fl-5832,2026-07-27
https://floridaautismservices.com/providers/focus-physical-therapy-inc-8301-cypress-plaza-dr-jacksonville-fl-9717,2026-07-27
https://floridaautismservices.com/providers/aspire-physical-therapy-and-wellness-mobile-outpatient-physical-therapy-services-satellite-beach-fl-9466,2026-07-27
https://floridaautismservices.com/providers/jericho-school-for-children-with-autism-jacksonville-fl-7112,2026-07-27
https://floridaautismservices.com/schools/world-changers-christian-academy-orlando-fl,2026-07-27
https://floridaautismservices.com/providers/pathways-counseling-center-spring-hill-fl-7250,2026-07-27
https://floridaautismservices.com/providers/ann-storck-center-inc-fort-lauderdale-fort-lauderdale-fl-6571,2026-07-27
https://floridaautismservices.com/schools/kings-christian-school-miami-fl,2026-07-27
https://floridaautismservices.com/providers/the-center-for-codependency-recovery-suzi-marsh-meffen-clinical-social-worktherapist-bba-msw-lcsw-palm-bay-fl-6038,2026-07-27
https://floridaautismservices.com/providers/remarkable-disability-services-remote-fl-10578,2026-07-26
https://floridaautismservices.com/providers/360-rehab-sevices-inc-hollywood-fl-9777,2026-07-26
https://floridaautismservices.com/providers/empowerment-programs-inc-jacksonville-fl-7031,2026-07-26
https://floridaautismservices.com/providers/ronald-mcdonald-house-charities-of-southwest-florida-inc-fort-myers-fl-6641,2026-07-26
https://floridaautismservices.com/providers/the-helping-place-llcptsd-solutions-therapy-coral-springs-fl-6745,2026-07-25
https://floridaautismservices.com/schools/north-broward-christian-school-fort-lauderdale-fl,2026-07-25
https://floridaautismservices.com/providers/bridges-behavioral-therapy-west-palm-beach-fl-7412,2026-07-24
https://floridaautismservices.com/providers/care-haven-llc-seminole-fl-10338,2026-07-24
https://floridaautismservices.com/schools/beyond-the-spectrum-education-center-sarasota-fl,2026-07-24
https://floridaautismservices.com/providers/hoffman-semira-seminole-fl-6414,2026-07-24
https://floridaautismservices.com/providers/skill-builders-for-kids-pinecrest-fl-10054,2026-07-23
https://floridaautismservices.com/providers/rehabilitation-of-south-florida-inc-miami-fl-5762,2026-07-22
https://floridaautismservices.com/providers/clow-integrated-medical-center-formerly-clow-chiropractic-west-melbourne-fl-9469,2026-07-22
https://floridaautismservices.com/providers/star-rise-home-care-llc-deland-fl-6073,2026-07-22
https://floridaautismservices.com/schools/our-lady-of-lourdes-academy-miami-fl,2026-07-22
https://floridaautismservices.com/schools/corpus-christi-catholic-school-temple-terrace-fl,2026-07-21
https://floridaautismservices.com/providers/amber-tarbet-pt-bradenton-fl-10512,2026-07-21
https://floridaautismservices.com/providers/southern-occupational-therapy-products-inc-stuart-fl-7273,2026-07-19
https://floridaautismservices.com/schools/downey-christian-school-orlando-fl,2026-07-19
https://floridaautismservices.com/schools/south-dade-academy-florida-city-fl,2026-07-19
https://floridaautismservices.com/providers/sml-support-services-royal-palm-beach-fl-9105,2026-07-18
https://floridaautismservices.com/schools/hebrew-academy-of-tampa-tampa-fl,2026-07-17
https://floridaautismservices.com/resources/accreditations/csi,2026-07-17
https://floridaautismservices.com/providers/mccray-medical-care-llc-mccray-home-care-jacksonville-fl-5774,2026-07-16
https://floridaautismservices.com/schools/pla-fine-arts-hialeah-fl,2026-07-13
https://floridaautismservices.com/providers/yamilas-adult-family-care-home-llc-north-port-fl-6024,2026-07-13
https://floridaautismservices.com/providers/tri-county-human-services-inc-lakeland-fl-6805,2026-07-13
https://floridaautismservices.com/providers/matt-seitz-phd-4421-nw-39th-ave-gainesville-fl-8972,2026-07-07
https://floridaautismservices.com/providers/faast-inc-tallahassee-fl-6718,2026-07-07
https://floridaautismservices.com/providers/helping-hands-gainesville-fl-8066,2026-07-07
https://floridaautismservices.com/schools/episcopal-school-of-jacksonville-st-marks-jacksonville-fl,2026-07-07
https://floridaautismservices.com/schools/florida-sports-virtual-academy-fort-myers-fl,2026-07-07
https://floridaautismservices.com/providers/therapy-with-alyse-llc-palm-springs-palm-springs-fl-7756,2026-07-07
https://floridaautismservices.com/providers/kris-parker-and-associates-port-saint-lucie-port-st-lucie-fl-8599,2026-07-07
https://floridaautismservices.com/schools/lovers-little-ones-academy-jacksonville-fl,2026-07-07
https://floridaautismservices.com/providers/hernandez-therapy-clinic-fort-lauderdale-fl-9678,2026-07-06
https://floridaautismservices.com/providers/center-for-speech-language-llc-orlando-fl-9020,2026-07-06
https://floridaautismservices.com/providers/back-to-mind-chiropractic-hollywood-hollywood-fl-9591,2026-07-05
https://floridaautismservices.com/schools/ambleside-ocala-ocala-fl,2026-07-05
https://floridaautismservices.com/schools/little-flower-montessori-school-wilton-manors-fl,2026-07-05
https://floridaautismservices.com/schools/the-bright-days-preschool-coral-gables-fl,2026-07-04
https://floridaautismservices.com/providers/sarkis-family-psychiatry-gainesville-fl-8041,2026-07-04
https://floridaautismservices.com/providers/the-able-trust-tallahassee-fl-8959,2026-07-04
https://floridaautismservices.com/schools/montessori-school-of-north-miami-north-miami-fl,2026-07-02
https://floridaautismservices.com/providers/freedom-ride-inc-orlando-fl-5964,2026-07-02
https://floridaautismservices.com/schools/open-arms-of-fort-pierce-inc-fort-pierce-fl,2026-07-01
https://floridaautismservices.com/providers/comprehensive-hand-physical-therapy-jupiter-fl-9932,2026-07-01
https://floridaautismservices.com/schools/sanlando-christian-school-longwood-fl,2026-07-01
https://floridaautismservices.com/providers/st-josephs-outpatient-rehabilitation-center-tampa-fl-10216,2026-07-01
https://floridaautismservices.com/providers/anytime-sunshine-health-llc-land-o-lakes-fl-6445,2026-06-30
https://floridaautismservices.com/providers/guardian-angels-medical-service-dogs-williston-fl-10469,2026-06-28
https://floridaautismservices.com/schools/spotlight-scholars-orlando-fl,2026-06-27
https://floridaautismservices.com/providers/sunrise-community-inc-tallahassee-fl-6658,2026-06-23
https://floridaautismservices.com/providers/pt-solutions-of-temple-terrace-temple-terrace-fl-10066,2026-06-22
https://floridaautismservices.com/providers/b-v-thera-pro-associates-corporation-south-kendall-miami-fl-10298,2026-06-22
https://floridaautismservices.com/schools/montessori-childrens-house-miami-fl,2026-06-22
https://floridaautismservices.com/schools/pathway-miami-fl,2026-06-22
https://floridaautismservices.com/providers/sunshine-therapy-partners-pllc-boca-raton-fl-9315,2026-06-22
https://floridaautismservices.com/providers/linda-frease-ot-saint-petersburg-fl-10529,2026-06-21
https://floridaautismservices.com/providers/atlantic-rehabilitation-center-north-miami-beach-florida-north-miami-beach-fl-9808,2026-06-21
https://floridaautismservices.com/providers/heart-to-heart-music-therapy,2026-06-20
https://floridaautismservices.com/providers/cora-physical-therapy-ormond-beach-ormond-beach-fl-9823,2026-06-20
https://floridaautismservices.com/providers/adventhealth-sports-med-rehab-waterford-lakes-orlando-fl-9924,2026-06-20
https://floridaautismservices.com/providers/uf-health-rehab-center-for-kids-magnolia-parke-gainesville-fl-7122,2026-06-20
https://floridaautismservices.com/providers/helping-hands-of-hanes-city-inc-apopka-fl-6112,2026-06-19
https://floridaautismservices.com/providers/speech-works-pediatric-therapy-orange-city-fl-10281,2026-06-19
https://floridaautismservices.com/providers/daisys-healing-hearts-gibsonton-fl-6400,2026-06-19
https://floridaautismservices.com/providers/st-john-the-evangelist-catholic-community-melbourne-fl-10556,2026-06-19
https://floridaautismservices.com/providers/jonathan-tuman-ddspa-bay-harbor-islands-fl-6056,2026-06-17
https://floridaautismservices.com/providers/aba-centers-of-florida-celebration-celebration-fl-10596,2026-06-16
https://floridaautismservices.com/providers/adam-saubira-speech-language-orlando-fl-6607,2026-06-16
https://floridaautismservices.com/resources/services/life-skills,2026-06-16
https://floridaautismservices.com/schools/leesburg-christian-preparatory-school-iep-leesburg-fl,2026-06-16
https://floridaautismservices.com/schools/divine-savior-lutheran-academy-doral-fl,2026-06-16
https://floridaautismservices.com/providers/fsu-center-for-academic-and-professional-development-tallahassee-fl-7411,2026-06-15
https://floridaautismservices.com/providers/wolfson-childrens-rehabilitation-wolfson-childrens-specialty-center-baptist-clay-fleming-island-fl-10235,2026-06-14
https://floridaautismservices.com/providers/freedom-farm-of-tampa-bay-and-therapy-center-pinellas-park-fl-10495,2026-06-14
https://floridaautismservices.com/providers/bayview-therapy-coral-springs-coral-springs-fl-8574,2026-06-14
https://floridaautismservices.com/providers/baptist-health-physical-therapy-rehabilitation-coral-gables-coral-gables-fl-9688,2026-06-14
https://floridaautismservices.com/schools/ces-academy-of-winter-haven-winter-haven-fl,2026-06-14
https://floridaautismservices.com/events/aha-2026-autism-health-and-abilities-national-conference,2026-06-12
https://floridaautismservices.com/resources/insurances/florida-blue,2026-06-12
https://floridaautismservices.com/daycare/kids-incorporated-budd-bell-tallahassee,2026-06-12
https://floridaautismservices.com/providers/blue-wave-pediatrics-clearwater-fl-9508,2026-06-12
https://floridaautismservices.com/schools/hope-ranch-learning-academy-living-hope-hudson-fl,2026-06-12
https://floridaautismservices.com/schools/liberty-academy-foundation-inc-miami-fl,2026-06-12
https://floridaautismservices.com/schools/ican-academy-orlando-fl,2026-06-12
https://floridaautismservices.com/schools/academy-prep-center-of-lakeland-lakeland-fl,2026-06-12
https://floridaautismservices.com/resources/insurances/avmed,2026-06-12
https://floridaautismservices.com/providers/kids-first-therapy-center-inc-orlando-orlando-fl-10166,2026-06-12
https://floridaautismservices.com/schools/thrive-academy-cape-coral-fl,2026-06-11
https://floridaautismservices.com/providers/positive-behavior-supports-corporation-tampa-fl,2026-06-11
https://floridaautismservices.com/providers/cora-physical-therapy-sand-lake-orlando-fl-9916,2026-06-08
https://floridaautismservices.com/schools/american-nation-builders-collprep-academy-orlando-fl,2026-06-08
https://floridaautismservices.com/schools/south-lake-montessori-school-clermont-fl,2026-06-08
https://floridaautismservices.com/schools/calvary-christian-academy-and-preschool-orlando-fl,2026-06-07
https://floridaautismservices.com/providers/childrens-behavioral-intervention-palm-springs-palm-springs-fl-8582,2026-06-07
https://floridaautismservices.com/schools/fusion-academy-miami-miami-fl,2026-06-07
https://floridaautismservices.com/schools/stepss-academy-inc-sunrise-fl,2026-06-06
https://floridaautismservices.com/providers/absolute-health-and-fitness-spring-hill-fl-8569,2026-06-05
https://floridaautismservices.com/schools/hope-preparatory-academy-orlando-fl,2026-06-04
https://floridaautismservices.com/schools/dayspring-christian-academy-preschool-jacksonville-fl,2026-06-04
https://floridaautismservices.com/providers/sierra-paul-j-tampa-fl-6232,2026-06-01
https://floridaautismservices.com/schools/heavenly-day-a-preschool-experience-naples-fl,2026-05-31
https://floridaautismservices.com/schools/coastline-christian-academy-gulf-breeze-fl,2026-05-31
https://floridaautismservices.com/providers/possibilities-behavioral-services-llc-miami-springs-fl-8898,2026-05-31
https://floridaautismservices.com/schools/ocean-learning-center-llc-palm-coast-fl,2026-05-30
https://floridaautismservices.com/schools/play-learn-and-grow-llc-coral-springs-fl,2026-05-30
https://floridaautismservices.com/providers/trust-physical-therapy-clearwater-fl-9513,2026-05-29
https://floridaautismservices.com/providers/lifestance-health-orlando-lake-nona,2026-05-29
https://floridaautismservices.com/providers/thrive-therapy-tallahassee-tallahassee-fl-10077,2026-05-29
https://floridaautismservices.com/providers/wings-of-love-of-leesburg-llc-leesburg-fl-6065,2026-05-29
https://floridaautismservices.com/providers/all-together-wellness-jacksonville-beach-fl-10232,2026-05-29
https://floridaautismservices.com/schools/our-lady-of-charity-school-inc-hialeah-fl,2026-05-29
https://floridaautismservices.com/providers/kiddo-land-therapy-tampa-fl-9143,2026-05-29
https://floridaautismservices.com/providers/acorn-health-aba-therapy-coral-gables-coral-gables-fl-8952,2026-05-29
https://floridaautismservices.com/providers/surf-drugs-inc-surfmed-pembroke-park-fl-6104,2026-05-29
https://floridaautismservices.com/schools/childrens-kingdom-enrichment-center-miami-lakes-fl,2026-05-29
https://floridaautismservices.com/providers/linke-therapy-royal-palm-beach-fl-9306,2026-05-29
https://floridaautismservices.com/schools/kcbs-advance-academy-of-kissimmee-kissimmee-fl,2026-05-29
https://floridaautismservices.com/providers/cora-physical-therapy-kendall-miami-fl-9812,2026-05-29
https://floridaautismservices.com/schools/bay-pines-lutheran-school-seminole-fl,2026-05-29
https://floridaautismservices.com/providers/rest-assured-home-care-llc-cutler-bay-fl-6057,2026-05-28
https://floridaautismservices.com/providers/gold-coast-physical-therapy-lake-worth-lake-worth-fl-9886,2026-05-28
https://floridaautismservices.com/providers/healthpro-pediatrics-south-tampa-tampa-fl-10326,2026-05-28
https://floridaautismservices.com/providers/kidz-therapy-zone-winter-garden-fl-9418,2026-05-28
https://floridaautismservices.com/schools/the-rock-academy-sanford-fl,2026-05-28
https://floridaautismservices.com/providers/occupational-therapy-at-johns-hopkins-all-childrens-outpatient-care-brandon-brandon-fl-10413,2026-05-28
https://floridaautismservices.com/schools/creative-play-childrens-learning-center-pinellas-park-fl,2026-05-28
https://floridaautismservices.com/providers/coastal-speech-and-language-center-llc-palm-coast-fl-10583,2026-05-28
https://floridaautismservices.com/schools/zimmerman-school-house-dba-lion-star-academ-coral-springs-fl,2026-05-28
https://floridaautismservices.com/providers/bloom-pelvic-floor-therapy-tampa-fl-9957,2026-05-28
https://floridaautismservices.com/providers/nicklaus-childrens-miramar-outpatient-center-miramar-fl-9873,2026-05-28
https://floridaautismservices.com/providers/speech-works-pediatric-therapy-port-orange-port-orange-fl-7131,2026-05-28
https://floridaautismservices.com/resources/services,2026-05-28
https://floridaautismservices.com/schools/able-academics-port-orange-port-orange-fl,2026-05-28
https://floridaautismservices.com/providers/the-therapy-hive-ft-lauderdale-fort-lauderdale-fl-9364,2026-05-28
https://floridaautismservices.com/schools/magic-flute-montessori-miami-fl,2026-05-28
https://floridaautismservices.com/providers/tag-holistc-fitness-llc-ruskin-fl-6135,2026-05-28
https://floridaautismservices.com/schools/pneuma-christian-academy-miami-fl,2026-05-28
https://floridaautismservices.com/schools/chrysalis-school-inc-altamonte-springs-fl,2026-05-28
https://floridaautismservices.com/providers/thinkering-kids-therapy-coral-gables-fl-7225,2026-05-28
https://floridaautismservices.com/schools/springview-academy-inc-miami-fl,2026-05-28
https://floridaautismservices.com/schools/seeds-of-life-montessori-academy-bradenton-fl,2026-05-28
https://floridaautismservices.com/providers/premier-physical-therapy-sports-performance-1661-rainbow-dr-clearwater-fl-9667,2026-05-27
https://floridaautismservices.com/providers/aries-physical-therapy-fort-lauderdale-1115-e-sunrise-blvd-fort-lauderdale-fl-7587,2026-05-27
https://floridaautismservices.com/providers/kris-parker-and-associates-port-st-lucie-port-st-lucie-fl-6775,2026-05-27
https://floridaautismservices.com/providers/focus-forward-inc-focus-forward-temple-terrace-fl-6238,2026-05-27
https://floridaautismservices.com/providers/extended-kids-care-ppec-coral-springs-fl-10052,2026-05-27
https://floridaautismservices.com/schools/oasis-adonai-academy-lake-placid-fl,2026-05-27
https://floridaautismservices.com/schools/sacred-heart-cathedral-school-pensacola-fl,2026-05-27
https://floridaautismservices.com/schools/apple-tree-montessori-school-inc-davie-fl,2026-05-27
https://floridaautismservices.com/schools/first-christian-academy-defuniak-springs-fl,2026-05-27
https://floridaautismservices.com/providers/pediatric-therapy-services-lakeland-lakeland-fl-8861,2026-05-27
https://floridaautismservices.com/providers/behavioral-progression-inc-lakeland-fl-7124,2026-05-27
https://floridaautismservices.com/schools/trinity-christian-academy-middle-school-hialeah-fl,2026-05-27
https://floridaautismservices.com/schools/early-scholars-learning-academy-tampa-fl,2026-05-27
https://floridaautismservices.com/schools/paolo-prep-academy-lake-worth-fl,2026-05-27
https://floridaautismservices.com/schools/st-petersburg-primary-school-st-petersburg-fl,2026-05-27
https://floridaautismservices.com/schools/one-accord-christian-academy-orlando-fl,2026-05-27
https://floridaautismservices.com/providers/dr-physio-therapy-wellness-fort-lauderdale-fl-10242,2026-05-27
https://floridaautismservices.com/schools/creative-global-schools-orlando-fl,2026-05-27
https://floridaautismservices.com/schools/treasure-of-knowledge-christian-academy-orlando-fl,2026-05-27
https://floridaautismservices.com/providers/kids-place-ppec-lakeland-fl-10160,2026-05-27
https://floridaautismservices.com/schools/xceed-prep-miami-dadeland-miami-fl,2026-05-27
https://floridaautismservices.com/providers/car-accident-doctor-cape-coral-alpha-medicine-rehab-cape-coral-fl-9712,2026-05-27
https://floridaautismservices.com/schools/santa-rosa-christian-school-milton-fl,2026-05-27
https://floridaautismservices.com/schools/center-of-life-academy-miami-fl,2026-05-27
https://floridaautismservices.com/schools/growing-minds-montessori-school-gotha-fl,2026-05-27
https://floridaautismservices.com/schools/american-high-school-academy-north-campus-miami-fl,2026-05-27
https://floridaautismservices.com/schools/sunshine-state-elite-academy-llc-kissimmee-fl,2026-05-27
https://floridaautismservices.com/providers/baracusa-health-care-miami-fl-8457,2026-05-27
https://floridaautismservices.com/schools/pathways-for-life-academy-gotha-fl,2026-05-27
https://floridaautismservices.com/schools/cheerful-heart-academy-naples-fl,2026-05-27
https://floridaautismservices.com/schools/new-jerusalem-academy-kissimmee-fl,2026-05-27
https://floridaautismservices.com/schools/redeemer-lutheran-school-englewood-fl,2026-05-27
https://floridaautismservices.com/schools/genesis-community-school-panama-city-beach-fl,2026-05-27
https://floridaautismservices.com/schools/grace-community-school-of-lehigh-lehigh-acres-fl,2026-05-27
https://floridaautismservices.com/schools/oviedo-montessori-bilingual-academy-oviedo-fl,2026-05-27
https://floridaautismservices.com/schools/bishop-john-j-snyder-high-school-jacksonville-fl,2026-05-27
https://floridaautismservices.com/schools/melbourne-central-catholic-high-school-melbourne-fl,2026-05-27
https://floridaautismservices.com/providers/music-4-miracles-dba-harmony-hope-stables-palm-city-fl-10520,2026-05-27
https://floridaautismservices.com/providers/infinite-spectrum-foundation-inc-tallahassee-fl-6560,2026-05-27
https://floridaautismservices.com/providers/broward-physical-therapy-hollywood-fl-9666,2026-05-27
https://floridaautismservices.com/providers/k9s-for-warriors-ponte-vedra-fl-10468,2026-05-27
https://floridaautismservices.com/providers/baudhuin-preschool-davie-fl-6806,2026-05-27
https://floridaautismservices.com/schools/rfm-christian-academy-coco2-cocoa-fl,2026-05-27
https://floridaautismservices.com/providers/skill-point-therapy-tampa-tampa-fl-10256,2026-05-27
https://floridaautismservices.com/schools/new-gate-school-sarasota-fl-2,2026-05-27
https://floridaautismservices.com/schools/tiny-steps-preschool-miami-fl,2026-05-27
https://floridaautismservices.com/providers/lifeskills-sensory-integration-specialists-maitland-fl-9302,2026-05-27
https://floridaautismservices.com/schools/central-florida-preparatory-academy-lake-helen-fl,2026-05-27
https://floridaautismservices.com/providers/the-right-spinal-clinic-inc-tampa-fl-9698,2026-05-26
https://floridaautismservices.com/providers/select-physical-therapy-miami-lakes-miami-lakes-fl-7967,2026-05-26
https://floridaautismservices.com/providers/focus-physical-therapy-inc-869-stockton-st-jacksonville-fl-9713,2026-05-26
https://floridaautismservices.com/providers/whitney-owens-counseling-tallahassee-fl-6495,2026-05-26
https://floridaautismservices.com/schools/garden-of-faith-school-of-arts-inc-bunnell-fl,2026-05-26
https://floridaautismservices.com/schools/kesher-ld-north-miami-beach-fl,2026-05-26
https://floridaautismservices.com/schools/living-water-christian-academy-fort-lauderdale-fl,2026-05-26
https://floridaautismservices.com/providers/tara-j-donohue-ot-port-st-lucie-fl-6597,2026-05-26
https://floridaautismservices.com/providers/a-helping-hand-inc-daytona-beach-fl-6574,2026-05-26
https://floridaautismservices.com/schools/dawere-international-high-school-boca-raton-fl,2026-05-26
https://floridaautismservices.com/providers/procare-rehab-and-wellness-physical-therapy-fort-lauderdale-fl-10109,2026-05-26
https://floridaautismservices.com/schools/life-preparatory-school-east-brooksville-fl,2026-05-26
https://floridaautismservices.com/providers/pediatric-sunshine-therapy-llc-boca-raton-fl-9200,2026-05-26
https://floridaautismservices.com/providers/family-first-therapy-inc-lutz-fl-10075,2026-05-26
https://floridaautismservices.com/providers/florida-strong-physical-therapy-margate-fl-9807,2026-05-26
https://floridaautismservices.com/providers/first-kids-ppec-lauderhill-5547-w-oakland-park-blvd-lauderhill-fl-7383,2026-05-26
https://floridaautismservices.com/schools/lamplighters-hebrew-academy-punta-gorda-fl,2026-05-25
https://floridaautismservices.com/providers/step-beyond-development-clearwater-fl-7229,2026-05-25
https://floridaautismservices.com/providers/florida-association-of-centers-for-independent-living-tallahassee-fl-6834,2026-05-25
https://floridaautismservices.com/providers/camen-behavioral-services-llc-orlando-fl-7325,2026-05-25
https://floridaautismservices.com/schools/global-connection-international-school-miami-fl,2026-05-25
https://floridaautismservices.com/providers/the-therapy-labs-by-rosa-barroso-lmhc-miami-lakes-fl-7188,2026-05-25
https://floridaautismservices.com/schools/center-academy-coral-springs-coral-springs-fl,2026-05-25
https://floridaautismservices.com/schools/ivy-league-academy-port-saint-lucie-fl,2026-05-25
https://floridaautismservices.com/schools/hope-center-learning-academy-llc-west-palm-beach-fl,2026-05-25
https://floridaautismservices.com/providers/lifecare-therapy-tamarac-fl-10227,2026-05-25
https://floridaautismservices.com/schools/millhopper-montessori-school-gainesville-fl,2026-05-25
https://floridaautismservices.com/providers/adaptive-mind-therapy-west-palm-beach-therapist-west-palm-beach-fl-8505,2026-05-25
https://floridaautismservices.com/providers/ellie-mental-health-pembroke-pines-pembroke-pines-fl-9070,2026-05-25
https://floridaautismservices.com/schools/vita-preparatory-academy-port-st-john-fl,2026-05-25
https://floridaautismservices.com/providers/creative-counseling-services-inc-gainesville-fl-6502,2026-05-25
https://floridaautismservices.com/providers/physical-therapy-now-coral-gables-coral-gables-fl-9814,2026-05-25
https://floridaautismservices.com/providers/intuitive-therapies-pelvic-health-tampa-fl-9844,2026-05-25
https://floridaautismservices.com/schools/palm-beach-christian-preparatory-school-inc-greenacres-fl,2026-05-24
https://floridaautismservices.com/providers/take-control-physical-therapy-jacksonville-fl-9715,2026-05-24
https://floridaautismservices.com/providers/acorn-health-aba-therapy-lakeland-lakeland-fl-6756,2026-05-24
https://floridaautismservices.com/schools/grandview-preparatory-school-boca-raton-fl,2026-05-24
https://floridaautismservices.com/schools/discovery-zone-preschool-orlando-fl,2026-05-24
https://floridaautismservices.com/schools/lincoln-marti-community-agency-14-miami-fl,2026-05-24
https://floridaautismservices.com/providers/sfr-physical-therapy-south-miami-6812-sw-81st-st-miami-fl-9457,2026-05-24
https://floridaautismservices.com/providers/pt-solutions-of-north-westchase-tampa-fl-10204,2026-05-24
https://floridaautismservices.com/schools/dme-academy-daytona-beach-fl,2026-05-24
https://floridaautismservices.com/providers/family-therapy-behavior-services-llc-riviera-beach-fl-7422,2026-05-24
https://floridaautismservices.com/providers/ellie-mental-health-hollywood-hollywood-fl-8587,2026-05-24
https://floridaautismservices.com/schools/pla-learning-academy-pensacola-fl,2026-05-24
https://floridaautismservices.com/schools/bradenton-christian-school-bradenton-fl,2026-05-24
https://floridaautismservices.com/providers/neurospa-lakeland-fl-7361,2026-05-24
https://floridaautismservices.com/schools/lighthouse-christian-school-callahan-callahan-fl,2026-05-24
https://floridaautismservices.com/schools/community-day-school-sarasota-fl,2026-05-23
https://floridaautismservices.com/providers/attain-inc-orlando-fl-8799,2026-05-23
https://floridaautismservices.com/providers/wings-of-an-angel-inc-miramar-fl-8665,2026-05-23
https://floridaautismservices.com/providers/physical-4-u-inc-miami-lakes-fl-6148,2026-05-23
https://floridaautismservices.com/providers/neurorise-behavioral-center-llc-aba-therapy-fort-myers-fl-6587,2026-05-23
https://floridaautismservices.com/schools/montessori-academy-of-celebration-kissimmee-fl,2026-05-23
https://floridaautismservices.com/providers/steer-healthcare-services-inc-fort-pierce-fl-8646,2026-05-23
https://floridaautismservices.com/providers/brain-behavioral-institute-of-south-florida-miami-fl-5827,2026-05-22
https://floridaautismservices.com/schools/guidepost-montessori-at-hollywood-beach-hollywood-fl,2026-05-22
https://floridaautismservices.com/schools/the-learning-tree-academy-inc-fort-pierce-fl,2026-05-22
https://floridaautismservices.com/providers/effective-physical-therapy-inc-palm-springs-fl-9494,2026-05-22
https://floridaautismservices.com/providers/world-of-joy-and-caring-jacksonville-fl-6022,2026-05-22
https://floridaautismservices.com/providers/king-of-kings-consulting-llc-plant-city-fl-5817,2026-05-22
https://floridaautismservices.com/schools/suncoast-christian-academy-lake-worth-fl,2026-05-22
https://floridaautismservices.com/providers/aligned-integrative-medicine-spring-hill-fl-9474,2026-05-22
https://floridaautismservices.com/schools/we-are-one-services-llc-orlando-fl,2026-05-22
https://floridaautismservices.com/providers/physical-therapy-time-north-miami-beach-fl-9426,2026-05-21
https://floridaautismservices.com/providers/aspiring-abilities-llc-bradenton-fl-6307,2026-05-21
https://floridaautismservices.com/providers/h2-health-arlington-jacksonville-fl-jacksonville-fl-10100,2026-05-21
https://floridaautismservices.com/schools/spur-christian-academy-orlando-fl,2026-05-19
https://floridaautismservices.com/schools/florida-lighthouse-academy-ocala-fl,2026-05-19
https://floridaautismservices.com/providers/clarity-psychology-tampa-fl-6737,2026-05-19
https://floridaautismservices.com/schools/community-school-of-naples-naples-fl,2026-05-19
https://floridaautismservices.com/schools/saint-barnabas-episcopal-school-deland-fl,2026-05-18
https://floridaautismservices.com/providers/body-mechanix-physiotherapy-and-fitness-tallahassee-fl-9541,2026-05-17
https://floridaautismservices.com/providers/assessment-learning-evaluation-and-counseling-center-tallahassee-fl-7114,2026-05-17
https://floridaautismservices.com/providers/talking-with-taylor-llc-miami-fl-9224,2026-05-16
https://floridaautismservices.com/schools/living-water-christian-school-kissimmee-fl,2026-05-16
https://floridaautismservices.com/providers/adventhealth-sports-med-rehab-lake-nona-orlando-fl-9829,2026-05-16
https://floridaautismservices.com/schools/coastal-preparatory-school-fort-walton-bea-fl,2026-05-15
https://floridaautismservices.com/providers/leotaud-joan-w-beryls-place-inc-apoka-fl-6085,2026-05-15
https://floridaautismservices.com/providers/contemporary-learning-center-winter-park-fl-9031,2026-05-15
https://floridaautismservices.com/providers/the-dramatic-slp-llc-orlando-fl-10584,2026-05-15
https://floridaautismservices.com/schools/the-2nd-house-daycare-preschool-6-corp-miami-fl,2026-05-14
https://floridaautismservices.com/schools/primrose-school-of-winter-springs-winter-springs-fl,2026-05-14
https://floridaautismservices.com/schools/master-minds-academy-north-lauderdale-fl,2026-05-14
https://floridaautismservices.com/schools/bacot-academy-inc-panama-city-fl,2026-05-14
https://floridaautismservices.com/schools/guardian-catholic-school-jacksonville-fl,2026-05-14
https://floridaautismservices.com/schools/good-shepherd-academy-deltona-fl,2026-05-14
https://floridaautismservices.com/schools/good-shepherd-catholic-school-miami-fl,2026-05-14
https://floridaautismservices.com/schools/storybook-school-conway-llc-orlando-fl,2026-05-14
https://floridaautismservices.com/schools/center-academy-maitland-maitland-fl,2026-05-14
https://floridaautismservices.com/schools/permission-to-succeed-education-center-fort-lauderdale-fl,2026-05-14
https://floridaautismservices.com/schools/acil-international-high-school-llc-miami-fl,2026-05-14
https://floridaautismservices.com/schools/invictus-academy-tampa-bay-palm-harbor-fl,2026-05-14
https://floridaautismservices.com/schools/destiny-preparatory-academy-jacksonville-fl,2026-05-14
https://floridaautismservices.com/schools/apopka-innovation-technology-academy-apopka-fl,2026-05-14
https://floridaautismservices.com/schools/prew-academy-of-sarasota-inc-sarasota-fl,2026-05-14
https://floridaautismservices.com/schools/bli-learning-labs-pinellas-park-fl,2026-05-14
https://floridaautismservices.com/schools/kingdom-life-preparatory-academy-tallahassee-fl,2026-05-14
https://floridaautismservices.com/schools/shaarei-bina-torah-academy-for-girls-hollywood-fl,2026-05-14
https://floridaautismservices.com/schools/united-methodist-christian-school-palm-coast-fl,2026-05-14
https://floridaautismservices.com/schools/golden-path-academy-naples-fl,2026-05-14
https://floridaautismservices.com/schools/gustave-eiffel-academy-st-petersburg-fl,2026-05-14
https://floridaautismservices.com/schools/christ-children-academy-miami-gardens-fl,2026-05-14
https://floridaautismservices.com/schools/rainbow-montessori-multicultural-school-hollywood-fl,2026-05-14
https://floridaautismservices.com/schools/wildwood-academy-clearwater-fl,2026-05-14
https://floridaautismservices.com/providers/adventhealth-sports-med-and-rehab-innovation-tower-orlando-fl-9994,2026-05-14
https://floridaautismservices.com/schools/broach-school-southside-jacksonville-fl,2026-05-14
https://floridaautismservices.com/schools/yeshiva-elementary-north-miami-fl,2026-05-14
https://floridaautismservices.com/schools/mcglannan-school-miami-fl,2026-05-14
https://floridaautismservices.com/schools/unity-school-delray-beach-fl,2026-05-14
https://floridaautismservices.com/schools/miami-shores-presbyterian-church-school-miami-shores-fl,2026-05-14
https://floridaautismservices.com/schools/st-andrews-episcopal-academy-fort-pierce-fl,2026-05-14
https://floridaautismservices.com/schools/high-reach-learning-center-dba-small-world-palm-springs-fl,2026-05-14
https://floridaautismservices.com/schools/summit-questa-montessori-school-davie-fl,2026-05-14
https://floridaautismservices.com/schools/victory-performing-arts-academy-pace-fl,2026-05-14
https://floridaautismservices.com/schools/mother-clelia-morning-star-high-school-pensacola-fl,2026-05-14
https://floridaautismservices.com/schools/orlando-jewish-dayschool-orlando-fl,2026-05-14
https://floridaautismservices.com/schools/spark-learning-xii-miami-fl,2026-05-14
https://floridaautismservices.com/schools/the-ogburn-school-inc-se-atlantic-academy-fernandina-beach-fl,2026-05-14
https://floridaautismservices.com/schools/light-years-ahead-academy-altamonte-springs-fl,2026-05-14
https://floridaautismservices.com/schools/pensacola-private-school-of-liberal-arts-pensacola-fl,2026-05-14
https://floridaautismservices.com/schools/lakeview-academy-hialeah-fl,2026-05-14
https://floridaautismservices.com/schools/washington-county-christian-school-chipley-fl,2026-05-14
https://floridaautismservices.com/schools/masters-preparatory-school-north-miami-miami-fl,2026-05-14
https://floridaautismservices.com/schools/parkview-prep-academy-avon-park-fl,2026-05-14
https://floridaautismservices.com/schools/riverside-presbyterian-day-school-jacksonville-fl,2026-05-14
https://floridaautismservices.com/schools/whitney-m-young-academy-orlando-fl,2026-05-14
https://floridaautismservices.com/schools/liberty-baptist-academy-sarasota-fl,2026-05-14
https://floridaautismservices.com/schools/bolles-school-jacksonville-fl,2026-05-14
https://floridaautismservices.com/schools/the-center-of-languages-literacy-tampa-fl,2026-05-14
https://floridaautismservices.com/schools/westchester-academy-and-learning-center-miami-fl,2026-05-14
https://floridaautismservices.com/schools/the-kings-academy-west-palm-beach-fl,2026-05-14
https://floridaautismservices.com/schools/obridge-academy-west-palm-beach-fl,2026-05-14
https://floridaautismservices.com/schools/bright-chance-academy-sanford-fl,2026-05-14
https://floridaautismservices.com/schools/the-french-american-school-of-tampa-bay-st-petersburg-fl,2026-05-14
https://floridaautismservices.com/schools/banyan-day-school-coral-gables-fl,2026-05-14
https://floridaautismservices.com/schools/gtg-learning-center-miami-fl,2026-05-14
https://floridaautismservices.com/schools/victory-christian-academy-ocoee-fl,2026-05-14
https://floridaautismservices.com/schools/the-basilica-school-of-saint-mary-key-west-fl,2026-05-14
https://floridaautismservices.com/providers/acorn-health-aba-therapy-orlando-downtown-orlando-fl-6622,2026-05-14
https://floridaautismservices.com/providers/back-to-you-chiropractic-and-physical-therapy-fort-pierce-fl-9835,2026-05-14
https://floridaautismservices.com/schools/arlington-kindergarten-of-jax-inc-jacksonville-fl,2026-05-14
https://floridaautismservices.com/schools/edison-academics-bradenton-fl,2026-05-14
https://floridaautismservices.com/providers/my-big-world-inc-miami-fl-10011,2026-05-14
https://floridaautismservices.com/schools/passage-christian-academy-2-gainesville-fl,2026-05-14
https://floridaautismservices.com/schools/holy-temple-christian-academy-fort-lauderdale-fl,2026-05-14
https://floridaautismservices.com/schools/first-baptist-academy-naples-fl,2026-05-14
https://floridaautismservices.com/schools/new-gate-school-sarasota-fl,2026-05-14
https://floridaautismservices.com/schools/legacy-academy-tampa-fl,2026-05-14
https://floridaautismservices.com/schools/tdh-foundation-jacksonville-fl,2026-05-14
https://floridaautismservices.com/providers/early-steps-daytona-beach-125-n-ridgewood-ave-daytona-beach-fl-8875,2026-05-14
https://floridaautismservices.com/schools/northbay-christian-academy-clearwater-fl,2026-05-14
https://floridaautismservices.com/schools/lifeline-academy-palm-bay-fl,2026-05-14
https://floridaautismservices.com/schools/clewiston-christian-school-clewiston-fl,2026-05-14
https://floridaautismservices.com/schools/saint-anthony-school-fort-lauderdale-fl,2026-05-14
https://floridaautismservices.com/schools/the-light-academy-of-florida-llc-miramar-fl,2026-05-14
https://floridaautismservices.com/providers/therapeeds-family-center-davie-fl-7463,2026-05-14
https://floridaautismservices.com/schools/colonial-christian-school-homestead-fl,2026-05-14
https://floridaautismservices.com/providers/steps-therapy-center-corp-coral-gables-fl-7487,2026-05-14
https://floridaautismservices.com/providers/disability-determinations-office-tallahassee-fl-7373,2026-05-14
https://floridaautismservices.com/schools/starchild-academy-wekiva-apopka-fl,2026-05-14
https://floridaautismservices.com/schools/the-excellence-academy-leesburg-fl,2026-05-14
https://floridaautismservices.com/schools/hope-for-the-future-christian-academy-lauderhill-fl,2026-05-14
https://floridaautismservices.com/providers/creative-kids-therapy-inc-aba-therapy-miami-lakes-fl-6980,2026-05-14
https://floridaautismservices.com/resources/services/ados-testing,2026-05-14
https://floridaautismservices.com/schools/missionary-christian-academy-tampa-fl,2026-05-14
https://floridaautismservices.com/schools/judith-l-mans-academy-north-miami-fl,2026-05-14
https://floridaautismservices.com/schools/greater-horizons-academy-of-excellence-clermont-fl,2026-05-14
https://floridaautismservices.com/schools/cardinal-gibbons-high-school-fort-lauderdale-fl,2026-05-14
https://floridaautismservices.com/providers/bloom-behavioral-solutions-atlantic-beach-fl-9358,2026-05-14
https://floridaautismservices.com/daycare/rainbow-kids-pediatric-care-inc-miami,2026-05-14
https://floridaautismservices.com/providers/maximum-fitness-physical-therapy-sports-medicine-oakland-park-fl-9574,2026-05-14
https://floridaautismservices.com/providers/positive-behavior-services-fort-myers-fl,2026-05-14
https://floridaautismservices.com/providers/h2-health-ortega-jacksonville-fl-jacksonville-fl-10093,2026-05-14
https://floridaautismservices.com/providers/level-up-physical-therapy-wellness-palm-city-fl-9515,2026-05-14
https://floridaautismservices.com/providers/miracles-in-motion-inc-tampa-fl-6266,2026-05-14
https://floridaautismservices.com/providers/grove-communication-therapy-7650-live-oak-dr-coral-springs-fl-9226,2026-05-14
https://floridaautismservices.com/providers/innovative-pediatric-learning-center-of-miami-iplc-miami-fl-10329,2026-05-14
https://floridaautismservices.com/providers/ricci-psychology-partners-palm-beach-fl-7173,2026-05-14
https://floridaautismservices.com/providers/learning-steps-diagnostics-and-educational-center-llc-port-saint-lucie-port-st-lucie-fl-8600,2026-05-14
https://floridaautismservices.com/providers/arc-nature-coast-inc-spring-hill-fl-6333,2026-05-14
https://floridaautismservices.com/providers/alos-integrated-therapy-miami-fl-6035,2026-05-14
https://floridaautismservices.com/providers/in-motion-physical-therapy-orlando-fl-10403,2026-05-14
https://floridaautismservices.com/providers/heart-4-kids-therapy-llc-tampa-tampa-fl-10065,2026-05-14
https://floridaautismservices.com/providers/merricare-community-integrated-services-inc-delray-beach-fl-6455,2026-05-14
https://floridaautismservices.com/providers/3-cs-therapy-center-sanford-fl-9797,2026-05-14
https://floridaautismservices.com/providers/pt-works-jacksonville-st-augustine-jacksonville-fl-9553,2026-05-14
https://floridaautismservices.com/providers/orthopedic-physical-therapy-associates-llc-lakeland-fl-9710,2026-05-14
https://floridaautismservices.com/providers/project-speech-boynton-beach-fl-9328,2026-05-14
https://floridaautismservices.com/providers/wildflower-pediatric-therapy-yulee-fl-10234,2026-05-14
https://floridaautismservices.com/providers/optimize-physical-therapy-sports-performance-jacksonville-fl-9726,2026-05-14
https://floridaautismservices.com/providers/divine-choice-home-health-agency-llc-deland-fl-6077,2026-05-14
https://floridaautismservices.com/providers/martin-county-arc-stuart-fl-6462,2026-05-14
https://floridaautismservices.com/providers/central-fl-clinic-for-rehab-crystal-river-fl-6179,2026-05-14
https://floridaautismservices.com/providers/personal-independence-network-inc-port-st-lucie-fl-9148,2026-05-14
https://floridaautismservices.com/providers/empower-her-physical-therapy-wellness-pelvic-floor-therapist-fort-myers-fl-9727,2026-05-14
https://floridaautismservices.com/providers/weeks-wellness-tallahassee-fl-tallahassee-fl-9850,2026-05-14
https://floridaautismservices.com/providers/happy-kids-ppec-miami-lakes-fl-10019,2026-05-14
https://floridaautismservices.com/providers/special-communications-gainesville-fl-7068,2026-05-14
https://floridaautismservices.com/providers/robinson-chiropractic-physical-therapy-spring-hill-fl-9478,2026-05-14
https://floridaautismservices.com/providers/victory-provider-llc-gainesville-fl-6069,2026-05-14
https://floridaautismservices.com/providers/susan-goldstein-consulting-tallahassee-fl-6548,2026-05-14
https://floridaautismservices.com/providers/orlando-health-arnold-palmer-hospital-for-children-orlando-fl-9218,2026-05-14
https://floridaautismservices.com/providers/give-me-5-therapy-and-ppec-center-miami-fl-10378,2026-05-14
https://floridaautismservices.com/providers/fyzical-therapy-balance-centers-largo-east-largo-fl-10179,2026-05-14
https://floridaautismservices.com/providers/atlantic-physical-therapy-miami-beach-fl-6899,2026-05-14
https://floridaautismservices.com/providers/orlando-psychology-associates-orlando-fl-8220,2026-05-14
https://floridaautismservices.com/providers/lauren-allen-pt-ormond-beach-fl-10482,2026-05-14
https://floridaautismservices.com/schools/lake-highland-preparatory-school-orlando-fl,2026-05-14
https://floridaautismservices.com/providers/dragonfly-fit-and-fun-social-club-inc,2026-05-14
https://floridaautismservices.com/schools/synergy-school-of-tomorrow-fort-pierce-fl-2,2026-05-14
https://floridaautismservices.com/schools/genesis-montessori-gifted-academy-inc-tamarac-fl,2026-05-14
https://floridaautismservices.com/providers/apex-physical-therapy-fort-myers-fort-myers-fl-9784,2026-05-13
https://floridaautismservices.com/schools/saint-thomas-more-academy-sanford-fl,2026-05-13
https://floridaautismservices.com/schools/high-school-of-america-llc-coral-springs-fl,2026-05-13
https://floridaautismservices.com/schools/light-christian-academy-union-campus-lake-butler-fl,2026-05-13
https://floridaautismservices.com/schools/divine-savior-academy-delray-delray-beach-fl,2026-05-13
https://floridaautismservices.com/providers/health-behavorial-dimensions-inc-hallandale-beach-fl-6441,2026-05-13
https://floridaautismservices.com/schools/step-by-step-special-needs-academy-hialeah-fl,2026-05-13
https://floridaautismservices.com/schools/kentwood-preparatory-school-lantana-fl,2026-05-13
https://floridaautismservices.com/daycare/learning-tree-ppec-tampa-llc-tampa,2026-05-13
https://floridaautismservices.com/providers/life-concepts-inc-quest-inc-orlando-fl-6327,2026-05-13
https://floridaautismservices.com/schools/the-lotus-center-school-port-charlotte-fl,2026-05-13
https://floridaautismservices.com/providers/hopebridge-autism-therapy-center-orlando-7000-lake-ellenor-dr-orlando-fl-9125,2026-05-13
https://floridaautismservices.com/schools/coral-springs-preschool-coral-springs-fl,2026-05-13
https://floridaautismservices.com/providers/the-pediatric-feeding-institute-of-south-florida-boca-raton-fl-9347,2026-05-13
https://floridaautismservices.com/schools/steps-for-learning-preschool-center-hialeah-fl,2026-05-13
https://floridaautismservices.com/providers/krista-m-marchman-phd-orlando-fl-6862,2026-05-13
https://floridaautismservices.com/schools/life-preparatory-school-spring-hill-fl,2026-05-13
https://floridaautismservices.com/providers/wolfson-childrens-hospital-jacksonville-fl-7535,2026-05-13
https://floridaautismservices.com/schools/kindergarten-prep-north-port-fl,2026-05-12
https://floridaautismservices.com/providers/gainesville-opportunity-center-gainesville-fl-7020,2026-05-12
https://floridaautismservices.com/providers/capital-speech-language-therapy-services-tallahassee-fl-5849,2026-05-12
https://floridaautismservices.com/schools/american-royal-high-school-bradenton-fl,2026-05-12
https://floridaautismservices.com/providers/rejuvenate-physical-therapy-safety-harbor-fl-9509,2026-05-12
https://floridaautismservices.com/providers/my-kid-therapy-center-miami-fl-9284,2026-05-12
https://floridaautismservices.com/providers/behavior-management-consultants-4820-kerry-forest-pkwy-tallahassee-fl-7459,2026-05-12
https://floridaautismservices.com/providers/total-vitality-medical-group-clearwater-fl-9671,2026-05-12
https://floridaautismservices.com/providers/orlando-city-health-and-wellness-chiropractor-physical-therapy-massage-winter-park-fl-9490,2026-05-12
https://floridaautismservices.com/providers/sunshine-spot-tampa-fl-8937,2026-05-12
https://floridaautismservices.com/providers/macdonald-training-center-mtc-tampa-fl-7279,2026-05-12
https://floridaautismservices.com/providers/smith-and-smith-dental-associates-jacksonville-fl-6664,2026-05-12
https://floridaautismservices.com/providers/time-for-change-counseling-gainesville-fl-8856,2026-05-12
https://floridaautismservices.com/providers/life-skills-development-llc-west-palm-beach-fl-6595,2026-05-12
https://floridaautismservices.com/providers/soflopt-rehab-north-fort-lauderdale-fl-9564,2026-05-12
https://floridaautismservices.com/schools/sunrise-academy-orange-city-fl,2026-05-12
https://floridaautismservices.com/providers/greater-daytona-physical-therapy-previously-physio-med-daytona-holly-hill-fl-9762,2026-05-12
https://floridaautismservices.com/schools/the-academy-at-true-sanctuary-of-praise-riverview-fl,2026-05-12
https://floridaautismservices.com/schools/kids-now-academy-i-orlando-fl,2026-05-12
https://floridaautismservices.com/providers/triumph-physical-therapy-and-dry-needling-llc-ormond-beach-fl-9636,2026-05-12
https://floridaautismservices.com/schools/infinite-adventures-academy-coral-springs-fl,2026-05-12
https://floridaautismservices.com/providers/north-florida-speech-reading-specialists-orange-park-fl-9389,2026-05-12
https://floridaautismservices.com/providers/the-front-porch-daytona-beach-fl-7369,2026-05-12
https://floridaautismservices.com/providers/advance-therapy-center-miami-miami-fl-9744,2026-05-12
https://floridaautismservices.com/featured-daycares,2026-05-12
https://floridaautismservices.com/providers/supported-employment-and-living-self-inc-lutz-fl-6422,2026-05-12
https://floridaautismservices.com/providers/alignment-physical-therapy-hallandale-beach-fl-7622,2026-05-12
https://floridaautismservices.com/providers/florida-developmental-disabilities-council-tallahassee-fl-7046,2026-05-12
https://floridaautismservices.com/providers/sloane-stecker-physical-therapy-jupiter-jupiter-fl-9747,2026-05-12
https://floridaautismservices.com/providers/maria-dalrymple-ms-ccc-slp-clearwater-fl-6687,2026-05-12
https://floridaautismservices.com/schools/gateway-christian-academy-orange-city-fl,2026-05-12
https://floridaautismservices.com/providers/railey-associates-tallahassee-fl-7491,2026-05-12
https://floridaautismservices.com/providers/mountaineers-school-of-autism-west-palm-beach-fl-7395,2026-05-12
https://floridaautismservices.com/schools/nancys-land-learning-center-miami-fl,2026-05-12
https://floridaautismservices.com/providers/ruggiero-sports-medicine-injury-institute-coral-springs-fl-9597,2026-05-12
https://floridaautismservices.com/providers/lucienne-residential-services-inc-lake-worth-fl-6130,2026-05-12
https://floridaautismservices.com/providers/grand-health-institute-miami-fl-7985,2026-05-12
https://floridaautismservices.com/providers/pieces-behavioral-group-orlando-fl-7527,2026-05-12
https://floridaautismservices.com/providers/sense-able-brain-therapy-and-learning-services-lutz-fl-9387,2026-05-12
https://floridaautismservices.com/schools/community-learning-center-academy-clearwater-fl,2026-05-12
https://floridaautismservices.com/providers/childrens-behavior-therapy-miami-fl-6844,2026-05-11
https://floridaautismservices.com/providers/present-mind-llc-fort-myers-fl-9129,2026-05-11
https://floridaautismservices.com/providers/masterpiece-counseling-llc-lakeland-fl-9030,2026-05-11
https://floridaautismservices.com/providers/jacksonville-speech-hearing-center-jacksonville-fl-7215,2026-05-11
https://floridaautismservices.com/providers/stretch-zone-pembroke-pines-pembroke-pines-fl-8499,2026-05-11
https://floridaautismservices.com/providers/optimal-performance-and-physical-therapies-bayside-clearwater-fl-9937,2026-05-11
https://floridaautismservices.com/providers/hilton-roc-roza-o-roc-roza-o-hilton-services-spring-hill-fl-5768,2026-05-11
https://floridaautismservices.com/providers/pathway-to-purpose-care-services-spring-hill-fl-8667,2026-05-11
https://floridaautismservices.com/providers/grow-together-family-therapy-tampa-fl-7164,2026-05-11
https://floridaautismservices.com/providers/jewish-assn-for-residential-care-boca-raton-fl-5886,2026-05-11
https://floridaautismservices.com/providers/the-orchard-aba-llc-tallahassee-fl-6545,2026-05-11
https://floridaautismservices.com/schools/grace-community-school-of-naples-park-naples-fl,2026-05-11
https://floridaautismservices.com/providers/the-stables-on-buck-lake-tallahassee-fl-10531,2026-05-11
https://floridaautismservices.com/providers/nextgen-physical-therapy-miami-fl-9691,2026-05-11
https://floridaautismservices.com/providers/arc-gateway-inc-pensacola-fl-6276,2026-05-11
https://floridaautismservices.com/providers/tript-maitland-fl-9730,2026-05-11
https://floridaautismservices.com/providers/florida-rehabilitation-hospital-at-tampa-temple-terrace-fl-10074,2026-05-11
https://floridaautismservices.com/providers/jaguar-therapeutics-miami-miami-fl-9770,2026-05-11
https://floridaautismservices.com/providers/grove-therapy-carolyn-wheeler-garcia-licensed-psychotherapist-miami-fl-7249,2026-05-11
https://floridaautismservices.com/providers/beachside-physical-therapy-downtown-melbourne-melbourne-fl-10134,2026-05-11
https://floridaautismservices.com/providers/rescare-community-living-gainesville-fl-gainesville-fl-6726,2026-05-11
https://floridaautismservices.com/providers/palm-beach-speech-ot-specialists-west-palm-beach-fl-6950,2026-05-11
https://floridaautismservices.com/providers/the-laporta-center-spring-hill-fl-8870,2026-05-11
https://floridaautismservices.com/providers/physical-therapy-now-brickell-miami-fl-9894,2026-05-11
https://floridaautismservices.com/schools/rock-solid-christian-academy-okeechobee-fl,2026-05-11
https://floridaautismservices.com/providers/baycare-kids-specialty-center-mease-countryside-clearwater-fl-5861,2026-05-11
https://floridaautismservices.com/providers/quality-care-services-of-nw-fl-llc-marianna-fl-6096,2026-05-11
https://floridaautismservices.com/schools/bishop-mclaughlin-catholic-high-east-st-leo-fl,2026-05-11
https://floridaautismservices.com/churches/campus-church-pensacola-fl,2026-05-11
https://floridaautismservices.com/schools/first-baptist-brandon-christian-academy-brandon-fl,2026-05-11
https://floridaautismservices.com/providers/stepping-stone-kids-therapy-llc-naples-naples-fl-9363,2026-05-11
https://floridaautismservices.com/providers/broad-horizons-speech-therapy-jacksonville-fl-9357,2026-05-11
https://floridaautismservices.com/providers/special-equestrians-of-the-treasure-coast-inc-vero-beach-fl-10535,2026-05-11
https://floridaautismservices.com/providers/palm-beach-behavioral-health-wellness-palm-beach-gardens-fl-7181,2026-05-11
https://floridaautismservices.com/providers/equine-assisted-therapies-of-south-florida-coconut-creek-fl-7824,2026-05-11
https://floridaautismservices.com/providers/select-physical-therapy-downtown-fort-lauderdale-fl-8498,2026-05-11
https://floridaautismservices.com/providers/clear-communication-therapy-jacksonville-fl-6531,2026-05-11
https://floridaautismservices.com/providers/gold-coast-physical-therapy-palm-beach-gardens-palm-beach-gardens-fl-9493,2026-05-11
https://floridaautismservices.com/providers/sos-therapy-group-sebastian-fl-9376,2026-05-11
https://floridaautismservices.com/schools/sousa-tutor-coconut-creek-fl,2026-05-11
https://floridaautismservices.com/providers/inspire-health-pt-miami-physical-therapy-and-performance-miami-fl-9695,2026-05-11
https://floridaautismservices.com/providers/lets-talk-counseling-and-services-llc-orlando-fl-7117,2026-05-11
https://floridaautismservices.com/schools/just-kids-centers-inc-miami-fl,2026-05-11
https://floridaautismservices.com/providers/oasis-specialized-therapy-care-hollywood-hollywood-fl-9874,2026-05-11
https://floridaautismservices.com/providers/cora-physical-therapy-carrollwood-tampa-fl-9846,2026-05-11
https://floridaautismservices.com/providers/select-physical-therapy-coconut-grove-miami-fl-6902,2026-05-11
https://floridaautismservices.com/providers/oreo-physical-therapy-llc-port-st-lucie-fl-9516,2026-05-11
https://floridaautismservices.com/providers/aiding-with-care-health-services-inc-oakland-park-fl-10344,2026-05-11
https://floridaautismservices.com/providers/project-brilliance-lake-worth-lake-worth-fl-10573,2026-05-11
https://floridaautismservices.com/schools/building-bridges-academy-silver-springs-fl,2026-05-11
https://floridaautismservices.com/providers/quarles-make-a-change-foundation-501c3-non-profit-organization-tampa-fl-8891,2026-05-11
https://floridaautismservices.com/schools/westwood-christian-school-live-oak-fl,2026-05-11
https://floridaautismservices.com/providers/dr-tripp-associates-port-st-lucie-port-st-lucie-fl-8905,2026-05-11
https://floridaautismservices.com/providers/memorial-medical-fitness-west-pembroke-pines-fl-9801,2026-05-10
https://floridaautismservices.com/providers/azul-therapy-services-inc-2140-w-flagler-st-miami-fl-10154,2026-05-10
https://floridaautismservices.com/providers/carringtons-caring-angels-llc-st-petersburg-fl-6413,2026-05-10
https://floridaautismservices.com/providers/haile-market-therapy-behavioral-gainesville-fl-8039,2026-05-10
https://floridaautismservices.com/providers/carolines-speech-retreat-llc-tallahassee-pediatric-speech-therapy-tallahassee-fl-6648,2026-05-10
https://floridaautismservices.com/providers/select-physical-therapy-east-pembroke-pines-hollywood-fl-7620,2026-05-10
https://floridaautismservices.com/providers/pediatric-perinatal-chiropractic-center-fort-myers-fl-6820,2026-05-10
https://floridaautismservices.com/providers/exceptional-speech-therapy-doral-fl-9386,2026-05-10
https://floridaautismservices.com/providers/select-physical-therapy-largo-largo-fl-8423,2026-05-10
https://floridaautismservices.com/providers/behavioral-learning-systems-inc-gainesville-fl-7007,2026-05-10
https://floridaautismservices.com/providers/beans-behavior-analysis-services-coral-gables-fl-7306,2026-05-10
https://floridaautismservices.com/providers/play-and-learn-therapy-inc-oakland-park-fl-6838,2026-05-10
https://floridaautismservices.com/schools/brevard-christian-early-intervention-center-cocoa-fl,2026-05-10
https://floridaautismservices.com/providers/nathaniels-hope-orlando-fl-10347,2026-05-10
https://floridaautismservices.com/providers/juliana-ochoa-lmhc-sorrento-fl-10547,2026-05-10
https://floridaautismservices.com/providers/pioneer-nursing-services-inc-coral-springs-fl-10350,2026-05-10
https://floridaautismservices.com/providers/katz-counseling-and-educational-psychology-fort-myers-fl-5982,2026-05-10
https://floridaautismservices.com/providers/november-associates-therapy-center-port-saint-lucie-port-st-lucie-fl-10410,2026-05-10
https://floridaautismservices.com/schools/latoya-crawford-academy-of-arts-academics-tallahassee-fl,2026-05-10
https://floridaautismservices.com/providers/fsu-center-for-autism-tallahassee-fl-9265,2026-05-10
https://floridaautismservices.com/providers/select-physical-therapy-aventura-miami-fl-6927,2026-05-10
https://floridaautismservices.com/schools/dade-christian-school-miami-fl,2026-05-10
https://floridaautismservices.com/providers/cora-physical-therapy-regency-jacksonville-fl-9862,2026-05-10
https://floridaautismservices.com/providers/st-josephs-childrens-pediatric-rehabilitation-services-tampa-fl-10210,2026-05-10
https://floridaautismservices.com/providers/northstar-ppec-fort-lauderdale-fl-10111,2026-05-10
https://floridaautismservices.com/schools/washington-classical-christian-school-saint-augustine-fl,2026-05-10
https://floridaautismservices.com/schools/treasure-coast-baptist-academy-ft-pierce-fl,2026-05-10
https://floridaautismservices.com/providers/evolve-behavior-therapy-services-fort-myers-fl-6937,2026-05-10
https://floridaautismservices.com/schools/montessori-way-school-orlando-fl,2026-05-10
https://floridaautismservices.com/schools/magic-kids-learning-center-ii-hialeah-gardens-fl,2026-05-10
https://floridaautismservices.com/schools/forest-lake-academy-fruitland-park-fl,2026-05-10
https://floridaautismservices.com/providers/cornerstone-therapy-services-inc-melbourne-fl-10280,2026-05-10
https://floridaautismservices.com/schools/ignite-academy-tarpon-springs-fl,2026-05-10
https://floridaautismservices.com/providers/kindcare-therapy-ocoee-fl-9370,2026-05-10
https://floridaautismservices.com/providers/therapy-care-port-charlotte-port-charlotte-fl-10271,2026-05-10
https://floridaautismservices.com/schools/waldorf-school-of-palm-beach-boca-raton-fl,2026-05-10
https://floridaautismservices.com/providers/me-u-abilities-academy-llc-me-u-abilities-academy-largo-fl-5890,2026-05-10
https://floridaautismservices.com/schools/gospel-baptist-christian-school-bonita-springs-fl,2026-05-10
https://floridaautismservices.com/providers/our-speech-garden-llc-tampa-fl-9254,2026-05-10
https://floridaautismservices.com/providers/pedipec-ppec-lauderhill-fl-7144,2026-05-10
https://floridaautismservices.com/providers/movement-driven-performance-physiotherapy-jacksonville-jacksonville-fl-9546,2026-05-10
https://floridaautismservices.com/providers/apollo-beach-therapy-center-apollo-beach-fl-9351,2026-05-10
https://floridaautismservices.com/providers/asr-sports-medicine-miami-beach-miami-beach-fl-9779,2026-05-10
https://floridaautismservices.com/providers/cue-counseling-center-lakeland-fl-9116,2026-05-09
https://floridaautismservices.com/schools/purpose-private-christian-academies-inc-zephyrhills-fl,2026-05-09
https://floridaautismservices.com/schools/the-stepping-stone-daycare-llc-clearwater-fl,2026-05-09
https://floridaautismservices.com/providers/sanford-pelvic-therapy-and-wellness-sanford-fl-8527,2026-05-09
https://floridaautismservices.com/schools/laurel-wreath-academy-port-charlotte-fl,2026-05-09
https://floridaautismservices.com/schools/lords-kingdom-academy-inc-orlando-fl,2026-05-09
https://floridaautismservices.com/providers/cora-physical-therapy-lakeland-lakeland-fl-9854,2026-05-09
https://floridaautismservices.com/schools/img-academy-bradenton-fl,2026-05-09
https://floridaautismservices.com/schools/tutor-me-daycare-academy-hialeah-fl,2026-05-09
https://floridaautismservices.com/providers/persons-with-disabilities-agency-lakeland-lakeland-fl-6760,2026-05-09
https://floridaautismservices.com/schools/ic-academy-jacksonville-fl,2026-05-09
https://floridaautismservices.com/providers/early-intervention-program-florida-early-steps-infants-toddlers-lakeland-lakeland-fl-7336,2026-05-09
https://floridaautismservices.com/providers/moving-mountains-inc-hernando-fl-6381,2026-05-09
https://floridaautismservices.com/providers/small-steps-pediatric-therapy-port-st-lucie-fl-6858,2026-05-09
https://floridaautismservices.com/providers/joyful-motion-palm-harbor-fl-10051,2026-05-09
https://floridaautismservices.com/schools/little-kids-learning-center-llc-miami-fl,2026-05-09
https://floridaautismservices.com/schools/pensacola-learning-academy-cantonment-fl,2026-05-09
https://floridaautismservices.com/providers/adventhealth-pediatric-rehab-east-orlando-orlando-fl-6647,2026-05-09
https://floridaautismservices.com/schools/the-verdi-ecoschool-melbourne-fl,2026-05-09
https://floridaautismservices.com/providers/kavalier-group-home-llc-palm-harbor-fl-6111,2026-05-09
https://floridaautismservices.com/providers/bridge-therapy-coral-springs-coral-springs-fl-7391,2026-05-09
https://floridaautismservices.com/providers/baumberger-enterprises-inc-homestead-fl-6217,2026-05-09
https://floridaautismservices.com/providers/equanimity-behavioral-services-pembroke-pines-pembroke-pines-fl-6621,2026-05-09
https://floridaautismservices.com/schools/progress-village-academy-tampa-fl,2026-05-09
https://floridaautismservices.com/schools/kids-haven-academy-sunrise-sunrise-fl,2026-05-09
https://floridaautismservices.com/providers/maximum-achievers-llc-palm-springs-palm-springs-fl-8603,2026-05-08
https://floridaautismservices.com/providers/physical-therapy-services-miami-8390-w-flagler-st-miami-fl-5790,2026-05-08
https://floridaautismservices.com/schools/intentional-provisions-outreach-corporation-homestead-fl,2026-05-08
https://floridaautismservices.com/providers/persons-with-disabilities-agency-west-palm-beach-west-palm-beach-fl-7398,2026-05-08
https://floridaautismservices.com/providers/speech-pathways-of-st-johns-jacksonville-fl-9298,2026-05-08
https://floridaautismservices.com/schools/forest-trail-academy-west-palm-beach-fl,2026-05-08
https://floridaautismservices.com/providers/damron-counseling-738-e-park-ave-tallahassee-fl-8991,2026-05-08
https://floridaautismservices.com/schools/st-catherine-catholic-school-2-sebring-fl,2026-05-07
https://floridaautismservices.com/schools/mt-calvary-sda-jr-academy-tampa-fl,2026-05-07
https://floridaautismservices.com/providers/gainesville-community-counseling-center-gainesville-fl-7065,2026-05-07
https://floridaautismservices.com/schools/center-academy-st-johns-bluff-jacksonville-fl,2026-05-07
https://floridaautismservices.com/schools/apple-learning-center-miami-fl,2026-05-07
https://floridaautismservices.com/schools/montessori-preparatory-school-of-marion-llc-ocala-fl,2026-05-07
https://floridaautismservices.com/schools/childrens-world-south-of-davie-davie-fl,2026-05-07
https://floridaautismservices.com/schools/montessori-world-school-orlando-fl,2026-05-07
https://floridaautismservices.com/schools/sunrise-pine-school-miami-fl,2026-05-07
https://floridaautismservices.com/schools/grace-christian-schools-of-pasco-hudson-fl,2026-05-07
https://floridaautismservices.com/schools/light-christian-academy-south-campus-gotha-fl,2026-05-07
https://floridaautismservices.com/providers/the-playful-minds-psychology-center-of-south-florida-davie-fl-6717,2026-05-07
https://floridaautismservices.com/providers/breakthrough-pediatric-therapy-services-satellite-8075-nw-15th-manor-plantation-fl-9411,2026-05-06
https://floridaautismservices.com/schools/covenant-journey-academy-maitland-fl,2026-05-06
https://floridaautismservices.com/schools/divine-academy-of-volusia-county-orange-city-fl,2026-05-06
https://floridaautismservices.com/schools/hidden-hands-academy-stpetersburg-fl,2026-05-05
https://floridaautismservices.com/schools/the-way-academy-minneola-fl,2026-05-05
https://floridaautismservices.com/schools/carrollwood-day-school-tampa-fl,2026-05-05
https://floridaautismservices.com/providers/angels-unique-llc-dade-city-fl-6244,2026-05-05
https://floridaautismservices.com/schools/rfm-christian-academy-cocoa-fl,2026-05-05
https://floridaautismservices.com/schools/heritage-baptist-academy-titusville-fl,2026-05-05
https://floridaautismservices.com/schools/esthers-school-new-port-richey-new-port-richey-fl,2026-05-05
https://floridaautismservices.com/schools/new-dominion-christian-academy-pompano-beach-fl,2026-05-05
https://floridaautismservices.com/providers/center-for-independent-living-of-gulf-coast-fort-myers-fl-6811,2026-05-05
https://floridaautismservices.com/schools/the-balanced-scholar-santa-rosa-beach-fl,2026-05-05
https://floridaautismservices.com/schools/banana-river-baptist-academy-merritt-island-fl,2026-05-05
https://floridaautismservices.com/schools/kids-learning-center-of-south-dade-iii-miami-fl,2026-05-05
https://floridaautismservices.com/providers/care-spine-and-sports-health-jean-guy-yoma-souffrant-md-mspt-melbourne-fl-9787,2026-05-05
https://floridaautismservices.com/providers/whats-on-your-mind-inc-psychology-tutoring-brain-training-miami-lakes-fl-6686,2026-05-05
https://floridaautismservices.com/providers/dynamic-steps-aba-therapy-llc-west-palm-beach-fl-6964,2026-05-05
https://floridaautismservices.com/schools/the-growing-place-coral-gables-fl,2026-05-05
https://floridaautismservices.com/providers/cypress-place-hollywood-fl-6323,2026-05-04
https://floridaautismservices.com/schools/saint-agatha-school-miami-fl,2026-05-04
https://floridaautismservices.com/providers/studer-family-childrens-hospital-pediatric-rehabilitation-pace-pace-fl-10079,2026-05-04
https://floridaautismservices.com/schools/mangrove-school-of-sarasota-sarasota-fl,2026-05-04
https://floridaautismservices.com/schools/parkhurst-academy-inc-melbourne-fl,2026-05-04
https://floridaautismservices.com/providers/accessibility-solutions-tallahassee-fl-5820,2026-05-04
https://floridaautismservices.com/schools/the-hive-learning-co-sanford-fl,2026-05-04
https://floridaautismservices.com/schools/holy-cross-christian-academy-inc-live-oak-fl,2026-05-04
https://floridaautismservices.com/schools/zoe-live-creative-arts-academy-inc-fort-pierce-fl,2026-05-04
https://floridaautismservices.com/schools/montessori-academy-pembroke-pines-fl,2026-05-04
https://floridaautismservices.com/schools/st-andrews-academy-brandon-fl,2026-05-04
https://floridaautismservices.com/schools/stetson-baptist-christian-school-deland-fl,2026-05-04
https://floridaautismservices.com/schools/north-hialeah-christian-school-hialeah-fl,2026-05-04
https://floridaautismservices.com/providers/yelena-merkina-ms-ccc-slp-tssld-boca-raton-fl-6697,2026-05-04
https://floridaautismservices.com/providers/bumblebee-academy-fort-pierce,2026-05-04
https://floridaautismservices.com/schools/landmark-christian-academy-haines-city-fl,2026-05-04
https://floridaautismservices.com/schools/candlelight-christian-academy-lake-wales-fl,2026-05-04
https://floridaautismservices.com/providers/optimal-performance-physical-therapies-clearwater-fl-9936,2026-05-04
https://floridaautismservices.com/providers/blue-care-behavior-therapy-jacksonville-fl-8879,2026-05-04
https://floridaautismservices.com/schools/sparta-christian-academy-sebring-fl,2026-05-04
https://floridaautismservices.com/schools/north-dade-regional-academy-miami-gardens-fl,2026-05-04
https://floridaautismservices.com/providers/easterseals-camp-challenge-sorrento-fl,2026-05-04
https://floridaautismservices.com/providers/all-about-me-supports-services-inc-miami-fl-6194,2026-05-04
https://floridaautismservices.com/schools/soundside-montessori-academy-gulf-breeze-fl,2026-05-04
https://floridaautismservices.com/schools/walk-by-faith-christian-school-lake-wales-fl,2026-05-04
https://floridaautismservices.com/schools/methodist-school-center-brooksville-fl,2026-05-04
https://floridaautismservices.com/schools/the-potters-academy-clermont-fl,2026-05-04
https://floridaautismservices.com/schools/st-peters-preschool-kindergarten-lake-mary-fl,2026-05-04
https://floridaautismservices.com/providers/devereux-advanced-behavioral-health-winter-park-campus-winter-park-fl-6674,2026-05-04
https://floridaautismservices.com/providers/best-buddies-west-palm-beach-fl-7015,2026-05-04
https://floridaautismservices.com/schools/integrity-christian-academy-groveland-fl,2026-05-04
https://floridaautismservices.com/schools/gideon-school-of-arts-technology-agricult-jacksonville-fl,2026-05-04
https://floridaautismservices.com/schools/reef-prep-south-miami-fl,2026-05-04
https://floridaautismservices.com/schools/heart-of-a-child-learning-center-kissimmee-fl,2026-05-04
https://floridaautismservices.com/schools/spanish-river-christian-boca-raton-fl,2026-05-04
https://floridaautismservices.com/schools/southland-christian-school-kissimmee-fl,2026-05-04
https://floridaautismservices.com/schools/montessori-club-llc-kissimmee-fl,2026-05-04
https://floridaautismservices.com/providers/glory-to-god-care-ppec-fort-lauderdale-fort-lauderdale-fl-7959,2026-05-04
https://floridaautismservices.com/schools/ecokids-bilingual-preschools-coral-springs-fl,2026-05-04
https://floridaautismservices.com/providers/florida-center-early-childhood-north-port-fl,2026-05-04
https://floridaautismservices.com/schools/classical-christian-academy-inc-north-fort-myers-fl,2026-05-04
https://floridaautismservices.com/providers/therapy-alliance-inc-miami-lakes-miami-lakes-fl-9417,2026-05-04
https://floridaautismservices.com/schools/sun-city-academy-miami-fl,2026-05-04
https://floridaautismservices.com/schools/life-skills-academy-campus-2-lake-alfred-fl,2026-05-04
https://floridaautismservices.com/schools/ces-academy-bradenton-fl,2026-05-04
https://floridaautismservices.com/schools/persimmon-early-learning-academy-llc-gainesville-fl,2026-05-04
https://floridaautismservices.com/providers/er-health-care-inc-miami-fl-5766,2026-05-04
https://floridaautismservices.com/schools/connections-education-center-palm-beaches,2026-05-04
https://floridaautismservices.com/schools/blessed-sacrament-catholic-school-seminole-fl,2026-05-04
https://floridaautismservices.com/providers/pediatric-therapy-associates-fort-lauderdale-fl-10244,2026-05-04
https://floridaautismservices.com/providers/easterseals-at-edgars-farm-new-smyrna-beach-fl,2026-05-04
https://floridaautismservices.com/schools/graham-private-christian-high-school-tallahassee-fl,2026-05-04
https://floridaautismservices.com/schools/starchild-academy-winter-garden-winter-garden-fl,2026-05-04
https://floridaautismservices.com/schools/assumption-catholic-school-jacksonville-fl,2026-05-04
https://floridaautismservices.com/schools/young-hearts-child-development-pre-k-2-jacksonville-fl,2026-05-04
https://floridaautismservices.com/schools/saint-anthony-catholic-school-san-antonio-fl,2026-05-04
https://floridaautismservices.com/schools/montessori-bilingual-academy-of-rockledge-rockledge-fl,2026-05-04
https://floridaautismservices.com/schools/bear-lake-christian-school-apopka-fl,2026-05-04
https://floridaautismservices.com/providers/hammer-orthopaedics-sports-medicine-palm-bay-palm-bay-fl-9463,2026-05-04
https://floridaautismservices.com/schools/graceway-academy-ocala-fl,2026-05-04
https://floridaautismservices.com/providers/untamed-therapy-consulting-emdr-certified-trauma-therapy-in-swfl-cape-coral-fl-6491,2026-05-04
https://floridaautismservices.com/schools/port-charlotte-adventist-school-port-charlotte-fl,2026-05-04
https://floridaautismservices.com/schools/michael-ann-russell-jcc-north-miami-beach-fl,2026-05-04
https://floridaautismservices.com/schools/next-steps-academy-orlando-fl,2026-05-04
https://floridaautismservices.com/schools/priceless-treasures-academy-palmdale-fl,2026-05-04
https://floridaautismservices.com/providers/early-intervention-solutions-llc-land-o-lakes-fl-10202,2026-05-04
https://floridaautismservices.com/schools/zarephath-academy-jacksonville-fl,2026-05-04
https://floridaautismservices.com/schools/cheder-chabad-inc-boynton-beach-fl,2026-05-04
https://floridaautismservices.com/providers/saylor-physical-therapy-west-palm-beach-west-palm-beach-fl-9436,2026-05-04
https://floridaautismservices.com/providers/regional-rehab-spring-hill-fl-9484,2026-05-04
https://floridaautismservices.com/schools/saint-matthews-catholic-school-jacksonville-fl,2026-05-04
https://floridaautismservices.com/schools/kipe-academy-winter-haven-fl,2026-05-04
https://floridaautismservices.com/schools/in-your-hands-behavior-north-fort-myers-fl,2026-05-04
https://floridaautismservices.com/providers/terlep-chiropractic-spring-hill-fl-9632,2026-05-04
https://floridaautismservices.com/schools/englewood-christian-school-englewood-fl,2026-05-04
https://floridaautismservices.com/schools/parkland-international-music-arts-school-parkland-fl,2026-05-04
https://floridaautismservices.com/resources/daycares/head-start,2026-05-04
https://floridaautismservices.com/schools/katz-hillel-day-school-of-boca-raton-boca-raton-fl,2026-05-04
https://floridaautismservices.com/providers/katherine-schulz-ot-fort-myers-fl-8945,2026-05-04
https://floridaautismservices.com/schools/acton-academy-central-miami-south-miami-fl,2026-05-04
https://floridaautismservices.com/providers/easterseals-south-florida-miami-gardens-ophelia-brown-fl,2026-05-04
https://floridaautismservices.com/daycare/tender-care-medical-services-inc-dunnellon,2026-05-04
https://floridaautismservices.com/schools/smart-horizons-career-online-high-school-pompano-beach-fl,2026-05-04
https://floridaautismservices.com/schools/jewish-leadership-academy-inc-miami-fl,2026-05-04
https://floridaautismservices.com/schools/pine-crest-school-fort-lauderdale-fl,2026-05-04
https://floridaautismservices.com/daycare/starfish-academy-fl-center-for-early-childhood,2026-05-04
https://floridaautismservices.com/providers/horizons-pediatric-center-ppec-b2-b2-fl-10161,2026-05-04
https://floridaautismservices.com/schools/tuskawilla-learning-center-oviedo-fl,2026-05-04
https://floridaautismservices.com/schools/watch-me-grow-learning-center-iv-miami-fl,2026-05-04
https://floridaautismservices.com/schools/shelton-academy-doral-fl,2026-05-04
https://floridaautismservices.com/resources/daycares/ppec,2026-05-04
https://floridaautismservices.com/providers/cora-physical-therapy-westchester-miami-fl-9951,2026-05-04
https://floridaautismservices.com/schools/ladybird-academy-of-st-cloud-saint-cloud-fl,2026-05-04
https://floridaautismservices.com/schools/shaping-academy-miami-fl,2026-05-04
https://floridaautismservices.com/schools/saint-john-neumann-catholic-high-school-inc-naples-fl,2026-05-04
https://floridaautismservices.com/providers/select-physical-therapy-plant-city-east-plant-city-fl-8545,2026-05-04
https://floridaautismservices.com/schools/web-of-wisdom-holiday-fl,2026-05-04
https://floridaautismservices.com/schools/tabernacle-christian-school-bradenton-fl,2026-05-04
https://floridaautismservices.com/providers/schott-memorial-center-inc-cooper-city-fl-6313,2026-05-04
https://floridaautismservices.com/providers/fsu-communication-and-early-childhood-research-and-practice-cec-rap-center-tallahassee-fl-10312,2026-05-04
https://floridaautismservices.com/providers/just-for-kidz-therapy-4903-nw-55th-blvd-coconut-creek-fl-9830,2026-05-04
https://floridaautismservices.com/providers/your-narrative-counseling-therapeutic-services-hollywood-fl-7312,2026-05-04
https://floridaautismservices.com/schools/my-school-gainesville-fl,2026-05-04
https://floridaautismservices.com/schools/trinity-christian-academy-hialeah-fl,2026-05-04
https://floridaautismservices.com/providers/leon-advocacy-and-resource-ctrinc-tallahassee-fl-5771,2026-05-04
https://floridaautismservices.com/providers/lifestance-health-sanford,2026-05-04
https://floridaautismservices.com/providers/beachside-rehab-west-palm-beach-fl-7171,2026-05-04
https://floridaautismservices.com/resources/daycares/ese-prek,2026-05-04
https://floridaautismservices.com/providers/h2t-pt-llc-north-miami-beach-north-miami-beach-fl-9525,2026-05-04
https://floridaautismservices.com/providers/lemon-city-collective-miami-fl-10000,2026-05-04
https://floridaautismservices.com/providers/drennan-camille-a-stuart-fl-6184,2026-05-04
https://floridaautismservices.com/schools/florida-autism-center-of-excellence-face,2026-05-04
https://floridaautismservices.com/schools/stars-global-preparatory-miami-fl,2026-05-04
https://floridaautismservices.com/schools/the-nature-school-santa-rosa-beach-fl,2026-05-02
https://floridaautismservices.com/churches/first-baptist-church-merritt-island-fl,2026-05-02
https://floridaautismservices.com/providers/fashionable-canes-largo-fl-8924,2026-05-02
https://floridaautismservices.com/schools/queen-of-angels-academy-bradenton-fl,2026-05-01
https://floridaautismservices.com/providers/aura-occupational-therapy-hollywood-fl-6736,2026-05-01
https://floridaautismservices.com/providers/language-link-therapy-davie-fl-10114,2026-05-01
https://floridaautismservices.com/providers/fsu-multidisciplinary-center-tallahassee-fl-9046,2026-05-01
https://floridaautismservices.com/providers/remarkable-recovery-rehab-oakland-park-fl-9438,2026-05-01
https://floridaautismservices.com/schools/cutler-bay-christian-academy-miami-fl,2026-05-01
https://floridaautismservices.com/resources/services/respite-care,2026-05-01
https://floridaautismservices.com/schools/osceola-christian-prep-school-downtown-kissimmee-fl,2026-05-01
https://floridaautismservices.com/providers/little-leaves-behavioral-services-miami-lakes-miami-lakes-fl-7103,2026-05-01
https://floridaautismservices.com/schools/little-sprouts-learning-center-llc-palatka-fl,2026-05-01
https://floridaautismservices.com/schools/redeemer-lutheran-school-stuart-fl,2026-05-01
https://floridaautismservices.com/schools/orangewood-christian-school-7-12-maitland-fl,2026-05-01
https://floridaautismservices.com/providers/alvarez-and-suarez-support-inc-north-miami-fl-6359,2026-05-01
https://floridaautismservices.com/schools/my-happy-house-hialeah-fl,2026-05-01
https://floridaautismservices.com/providers/speech-and-language-center-of-the-palm-beaches-lake-worth-fl-9184,2026-05-01
https://floridaautismservices.com/schools/apex-christian-academy-st-augustine-fl,2026-05-01
https://floridaautismservices.com/schools/livingstone-academy-autism-center-valrico-fl,2026-05-01
https://floridaautismservices.com/schools/center-academy-waterford-lakes-orlando-fl,2026-05-01
https://floridaautismservices.com/schools/american-montessori-preparatory-school-tampa-fl,2026-05-01
https://floridaautismservices.com/schools/the-voyager-early-learning-center-n-miami-fl,2026-05-01
https://floridaautismservices.com/providers/proud-moments-aba-jacksonville-fl-7457,2026-05-01
https://floridaautismservices.com/schools/orlando-girls-jewish-high-school-orlando-fl,2026-05-01
https://floridaautismservices.com/schools/mission-of-god-academy-inc-hialeah-fl,2026-05-01
https://floridaautismservices.com/providers/bright-kids-behavior-inc-west-palm-beach-fl-6703,2026-05-01
https://floridaautismservices.com/providers/play-works-therapy-development-jacksonville-fl-9354,2026-05-01
https://floridaautismservices.com/schools/meadowbrook-academy-inc-ocala-fl,2026-05-01
https://floridaautismservices.com/providers/project-brilliance-stuart-stuart-fl-10574,2026-05-01
https://floridaautismservices.com/schools/st-johns-country-day-school-orange-park-fl,2026-05-01
https://floridaautismservices.com/schools/first-christian-academy-new-port-richey-fl,2026-05-01
https://floridaautismservices.com/schools/global-pathway-academy-land-o-lakes-fl,2026-05-01
https://floridaautismservices.com/schools/star-lab-sarasota-fl,2026-05-01
https://floridaautismservices.com/schools/allison-academy-north-miami-beach-fl,2026-05-01
https://floridaautismservices.com/providers/family-enrichment-center-tampa-fl-7329,2026-04-30
https://floridaautismservices.com/schools/montealegre-senior-high-school-miami-fl,2026-04-30
https://floridaautismservices.com/providers/ellie-mental-health-weston-weston-fl-10375,2026-04-30
https://floridaautismservices.com/schools/principles-of-faith-academy-llc-lakeland-fl,2026-04-30
https://floridaautismservices.com/schools/new-angels-day-care-miami-lakes-fl,2026-04-30
https://floridaautismservices.com/providers/children-in-motion-coral-gables-fl-9335,2026-04-30
https://floridaautismservices.com/schools/little-peoples-christian-daycare-academy-zephyrhills-fl,2026-04-30
https://floridaautismservices.com/schools/newberry-christian-community-school-gainesville-fl,2026-04-30
https://floridaautismservices.com/schools/impact-academy-school-seffner-fl,2026-04-30
https://floridaautismservices.com/providers/serenity-of-mind-inc-jacksonville-fl-5944,2026-04-29
https://floridaautismservices.com/providers/adventhealth-sports-med-rehab-winter-park-winter-park-fl-9984,2026-04-29
https://floridaautismservices.com/schools/deland-preparatory-academy-deland-fl,2026-04-29
https://floridaautismservices.com/providers/bold-city-therapy-and-wellness-jacksonville-fl-9716,2026-04-29
https://floridaautismservices.com/providers/akl-pediatric-therapy-longwood-longwood-fl-10248,2026-04-29
https://floridaautismservices.com/schools/30a-learning-academy-santa-rosa-beach-fl,2026-04-29
https://floridaautismservices.com/providers/blue-minds-llc-pembroke-pines-fl-7067,2026-04-29
https://floridaautismservices.com/providers/b-able-llc-hollywood-fl-6310,2026-04-29
https://floridaautismservices.com/schools/extraordinary-student-education-inc-gibsonton-fl,2026-04-29
https://floridaautismservices.com/schools/future-global-academy-st-petersburg-fl,2026-04-29
https://floridaautismservices.com/providers/medical-psychology-center-ormond-beach-fl-6786,2026-04-29
https://floridaautismservices.com/providers/motion-rx-physical-therapy-st-pete-clearwater-fl-9663,2026-04-29
https://floridaautismservices.com/schools/miami-learning-experience-miami-fl,2026-04-29
https://floridaautismservices.com/schools/icon-high-school-tampa-fl,2026-04-29
https://floridaautismservices.com/schools/irc-christian-academy-titusville-fl,2026-04-29
https://floridaautismservices.com/providers/dagnan-behavioral-consultants-inc-north-fort-myers-fl-8899,2026-04-28
https://floridaautismservices.com/providers/lifestance-health-oviedo,2026-04-28
https://floridaautismservices.com/schools/love-nation-child-development-center-pensacola-fl,2026-04-28
https://floridaautismservices.com/providers/trauma-and-counseling-solutions-spring-hill-fl-6586,2026-04-28
https://floridaautismservices.com/providers/positive-behavior-supports-corporation-miami-fl,2026-04-28
https://floridaautismservices.com/schools/sarah-bee-bilingual-academy-new-port-richey-fl,2026-04-28
https://floridaautismservices.com/providers/physical-therapy-now-allapattah-miami-fl-9953,2026-04-27
https://floridaautismservices.com/schools/highpoint-academy-inc-miami-fl,2026-04-27
https://floridaautismservices.com/schools/grace-community-school-bonita-springs-fl,2026-04-27
https://floridaautismservices.com/providers/select-physical-therapy-lake-nona-orlando-fl-8532,2026-04-27
https://floridaautismservices.com/providers/physical-therapy-now-bird-road-miami-fl-9813,2026-04-27
https://floridaautismservices.com/providers/learning-to-achieve-wellness-tms-therapy-spravato-lakeland-fl-6751,2026-04-27
https://floridaautismservices.com/providers/blossom-behavior-therapy-coral-gables-fl-6888,2026-04-26
https://floridaautismservices.com/schools/freedom-academy-brandon-fl,2026-04-26
https://floridaautismservices.com/schools/blue-horizons-knowledge-academy-daytona-beach-fl,2026-04-26
https://floridaautismservices.com/providers/restorative-speech-services-inc-port-orange-port-orange-fl-6539,2026-04-26
https://floridaautismservices.com/providers/thriveworks-counseling-psychiatry-miami,2026-04-26
https://floridaautismservices.com/providers/pt-solutions-of-carrollwood-south-tampa-fl-10207,2026-04-26
https://floridaautismservices.com/providers/mercy-outpatient-rehabilitation-clinic-north-miami-beach-fl-10021,2026-04-26
https://floridaautismservices.com/providers/ethos-health-group-daytona-beach-daytona-beach-fl-8056,2026-04-26
https://floridaautismservices.com/daycare/first-kids-ppec-lauderhill,2026-04-26
https://floridaautismservices.com/schools/arcadia-christian-academy-arcadia-fl,2026-04-26
https://floridaautismservices.com/providers/infinite-abilities-inc-pompano-beach-fl-8547,2026-04-25
https://floridaautismservices.com/schools/manatee-learning-academy-bradenton-fl,2026-04-25
https://floridaautismservices.com/providers/positive-behavior-supports-corporation-tallahassee-fl,2026-04-25
https://floridaautismservices.com/providers/time-to-thrive-childrens-therapy-naples-fl-9313,2026-04-25
https://floridaautismservices.com/schools/lighthouse-christian-school-orange-park-orange-park-fl,2026-04-25
https://floridaautismservices.com/schools/faith-preparatory-school-lake-suzy-fl,2026-04-25
https://floridaautismservices.com/providers/central-florida-group-homes-orlando-fl-8904,2026-04-25
https://floridaautismservices.com/schools/future-stars-academy-orlando-fl,2026-04-25
https://floridaautismservices.com/schools/bethel-christian-academy-eagle-lake-fl,2026-04-25
https://floridaautismservices.com/schools/lakeland-institute-for-learning-lakeland-fl,2026-04-24
https://floridaautismservices.com/daycare/stronger-steps-pediatric-care-inc-miami,2026-04-24
https://floridaautismservices.com/daycare/pediatric-health-choice-clearwater,2026-04-24
https://floridaautismservices.com/daycare/gadsden-head-start-gadsden-elementary-quincy,2026-04-24
https://floridaautismservices.com/daycare/capc-head-start-lincoln-park-pensacola,2026-04-24
https://floridaautismservices.com/daycare/ucp-downtown-beta-campus,2026-04-24
https://floridaautismservices.com/schools/saint-paul-catholic-school-jacksonville-fl,2026-04-24
https://floridaautismservices.com/daycare/jumpstart-enrichment-centers,2026-04-23
https://floridaautismservices.com/daycare/just-kids-centers-preschool-and-academy,2026-04-23
https://floridaautismservices.com/providers/elizabeth-r-finkle-otr-port-st-lucie-fl-7226,2026-04-23
https://floridaautismservices.com/schools/cape-coral-christian-school-inc-cape-coral-fl,2026-04-23
https://floridaautismservices.com/daycare/dino-kids-care-inc-miami,2026-04-23
https://floridaautismservices.com/daycare/spark-pediatrics-jacksonville,2026-04-23
https://floridaautismservices.com/schools/donna-klein-jewish-academy-boca-raton-fl,2026-04-23
https://floridaautismservices.com/schools/saint-jerome-catholic-school-fort-lauderdale-fl,2026-04-23
https://floridaautismservices.com/daycare/gencare-kids-ppec-learning-center-haines-city-llc-haines-city,2026-04-23
https://floridaautismservices.com/daycare/santa-rosa-head-start-west-navarre,2026-04-23
https://floridaautismservices.com/providers/cora-physical-therapy-south-semoran-orlando-fl-9915,2026-04-23
https://floridaautismservices.com/providers/excel-pain-and-spine-lakeland-fl-8544,2026-04-22
https://floridaautismservices.com/schools/meaningful-milestone-academy-inc-umatilla-fl,2026-04-22
https://floridaautismservices.com/schools/harvest-academy-christian-school-clewiston-fl,2026-04-22
https://floridaautismservices.com/schools/winter-garden-christian-academy-winter-garden-fl,2026-04-22
https://floridaautismservices.com/schools/st-davids-in-the-pines-episcopal-school-wellington-fl,2026-04-21
https://floridaautismservices.com/providers/apex-systems-center-for-autism-communication-disorders-hallandale-beach-fl-7309,2026-04-21
https://floridaautismservices.com/schools/citi-christian-academy-miami-fl,2026-04-21
https://floridaautismservices.com/providers/asgo-orlando-fl-6591,2026-04-21
https://floridaautismservices.com/schools/saltmeadow-school-sarasota-fl,2026-04-20
https://floridaautismservices.com/providers/florida-orthopaedic-institute-tampa-tampa-fl-9847,2026-04-20
https://floridaautismservices.com/providers/family-initiative-inc-cape-coral-fl-6610,2026-04-20
https://floridaautismservices.com/providers/lighthouz-home-health-care-llc-orlando-fl-6485,2026-04-19
https://floridaautismservices.com/schools/gulf-coast-classical-academy-clearwater-fl,2026-04-18
https://floridaautismservices.com/schools/our-international-academy-at-coral-gables-miami-fl,2026-04-18
https://floridaautismservices.com/providers/elements-of-intervention-llc-tampa-fl-10346,2026-04-18
https://floridaautismservices.com/schools/meyga-learning-center-miami-fl,2026-04-17
https://floridaautismservices.com/schools/fellowship-academy-immokalee-fl,2026-04-15
https://floridaautismservices.com/providers/orlando-movement-practice-winter-park-fl-9650,2026-04-15
https://floridaautismservices.com/providers/pelican-therapy-partners-yulee-fl-10103,2026-04-15
https://floridaautismservices.com/schools/defuniak-spring-montessori-school-defuniak-springs-fl,2026-04-15
https://floridaautismservices.com/providers/therapy-treatment-team-fort-myers-fl-6594,2026-04-14
https://floridaautismservices.com/providers/be-med-pt-miami-fl-9441,2026-04-14
https://floridaautismservices.com/schools/the-conrad-academy-orlando-fl,2026-04-13
https://floridaautismservices.com/providers/sunshine-kidz-pediatric-care-ft-lauderdale-fort-lauderdale-fl-8504,2026-04-13
https://floridaautismservices.com/providers/back-to-work-physical-therapy-carrollwood-tampa-fl-10063,2026-04-13
https://floridaautismservices.com/providers/spirited-strides-llc-215-e-tharpe-st-tallahassee-fl-6679,2026-04-12
https://floridaautismservices.com/providers/vinceremos-therapeutic-riding-center-loxahatchee-fl-10481,2026-04-12
https://floridaautismservices.com/providers/dr-tripp-associates-port-saint-lucie-port-st-lucie-fl-8589,2026-04-12
https://floridaautismservices.com/providers/stretching-your-life-kim-ortloff-tallahassee-fl-9536,2026-04-12
https://floridaautismservices.com/schools/joshua-academy-inc-orlando-fl,2026-04-12
https://floridaautismservices.com/schools/citizens-high-school-fleming-island-fl,2026-04-12
https://floridaautismservices.com/schools/the-summit-academy-tampa-fl,2026-04-12
https://floridaautismservices.com/schools/redeemer-christian-school-ocala-fl,2026-04-12
https://floridaautismservices.com/schools/new-life-academy-ft-myers-fl,2026-04-12
https://floridaautismservices.com/schools/rocky-bayou-christian-school-crestview-crestview-fl,2026-04-12
https://floridaautismservices.com/schools/anns-preschool-and-kindergarten-tallahassee-fl,2026-04-12
https://floridaautismservices.com/schools/baldwin-prep-school-north-palm-beach-fl,2026-04-12
https://floridaautismservices.com/providers/empowerment-programs-incorporated-jacksonville-fl-6340,2026-04-12
https://floridaautismservices.com/providers/emerald-hills-hand-therapy-llc-hollywood-fl-6772,2026-04-12
https://floridaautismservices.com/providers/therapy-with-alyse-llc-west-palm-beach-west-palm-beach-fl-6849,2026-04-12
https://floridaautismservices.com/providers/johns-hopkins-all-childrens-outpatient-care-fort-myers-fort-myers-fl-10009,2026-04-11
https://floridaautismservices.com/schools/atlantis-academy-coral-springs-fl,2026-04-11
https://floridaautismservices.com/providers/select-physical-therapy-coral-springs-sample-road-coral-springs-fl-7600,2026-04-11
https://floridaautismservices.com/schools/south-florida-technical-center-pompano-beach-fl,2026-04-11
https://floridaautismservices.com/providers/garellek-counseling-hollywood-fl-7605,2026-04-11
https://floridaautismservices.com/schools/lutz-montessori-school-lutz-fl,2026-04-11
https://floridaautismservices.com/providers/behavior-associates-inc-wpb-west-palm-beach-fl-8862,2026-04-11
https://floridaautismservices.com/schools/center-academy-hunters-creek-orlando-fl,2026-04-11
https://floridaautismservices.com/schools/grace-child-development-center-and-academy-pensacola-fl,2026-04-11
https://floridaautismservices.com/schools/pentecostal-temple-preparatory-academy-pensacola-fl,2026-04-11
https://floridaautismservices.com/resources/insurances/tricare,2026-04-11
https://floridaautismservices.com/providers/mehonacare-llc-boynton-beach-fl-9003,2026-04-11