domain,company_name,published_cities,published_count,directory_cities,cities_not_published,cities_not_in_directory,locations_page_url,status,confidence,notes
selectphysicaltherapy.com,Select Physical Therapy (Select Medical),,0,Brooksville|Cape Coral|Clearwater|Coral Springs|Fort Lauderdale|Hallandale Beach|Hollywood|Jacksonville|Jacksonville Beach|Lakeland|Largo|Medley|Miami|Miami Beach|Miami Lakes|Miramar|North Miami|Orlando|Ormond Beach|Palm Beach Gardens|Palm Harbor|Palm Springs|Pembroke Pines|Plant City|Port St.. Lucie|Royal Palm Beach|Sebastian|Spring Hill|Tamarac|Tampa|Weston|Winter Haven|Winter Park,,,,NO_LOCATIONS_PAGE,MEDIUM,"Site is alive and not bot-blocked, but no machine-readable location list is published. /locations/ and /locations/florida/ both 404. The real finder is https://www.selectphysicaltherapy.com/contact/find-a-location/ (loaded, HTTP 200) but it renders results entirely client-side - the served HTML contains only the search widget and 'No Results Found', and adding ?state=FL changes nothing. Individual clinic pages exist at /contact/find-a-location/fl/<city>/<clinic>/ but there is no city-level or state-level index page (/contact/find-a-location/fl/ and /contact/find-a-location/fl/tampa/ both 404), and the site's own sitemap.xml (152 URLs, the only sitemap named in robots.txt) contains no location URLs at all. Could not establish the published Florida list, so no directory city is being flagged. Worth re-checking with a JS-capable fetch; MEDLEY, PALM SPRINGS and NORTH MIAMI are the directory entries most worth spot-checking."
coraphysicaltherapy.com,CORA Physical Therapy (CORA Health Services),Apopka|Boca Raton|Boynton Beach|Bradenton|Cape Coral|Clearwater|Clermont|Coral Gables|Coral Springs|Cutler Bay|Dania Beach|Deerfield Beach|Deland|Delray Beach|Deltona|Doral|Dunnellon|Estero|Fort Lauderdale|Fort Myers|Haines City|Hernando|Hialeah|Holiday|Hollywood|Homestead|Jacksonville|Jacksonville Beach|Kissimmee|Lady Lake|Lake Mary|Lake Placid|Lake Worth|Lakeland|Largo|Lauderhill|Leesburg|Lehigh Acres|Longwood|Melbourne|Miami|Miami Beach|Miami Lakes|Naples|New Smyrna Beach|North Lauderdale|North Port|Ocoee|Orange City|Orange Park|Orlando|Ormond Beach|Oviedo|Palm Bay|Palm Beach Gardens|Palm Coast|Pembroke Pines|Plantation|Ponte Vedra Beach|Port Charlotte|Port Orange|Port Saint Lucie|Punta Gorda|Riverview|Rockledge|Saint Augustine|Saint Cloud|Saint Johns|Saint Petersburg|Sarasota|Satellite Beach|Sebring|Seffner|Seminole|Stuart|Sun City Center|Sunrise|Tampa|Tavares|Temple Terrace|The Villages|Titusville|Valrico|West Palm Beach|Winter Haven|Winter Park,86,Cape Coral|Clearwater|Coral Springs|Dania Beach|Davie|Fort Lauderdale|Fort Myers|Haines City|Hialeah|Hollywood|Jacksonville|Lakeland|Largo|Melbourne|Miami|Miami Beach|Miramar|North Miami Beach|Orlando|Ormond Beach|Palm Springs|Pompano Beach|Port Orange|Port St.. Lucie|Royal Palm Beach|Satellite Beach|Stuart|Sunrise|Tampa|West Melbourne|Winter Haven|Winter Park,Davie|Miramar|North Miami Beach|Palm Springs|Pompano Beach|Royal Palm Beach|West Melbourne,Apopka|Boca Raton|Boynton Beach|Bradenton|Clermont|Coral Gables|Cutler Bay|Deerfield Beach|Deland|Delray Beach|Deltona|Doral|Dunnellon|Estero|Hernando|Holiday|Homestead|Jacksonville Beach|Kissimmee|Lady Lake|Lake Mary|Lake Placid|Lake Worth|Lauderhill|Leesburg|Lehigh Acres|Longwood|Miami Lakes|Naples|New Smyrna Beach|North Lauderdale|North Port|Ocoee|Orange City|Orange Park|Oviedo|Palm Bay|Palm Beach Gardens|Palm Coast|Pembroke Pines|Plantation|Ponte Vedra Beach|Port Charlotte|Punta Gorda|Riverview|Rockledge|Saint Augustine|Saint Cloud|Saint Johns|Saint Petersburg|Sarasota|Sebring|Seffner|Seminole|Sun City Center|Tavares|Temple Terrace|The Villages|Titusville|Valrico|West Palm Beach,http://coraphysicaltherapy.com/wpsl_stores-sitemap.xml,MISMATCH,MEDIUM,"Large southeastern outpatient PT chain (~250 clinics). Its HTML locations pages (/locations/ and /florida-clinics/) render the clinic list entirely in JavaScript and returned no list, and www.coraphysicaltherapy.com repeatedly failed robots.txt retrieval; the authoritative list came instead from CORA's own Yoast store-locator sitemap, which enumerated 230 clinic pages, 123 of them Florida under /location/<slug>-florida/. Slugs are neighbourhood names and were mapped to cities (kendall/tamiami/west-dade/westchester/north-dade/north-red-road/country-walk = Miami; regency/kennerly/tinseltown/westside/riverside/north-jacksonville = Jacksonville; sodo/dr-phillips/sand-lake/waterford-lakes/hunters-creek/lake-nona/stoneybrook/south-semoran/rosen = Orlando; st-lucie-west = Port St. Lucie; the-beaches = Jacksonville Beach). SEVEN directory cities have no published counterpart - DAVIE, MIRAMAR, NORTH MIAMI BEACH, PALM SPRINGS, POMPANO BEACH, ROYAL PALM BEACH, WEST MELBOURNE - a mostly South Florida cluster consistent with clinic closures. MEDIUM because the mapping is slug-based; slugs 'magnolia' and 'eagles-park' stayed ambiguous and were excluded, and 'sawgrass' was read as Sunrise."
ptsolutions.com,PT Solutions Physical Therapy,Apollo Beach|Boca Raton|Bradenton|Brooksville|Bushnell|Clearwater|Coral Springs|Crestview|Dade City|Delray Beach|Dunedin|Fort Walton Beach|Gibsonton|Hudson|Jacksonville|Lakeland|Largo|Lithia|Lutz|Navarre|New Port Richey|Odessa|Oldsmar|Palm Coast|Palm Harbor|Pensacola|Pinellas Park|Plant City|Port Richey|Riverview|Saint Augustine|Saint Johns|Saint Petersburg|Santa Rosa Beach|Spring Hill|Sun City Center|Tampa|Temple Terrace|Trinity|Valrico|Wesley Chapel|West Palm Beach|Zephyrhills,43,Brooksville|Bushnell|Clearwater|Dunedin|Hudson|Lakeland|Largo|Oldsmar|Palm Coast|Palm Harbor|Plant City|Riverview|Spring Hill|Tampa|Temple Terrace|Zephyrhills,,Apollo Beach|Boca Raton|Bradenton|Coral Springs|Crestview|Dade City|Delray Beach|Fort Walton Beach|Gibsonton|Jacksonville|Lithia|Lutz|Navarre|New Port Richey|Odessa|Pensacola|Pinellas Park|Port Richey|Saint Augustine|Saint Johns|Saint Petersburg|Santa Rosa Beach|Sun City Center|Trinity|Valrico|Wesley Chapel|West Palm Beach,https://ptsolutions.com/find-a-clinic/fl,MATCHED,HIGH,National outpatient PT chain with a state-filtered clinic finder at /find-a-clinic/<state>. The Florida page published 66 clinic entries across 43 distinct cities; all 16 directory cities appear on it. Clinic names are neighbourhood-based (e.g. 'Carrollwood' = Tampa) and were mapped to their city. Directory covers only about a third of the published Florida footprint.
lifestance.com,LifeStance Health,Aventura|Brandon|Celebration|Clermont|Fort Lauderdale|Fort Myers|Hollywood|Jacksonville|Kissimmee|Lakeland|Maitland|Miami|Miami Lakes|New Port Richey|Ocoee|Orlando|Oviedo|Palm Harbor|Sanford|Sarasota|Tampa|The Villages,22,Aventura|Brandon|Celebration|Clermont|Fort Lauderdale|Fort Myers|Hollywood|Jacksonville|Kissimmee|Lakeland|Maitland|Miami|Miami Lakes|New Port Richey|Ocoee|Orlando|Oviedo|Palm Harbor|Sanford|Sarasota|Tampa|The Villages,,,https://lifestance.com/locations/florida/,MATCHED,HIGH,"National outpatient mental-health group. The Florida state page lists 25 offices in 22 distinct cities (Orlando has 4). The directory holds exactly 25 records in the same 22 cities - a one-to-one match, suggesting the directory set was built from this page."
h2health.com,H2 Health,Amelia Island|Brandon|Callahan|Cape Coral|Chiefland|Citrus Hills|Crystal River|Fleming Island|Fort Myers|Indian Harbour Beach|Jacksonville|Jacksonville Beach|Lake City|Land O' Lakes|Live Oak|Macclenny|Mayo|Melbourne|Middleburg|New Smyrna Beach|Orange Park|Palatka|Palm Bay|Ponte Vedra Beach|Port Orange|Riverview|Saint Augustine|Saint Johns|Saint Petersburg|Tampa|Yulee,31,Callahan|Fort Myers|Jacksonville|Jacksonville Beach|Melbourne|Middleburg|New Smyrna Beach|St.. Augustine|Tampa|West Melbourne|Yulee,West Melbourne,Amelia Island|Brandon|Cape Coral|Chiefland|Citrus Hills|Crystal River|Fleming Island|Indian Harbour Beach|Lake City|Land O' Lakes|Live Oak|Macclenny|Mayo|Orange Park|Palatka|Palm Bay|Ponte Vedra Beach|Port Orange|Riverview|Saint Johns|Saint Petersburg,https://www.h2health.com/locations/,MISMATCH,MEDIUM,"Multi-brand therapy network (H2 Health, Great Strides Pediatric Rehabilitation, Back to Work PT, Beachside PT, Advanced PT, Rehab Partners). The locations page groups clinics by brand and names them by neighbourhood: Mandarin/Southpoint/Bartram/Arlington/Ortega/Westside/Northside/Riverside/Avenues/Southside = Jacksonville; Carrollwood/South Tampa/Westchase/University = Tampa; World Golf Village = St. Augustine. Brevard County publishes exactly four Beachside clinics - Melbourne, Downtown Melbourne, Indian Harbour Beach and Palm Bay - and no WEST MELBOURNE clinic, so the directory's WEST MELBOURNE record has no published counterpart. MEDIUM rather than HIGH because the Palm Bay clinic page markets itself to West Melbourne, so the record may be a mis-citied Palm Bay/Melbourne clinic rather than a phantom. A few published entries are areas rather than incorporated cities (Amelia Island, Citrus Hills)."
fyzical.com,FYZICAL Therapy & Balance Centers,,0,Coral Springs|Deland|Fort Myers|Gainesville|Hialeah|Hudson|Jacksonville|Largo|Melbourne|Melbourne Beach|Miami|Miramar|North Fort Myers|Orlando|Port Orange|South Miami|Spring Hill|Tallahassee|Tampa,,,,NO_LOCATIONS_PAGE,MEDIUM,"Franchised PT and vestibular/balance clinic network. The site is alive - the homepage and individual clinic pages such as https://www.fyzical.com/deland load fine - but the locations index is bot-blocked: every attempt at the locations path returned HTTP 405 (tried https/http, with and without www, with and without trailing slash, and with ?state= query strings), and /robots.txt and /sitemap.xml return 405 too, so no sitemap route is available either. Individual clinics live at /<city>-fl or /<city> (e.g. /hialeah-gardens-fl, /north-fort-myers, /tallahassee), which means directory cities could be spot-checked one URL at a time. Note HIALEAH is published by FYZICAL as 'Hialeah Gardens' and the directory has both MELBOURNE and MELBOURNE BEACH - those two are the entries most worth verifying."
adventhealth.com,AdventHealth,,0,Holly Hill|Ocala|Orlando|Winter Park,,,,NO_LOCATIONS_PAGE,LOW,"Very large multi-state health system, not a therapy chain. A location finder exists at https://www.adventhealth.com/locations?state=FL and loads, but it is not enumerable: it reports 1,999 matching locations over ~200 pages, ignores every filter and search parameter tried (state, city and full-text queries all return the identical first page, which even mixes in Colorado facilities), and the site's sitemap.xml is a 15-page index with no location-specific child sitemap. The enumerable company lists that do exist are hospital/practice-level only: https://www.adventhealth.com/contact-a-location confirms AdventHealth Ocala, AdventHealth Orlando and AdventHealth Winter Park, and the AdventHealth Medical Group location list reports 1,028 practices over 103 pages. HOLLY HILL could not be confirmed on any AdventHealth page reached, but absence from a hospitals-only list is not evidence, so nothing is being flagged. Recommend verifying the single Holly Hill record by hand."
physicaltherapynow.com,Physical Therapy Now,,0,Cape Coral|Coral Gables|Coral Springs|Fort Lauderdale|Fort Myers|Hialeah|Hollywood|Miami|Miami Lakes|North Miami Beach|Orlando|Palm Harbor|Tallahassee,,,,NO_LOCATIONS_PAGE,MEDIUM,"Florida/Texas PT franchise. https://www.physicaltherapynow.com/locations loads (HTTP 200) but the served HTML contains only page metadata - the clinic list is rendered in JavaScript, so nothing could be extracted; /locations/florida and /find-a-clinic behave the same way. No sitemap is reachable (sitemap.xml, sitemap_index.xml, wp-sitemap.xml, cpt_loc-sitemap.xml all 404, and robots.txt names no sitemap). The site's own metadata claims '40+ locations in Florida and Texas', which is fewer than the directory's 17 Florida records plus its Texas clinics, so the Florida list is likely smaller than the directory implies - but that is not enough to flag a specific city. Clinic pages exist at /<city>/ and /locations/<city>, so individual directory cities can be spot-checked."
thriveworks.com,Thriveworks Counseling & Psychiatry,Boca Raton|Boynton Beach|Clearwater|Coral Springs|Davie|Fort Lauderdale|Gainesville|Jacksonville|Maitland|Miami|Orlando|Saint Petersburg|Tallahassee|Tampa|West Palm Beach,15,Boca Raton|Boynton Beach|Clearwater|Coral Springs|Davie|Fort Lauderdale|Gainesville|Jacksonville|Maitland|Miami|Orlando|Palm Springs|St.. Petersburg|Tallahassee|Tampa,Palm Springs,West Palm Beach,https://thriveworks.com/find-counselor/,MISMATCH,HIGH,"National counseling/psychiatry group. /locations/florida/ 404s; the real index is /find-counselor/, which lists every office alphabetically by state then city. Florida shows 16 offices in 15 cities (Jacksonville x2). The directory's PALM SPRINGS record has no published counterpart, while Thriveworks' published WEST PALM BEACH office is absent from the directory - Palm Springs FL borders West Palm Beach, so this reads as one office recorded under the wrong city rather than a closed location."
sunrisegroup.org,"Sunrise Community, Inc.",Bartow|Bradenton|Cape Coral|Clewiston|Davie|Daytona Beach|Doral|Homestead|Lakeland|Miami|Naples|Tallahassee|Tampa|Wauchula,14,Bartow|Bradenton|Cape Coral|Clewiston|Davie|Daytona Beach|Doral|Homestead|Lakeland|Miami|Naples|Tallahassee|Tampa|Wauchula,,,https://sunrisegroup.org/locations/florida/,MATCHED,HIGH,"Miami-based nonprofit serving people with developmental disabilities. The site's Locations page links to a Florida state page that lists 17 Florida sites grouped by region (North, Northeast, Central, Southwest, South Florida) across 14 distinct cities - Miami x3 including the national headquarters, Tampa x2. The directory's 15 records cover exactly those 14 cities. Lakeland is published as 'Lakeland (Highland City)'."
hopkinsmedicine.org,Johns Hopkins All Children's Hospital,Apollo Beach|Bradenton|Brandon|Clearwater|Fort Myers|Lakeland|Land O'Lakes|Lutz|New Port Richey|North Port|Palm Harbor|Sarasota|St. Petersburg|Tampa|Trinity,15,Brandon|Fort Myers|Lakeland|New Port Richey|Palm Harbor|St.. Petersburg|Tampa,,Apollo Beach|Bradenton|Clearwater|Land O'Lakes|Lutz|North Port|Sarasota|Trinity,https://www.hopkinsmedicine.org/all-childrens-hospital/locations,MATCHED,HIGH,Florida arm of the national Johns Hopkins Medicine system; only Johns Hopkins All Children's (St. Petersburg-based) Florida sites counted. Official locations page lists main hospital + outpatient care centers + specialty care sites. All 7 directory cities appear. hopkinsallchildrens.org 302-redirects to this page.
teampbs.com,Positive Behavior Supports Corporation (Team PBS),,0,Brandon|Fort Myers|Gainesville|Jacksonville|Melbourne|Miami|Orlando|Pembroke Pines|Stuart|Tallahassee|Tampa,,,,NO_LOCATIONS_PAGE,HIGH,"National in-home/community ABA provider, BCBA-owned. Site has no locations/clinics page: teampbs.com/locations 404s. The Florida page (teampbs.com/us/en/services/caregivers/fl) is a clickable list of all 67 counties, and each county page lists serviced cities (service area, not offices). No physical office addresses published anywhere on the site, so directory city accuracy cannot be judged."
wolfsonchildrens.com,Wolfson Children's Hospital (Baptist Health),Daytona Beach|Fleming Island|Jacksonville|Lake City|St. Augustine|Tallahassee|Yulee,7,Fleming Island|Jacksonville|Jacksonville Beach|Lake City|Ponte Vedra,Jacksonville Beach|Ponte Vedra,Daytona Beach|St. Augustine|Tallahassee|Yulee,https://www.wolfsonchildrens.com/locations,MISMATCH,MEDIUM,"Jacksonville pediatric hospital. Locations page groups main campus, ER/urgent care centers and specialty centers; Georgia sites (Brunswick, Valdosta) excluded. Jacksonville Beach and Ponte Vedra are not on the published Wolfson list (Baptist Health has beaches-area hospitals, but Wolfson Children's does not publish them as its own locations)."
brooksrehab.org,Brooks Rehabilitation,Apopka|Callahan|Clermont|Daytona Beach|Deltona|Fernandina Beach|Fleming Island|Gainesville|Hudson|Jacksonville|Julington Creek|Kissimmee|Leesburg|New Port Richey|Nocatee|Ocala|Ocoee|Orange City|Orange Park|Orlando|Ormond Beach|Oviedo|Palatka|Palm Coast|Ponte Vedra Beach|Port Orange|St. Augustine|St. Johns|The Villages|Winter Garden|Winter Park|Yulee,32,Daytona Beach|Deltona|Jacksonville|Ormond Beach|Port Orange|St.. Augustine,,Apopka|Callahan|Clermont|Fernandina Beach|Fleming Island|Gainesville|Hudson|Julington Creek|Kissimmee|Leesburg|New Port Richey|Nocatee|Ocala|Ocoee|Orange City|Orange Park|Orlando|Oviedo|Palatka|Palm Coast|Ponte Vedra Beach|St. Johns|The Villages|Winter Garden|Winter Park|Yulee,https://brooksrehab.org/locations/,MATCHED,HIGH,"Florida-only rehabilitation system (hospitals, outpatient clinics, home health, pediatric outpatient) centred on Jacksonville. Locations page is a filterable list; Jacksonville neighbourhood clinics (Mandarin, Ortega, Arlington, San Pablo, Riverside, Bartram) rolled up to Jacksonville. All 6 directory cities appear; company publishes ~26 further Florida cities the directory has no record for."
abacentersfl.com,ABA Centers of Florida,Boca Raton|Celebration|Jensen Beach|Longwood|Orlando|Royal Palm Beach|Tamarac|Tampa|Wesley Chapel,9,Boca Raton|Celebration|Jensen Beach|Longwood|Miramar|Orlando|Royal Palm Beach|Tamarac|Tampa|Wesley Chapel,Miramar,,https://abacentersfl.com/locations/,MISMATCH,HIGH,ABA therapy chain. Official locations page lists 9 Florida centers with street addresses. MIRAMAR is not among them - directory record for Miramar has no counterpart on the company site (nearest published centers are Tamarac and Royal Palm Beach).
florida.easterseals.com,Easterseals Florida,Bunnell|Daytona Beach|DeLand|Fruitland Park|Gainesville|Miami|Naples|New Smyrna Beach|Palm Bay|Palm Coast|Port St. Lucie|Sorrento|Valrico|West Palm Beach|Winter Park,15,Daytona Beach|Deland|Naples|New Smyrna Beach|Palm Bay|Sorrento|West Palm Beach|Winter Park,,Bunnell|Fruitland Park|Gainesville|Miami|Palm Coast|Port St. Lucie|Valrico,https://florida.easterseals.com/about-us/locations-programs,MATCHED,HIGH,"Statewide disability-services nonprofit (Early Steps, ABA, adult day training, Camp Challenge, schools). Locations & Programs page lists each site with city; florida.easterseals.com/locations 404s, the working path is /about-us/locations-programs. All 8 directory cities appear."
elitedna.com,Elite DNA Behavioral Health,,0,Brooksville|Cape Coral|Fort Myers|Gainesville|Jacksonville|Lakeland|Ormond Beach|Tallahassee,,,,NO_LOCATIONS_PAGE,MEDIUM,"Florida/Virginia behavioral health group. Both elitedna.com/locations/ and elitedna.com/find-a-location/ load but render only 'Please enable JavaScript to view Locations' - the clinic list is client-side rendered and unreadable. sitemap_index.xml confirms 40+ per-clinic location pages exist across FL and VA but does not yield a readable city list within the source cap, so no city list could be established and no conclusion drawn about the 8 directory cities."
nicklauschildrens.org,Nicklaus Children's Health System,Boca Raton|Boynton Beach|Cooper City|Coral Springs|Cutler Bay|Davie|Doral|Fort Lauderdale|Hialeah|Miami|Miami Beach|Miami Lakes|Miramar|Naples|Palm Beach Gardens|Palm City|Palmetto Bay|Pembroke Pines|Pinecrest|Pompano Beach|South Miami|Wellington|Weston,23,Medley|Miami|Miami Lakes|Miramar|Palm Beach Gardens|Pembroke Pines|Weston,Medley,Boca Raton|Boynton Beach|Cooper City|Coral Springs|Cutler Bay|Davie|Doral|Fort Lauderdale|Hialeah|Miami Beach|Naples|Palm City|Palmetto Bay|Pinecrest|Pompano Beach|South Miami|Wellington,https://www.nicklauschildrens.org/locations,MISMATCH,MEDIUM,"South Florida pediatric hospital system. Locations page lists hospital campuses, outpatient centers, urgent care and primary/specialty care offices by county. Unincorporated/neighbourhood entries (Allapattah, Midtown, Kendall, West Kendall, West Bird) rolled up to Miami. MEDLEY is not published anywhere on the site. Naples appears only as a collaborator facility (NCH North Naples)."
bluesprigautism.com,BlueSprig Autism (Florida centers),Apopka|Atlantic Beach|Brandon|Clearwater|Clermont|Daytona Beach|Fish Hawk|Gainesville|Jacksonville|Kissimmee|Lake Buena Vista|Lake Mary|Lakewood Ranch|Lehigh Acres|Lutz|Melbourne|Mount Dora|New Port Richey|North Fort Myers|North Port|Ocala|Ocoee|Orange Park|Orlando|Palm Beach Gardens|Palm Coast|Port St. Lucie|Spring Hill|St. Augustine|Tallahassee|Tampa|Temple Terrace|Viera|Wesley Chapel|Winter Park|Yulee,36,Clearwater|Daytona Beach|Gainesville|North Fort Myers|Port St.. Lucie|Spring Hill|Tallahassee|Winter Park,,Apopka|Atlantic Beach|Brandon|Clermont|Fish Hawk|Jacksonville|Kissimmee|Lake Buena Vista|Lake Mary|Lakewood Ranch|Lehigh Acres|Lutz|Melbourne|Mount Dora|New Port Richey|North Port|Ocala|Ocoee|Orange Park|Orlando|Palm Beach Gardens|Palm Coast|St. Augustine|Tampa|Temple Terrace|Viera|Wesley Chapel|Yulee,https://www.bluesprigautism.com/locations/florida/,MATCHED,HIGH,"National ABA center chain with a Florida state page listing 37 FL centers. IMPORTANT: the generic /locations/ page shows only a partial (North Florida) subset - the /locations/florida/ state page is the complete list. Neighbourhood-named centers rolled up (Lake Nona and Waterford Lakes to Orlando, Westchase to Tampa, Jacksonville Northwest to Jacksonville). The center labelled 'Fort Myers' has a North Fort Myers 33903 address, so the directory's NORTH FORT MYERS record matches. All 8 directory cities confirmed."
baycare.org,BayCare Health System,Bartow|Clearwater|Dunedin|Lutz|New Port Richey|Palm Harbor|Plant City|Riverview|Safety Harbor|St. Petersburg|Tampa|Wesley Chapel|Winter Haven,13,Clearwater|Palm Harbor|Safety Harbor|Tampa,,Bartow|Dunedin|Lutz|New Port Richey|Plant City|Riverview|St. Petersburg|Wesley Chapel|Winter Haven,https://baycare.org/hospitals,MATCHED,MEDIUM,"Tampa Bay / West Central Florida health system. baycare.org/locations is a JavaScript location finder (states 600+ locations) that returns no readable list, so the hospital campus list at baycare.org/hospitals was used; Palm Harbor was confirmed separately via its own official location page (baycare.org/locations/b/baycare-outpatient-center-palm-harbor, BayCare Outpatient Center, 3890 Tampa Road). All 4 directory cities confirmed published. published_cities is hospital campuses plus Palm Harbor and is NOT exhaustive - BayCare publishes far more outpatient sites, so cities_not_in_directory understates the gap."
usasportsmedicine.com,USA Sports Medicine,Aventura|Boca Raton|Boynton Beach|Coral Gables|Doral|Fort Lauderdale|Jupiter|Kendall|Miami|Miami Beach|Miami Lakes|North Miami|Pembroke Pines|Venice|Wellington|West Palm Beach,16,Fort Lauderdale|Hollywood|Miami|Miami Beach|Miami Lakes,Hollywood,Aventura|Boca Raton|Boynton Beach|Coral Gables|Doral|Jupiter|Kendall|North Miami|Pembroke Pines|Venice|Wellington|West Palm Beach,https://usasportsmedicine.com/locations/,MISMATCH,HIGH,"South Florida sports medicine / physical therapy chain. List read from the company's own /locations page. Neighborhood entries mapped to city: Brickell, Coconut Grove, Midtown Miami -> Miami; South Beach and Fisher Island -> Miami Beach (HQ is 404 Washington Ave, Miami Beach). Kendall kept as-is (unincorporated Miami-Dade CDP). Directory city HOLLYWOOD is not on the published list."
abacustherapies.com,Abacus Therapies,Doral|Fort Lauderdale|Hollywood|Miami|Weston,5,Boca Raton|Fort Lauderdale|Hollywood|Miami|Palm Beach Gardens|West Palm Beach|Weston,Boca Raton|Palm Beach Gardens|West Palm Beach,Doral,https://abacustherapies.com/our-location/,MISMATCH,HIGH,"ABA therapy provider. /locations 404s; the real page is /our-location/, reached from the homepage footer 'Our Locations'. That page groups centers by county and lists 5 Florida addresses: Hollywood, Weston, Ft Lauderdale (Broward); Doral, Miami (Miami-Dade). All three Palm Beach County directory cities (Boca Raton, Palm Beach Gardens, West Palm Beach) are absent from the company's published list."
healthcare.ascension.org,"Ascension (Ascension Sacred Heart / Ascension St. Vincent's, Florida)",,0,Gulf Breeze|Jacksonville|Miramar Beach|Pace|Pensacola|Port St. Joe|Santa Rosa Beach,,,,NO_LOCATIONS_PAGE,LOW,"National Catholic health system; Florida operations are Ascension Sacred Heart (Northwest Florida/Pensacola) and Ascension St. Vincent's (Jacksonville). Tried /locations?state=FL, /locations/florida and /sacred-heart. All are JavaScript 'Find a location' search tools that render no enumerable list to a fetch - the Florida page only says '5 hospitals, 100+ locations, 8 ERs' and names Pensacola and Pace in prose. Individual facility pages exist under /locations/florida/... but there is no loadable index, so no complete published city list could be established and nothing can be concluded about the 7 directory cities."
bassautism.com,"BASS ABA Therapy (Behavior Analysis Support Services, Inc.)",Altamonte Springs|Clearwater|DeBary|Gainesville|Jacksonville|New Port Richey|Ocala|Orange City|Orange Park|Ormond Beach|Oviedo|Palm Harbor|Port Orange|Saint Petersburg|Spring Hill|Tampa|Wesley Chapel,17,Clearwater|Gainesville|Ormond Beach|Port Orange|Spring Hill,,Altamonte Springs|DeBary|Jacksonville|New Port Richey|Ocala|Orange City|Orange Park|Oviedo|Palm Harbor|Saint Petersburg|Tampa|Wesley Chapel,https://www.bassautism.com/location-finder/,MATCHED,HIGH,"ABA therapy provider, 21 Florida centers on its own Location Finder. Page is flaky (several 5xx fetch failures before it loaded; /locations 404s). Centers are named 'City - Sub-area', so sub-areas were resolved to cities: Orlando - Altamonte Springs -> Altamonte Springs, Jacksonville - Orange Park -> Orange Park, Clearwater - St. Petersburg -> St. Petersburg, Tampa Palms/Westchase/Carrollwood/Clocktower -> Tampa. All 5 directory cities are published."
koalaaba.com,Koala ABA & Learning Centers,Doral|Panama City Beach,2,Doral|Miami Lakes|Miramar|Panama City Beach|Tampa,Miami Lakes|Miramar|Tampa,,https://koalaaba.com/locations,MISMATCH,HIGH,"ABA and learning centers. The company's own locations page publishes only two Florida centers: Doral (2898 NW 79th Ave, HQ) and one labeled 'Panama City' whose published address is 14101 Panama City Beach Pkwy, Panama City Beach FL 32413 (counted as Panama City Beach). Directory cities Miami Lakes, Miramar and Tampa are not published anywhere on the site."
ufhealth.org,UF Health (University of Florida Health),Gainesville|Jacksonville|Leesburg|Mount Dora|Ocala|The Villages,6,Gainesville,,Jacksonville|Leesburg|Mount Dora|Ocala|The Villages,https://ufhealth.org/locations,MATCHED,MEDIUM,"Academic health system across north/central Florida. ufhealth.org/locations loaded but is a JavaScript-driven searchable finder that returns no enumerable list; cities above were taken from the prose on that page plus UF Health's own facility-names page (ufhealth.org/media-resources/facility-names), which lists the Gainesville flagship facilities (Shands Hospital, Shands Children's, Heart & Vascular, Neuromedicine, Psychiatric, etc.) plus Leesburg and Ocala. All 6 directory records are Gainesville, which is unambiguously published, so MATCHED - but the published list is incomplete, hence MEDIUM confidence and cities_not_in_directory is not exhaustive."
reboundrehab.com,Rebound Rehabilitation,,0,Jacksonville,,,,NO_LOCATIONS_PAGE,LOW,"Northeast Florida physical/aquatic therapy group. Only the root homepage would load; every sub-path tried (/locations, /locations/, /our-locations, /location/, /contact, /contact/, www variants) failed with a robots.txt fetch ConnectTimeout / parse failure, i.e. the site is effectively bot-blocked below the root. Per-clinic pages exist at /location/physical-therapy-<area>-fl/ but none could be loaded, so no published list was established. For information only (not used as evidence): the homepage prose names Jacksonville, Jacksonville Beach area, Orange Park, Fleming Island and St. Augustine as service areas, and the directory's single city (Jacksonville) is among them - no red flag apparent, but not verified from a locations page."
firststep-therapy.com,First Step Therapy LLC,Eustis|Haines City|Kissimmee|Lakeland|Leesburg|Longwood|Orange City|Orlando|Tampa|Winter Haven,10,Lakeland|Longwood|Orange City|Tampa|Winter Haven,,Eustis|Haines City|Kissimmee|Leesburg|Orlando,https://firststep-therapy.com/private-pediatric-therapy-clinic-locations,MATCHED,HIGH,"Pediatric therapy (OT/PT/speech) clinics in Central Florida. /locations 404s; the real page is /private-pediatric-therapy-clinic-locations, found via the homepage 'Clinic Locations' nav link. 12 clinics listed; two are in Kissimmee (Kissimmee + Poinciana) and two in Tampa (East Side + West Waters). All 5 directory cities are published."
theoppt.com,Optimal Performance and Physical Therapies (OPPT),Bradenton|Clearwater|Lakeland|Largo|Miami|New Port Richey|Oldsmar|Palm Harbor|Saint Petersburg|Tampa|Wesley Chapel|Winter Haven,12,Clearwater|Lakeland|Tampa,,Bradenton|Largo|Miami|New Port Richey|Oldsmar|Palm Harbor|Saint Petersburg|Wesley Chapel|Winter Haven,https://theoppt.com/locations,MATCHED,HIGH,"Tampa Bay area physical therapy chain, 17 clinics on its own /locations page. Clinics are named by neighborhood, so addresses were used for the city: Central Tampa/Northdale/Hyde Park/Citrus Park -> Tampa, Trinity -> New Port Richey, Kendall -> Miami, Mid Pinellas -> Largo, Bayside -> Clearwater, Tyrone -> St. Petersburg. All 3 directory cities are published."
watsonclinic.com,Watson Clinic LLP,Bartow|Lakeland|Plant City|Ruskin|Winter Haven|Zephyrhills,6,Lakeland,,Bartow|Plant City|Ruskin|Winter Haven|Zephyrhills,https://www.watsonclinic.com/locations/,MATCHED,HIGH,"Large multi-specialty physician group in Polk County. Own /locations page lists ~20 sites; 11 of them are in Lakeland. 'Watson Clinic Highlands' entries on E County Road 540A are Lakeland-Highlands-area addresses within Lakeland and were folded into Lakeland. Winter Haven Hospital appears on the page as an affiliated site. Directory has only Lakeland, which is published."
projectbrilliance.com,Project Brilliance,,0,Boca Raton|Lake Worth|Palm Beach Gardens|Stuart|Tampa,,,https://projectbrilliance.com/locations,NO_LOCATIONS_PAGE,MEDIUM,ABA therapy provider for children. https://projectbrilliance.com/locations resolves but publishes no city list - only prose saying 'Project Brilliance is currently located in Florida' with 'new centers opening every year'. Homepage references 'your local Project Brilliance center' but names no cities. List appears JavaScript-rendered or absent. Cannot conclude anything about the 5 directory cities.
dogtrainingelite.com,Dog Training Elite,Jacksonville|Land O' Lakes|Maitland|Ocoee|Panama City|Port Saint Lucie|Saint Petersburg|Sarasota|Tampa|West Palm Beach|Weston,11,Clearwater|Fort Pierce|Orlando|West Palm Beach|Weston,Clearwater|Fort Pierce|Orlando,Jacksonville|Land O' Lakes|Maitland|Ocoee|Panama City|Port Saint Lucie|Saint Petersburg|Sarasota|Tampa,https://dogtrainingelite.com/locations,MISMATCH,HIGH,"National dog-training franchise (offers service-dog/autism-support training). Locations page has a state filter; 11 Florida franchises published. Franchise names are regional and do not equal their city: 'DTE Orlando' is physically in OCOEE and 'DTE North Orlando' is in MAITLAND, so no franchise sits in Orlando city. 'DTE Treasure Coast' is in Port St. Lucie, not Fort Pierce. No Clearwater franchise (nearest are St. Petersburg and Tampa). All 3 flagged directory cities look like regional-name artifacts."
baylifept.com,BayLife Physical Therapy & Rehabilitation,,0,Coconut Creek|Fort Pierce|Port St.. Lucie|Tamarac,,,,NO_LOCATIONS_PAGE,LOW,"Physical therapy group. Site is inaccessible to the fetcher - every attempt (baylifept.com/locations, /our-locations, /our-locations/, www.baylifept.com/locations) failed with a robots.txt ConnectTimeout / robots.txt parse failure, retried multiple times. Site is NOT dead: a locations page at baylifept.com/our-locations/ is indexed and the company operates several brands (BayLife PT & Rehab, Quality Performance Rehab, Back In Action PT, Florida PTI). Because no page loaded, no location list was read and nothing can be concluded. Worth a manual recheck."
caringtherapistsofbroward.com,Caring Therapists (formerly Caring Therapists of Broward),Coral Springs|Davie|Fort Lauderdale|Hollywood|Orlando|Palm Beach Gardens|Pembroke Pines|Port Orange|Sunrise|Wellington,10,Coral Springs|Davie|Fort Lauderdale|Hollywood|Pembroke Pines,,Orlando|Palm Beach Gardens|Port Orange|Sunrise|Wellington,https://caringtherapists.com/contact,MATCHED,HIGH,"Mental health practice (therapy, medication management, psychological testing). caringtherapistsofbroward.com 302-redirects to caringtherapists.com - the company rebranded and expanded beyond Broward. All 5 directory cities appear on the company's own contact/locations page with street addresses. Company now publishes 12 offices across 10 Florida cities (Wellington has 3); 5 of those cities have no directory record."
inbloomautism.com,InBloom Autism Services,Apopka|Davie|Jacksonville|Orlando|Saint Petersburg|Sunrise|Tampa|Winter Park,8,Davie|Fort Lauderdale|Jacksonville|Tampa,Fort Lauderdale,Apopka|Orlando|Saint Petersburg|Sunrise|Winter Park,https://inbloomautism.com/aba-therapy-learning-centers/aba-therapy-in-florida/,MISMATCH,MEDIUM,"Multi-state early-intervention ABA provider (children 18 months to 5 years). /locations 404s; the real Florida locations hub is /aba-therapy-learning-centers/aba-therapy-in-florida/. Published Florida centers: Davie and Sunrise (Broward), two in Jacksonville, Winter Park / Semoran (Orlando) / Apopka in Orange County, plus Tampa and St. Petersburg. FORT LAUDERDALE is not published - the company's only Broward centers are Davie and Sunrise, and Miami-Dade is served in-home with no named center. Site repeatedly hit robots.txt fetch timeouts so the FL hub page was read on retry rather than the top-level locations page; centers are named by region, so exact city attribution for two entries comes from the company's own URL paths."
acornhealth.com,Acorn Health,Altamonte Springs|Championsgate|Coral Gables|East Orange|Kissimmee|Lake Mary|Lakeland|Longwood|Miramar|Orlando|Riverview|Saint Johns|Tampa|Winter Garden,14,Coral Gables|Lakeland|Miramar|Orlando,,Altamonte Springs|Championsgate|East Orange|Kissimmee|Lake Mary|Longwood|Riverview|Saint Johns|Tampa|Winter Garden,https://acornhealth.com/locations/,MATCHED,HIGH,"Multi-state ABA autism therapy provider (FL, MI, VA, IL, MD, PA, TN). Locations page filters by state; 15 Florida centers across 14 cities. Both directory Orlando records are covered - Acorn publishes two Orlando centers (Semoran Blvd and Downtown). 'East Orange' and 'Championsgate' are Acorn's own center names for the Orange County / ChampionsGate areas."
pinecrestpt.com,Pinecrest Physical Therapy,Coral Gables|Doral|Key Biscayne|Miami,4,Coral Gables|Miami,,Doral|Key Biscayne,https://www.pinecrestpt.com/locations,MATCHED,HIGH,"Miami-area physical therapy clinic network. The apex-domain homepage lists no cities; the location list lives on the www host at /locations (9 clinics). Six of the nine clinics carry Miami mailing addresses (Pinecrest, Brickell, Pinecrest PT - South, Pinecrest Performance x2, Pinecrest Wellness) - the 'Pinecrest' brand refers to the Village of Pinecrest but the published addresses read Miami, FL. All 4 directory records map to published clinics."
questinc.org,"Quest, Inc.",Orlando|Tampa,2,Orlando|Tampa|Winter Garden,Winter Garden,,https://questinc.org/contact/,MISMATCH,MEDIUM,"Nonprofit serving children and adults with developmental disabilities in Central Florida for 60+ years (residential, employment, therapy, education, recreation). No dedicated locations page - /locations and /about-us/locations both 404. The contact page publishes only two offices: Orlando corporate (PO Box, Orlando FL 32853) and Tampa regional (3910 N US Hwy 301, Tampa FL 33619). WINTER GARDEN is not published anywhere on the site. Caveat: Quest runs many group homes and program sites it does not list by address, so an unpublished Winter Garden program could exist - hence MEDIUM confidence."
baptistjax.com,Baptist Health (Jacksonville),Fernandina Beach|Fleming Island|Jacksonville|Jacksonville Beach|Nocatee,5,Jacksonville|Jacksonville Beach,,Fernandina Beach|Fleming Island|Nocatee,https://www.baptistjax.com/locations,MATCHED,HIGH,"North Florida health system (hospitals, outpatient, imaging, specialty care), includes Wolfson Children's Hospital. Both directory cities are published: Baptist Medical Center Jacksonville / South / Heart / Wolfson / MD Anderson are all Jacksonville, and Baptist Medical Center Beaches is in Jacksonville Beach. published_cities covers the named hospital and medical-campus cities only - the page also references 20+ imaging centers and dozens of primary-care offices it does not enumerate by city, so the true published footprint is larger. Named neighborhood campuses (Mandarin, Riverside, Northside, Seven Pines, SilverLeaf) resolve to Jacksonville."
forcesportstherapy.com,Force Physical Therapy / Force Sports Therapy,Aventura|Davie|Fort Lauderdale|Miami,4,Fort Lauderdale|Miami,,Aventura|Davie,https://forcesportstherapy.com/locations,MATCHED,HIGH,"South Florida sports physical therapy / performance rehab group, 8 published clinics. Locations are branded by neighborhood: Coconut Grove, Wynwood and Little River all carry Miami, FL addresses; Aventura-JCC and Williams Island are both Aventura. All 4 directory records (1 Fort Lauderdale, 3 Miami) map to published clinics - the three Miami records are consistent with the three Miami-addressed clinics."
hopebridge.com,Hopebridge Autism Therapy Centers,Brandon|Mount Dora|North Port|Ocala|Pinellas Park|Rockledge|Tallahassee,7,Fort Myers|Orlando|Tallahassee,Fort Myers|Orlando,Brandon|Mount Dora|North Port|Ocala|Pinellas Park|Rockledge,https://www.hopebridge.com/centers/,MISMATCH,HIGH,National multi-state ABA/autism therapy chain; Florida is one state section on the all-centers page. Both /locations/ and /centers/ returned the identical 7-city Florida list. Directory's Fort Myers record and both Orlando records name cities not on the company's current Florida center list.
devereux.org,Devereux Advanced Behavioral Health Florida,Melbourne|Orlando|Titusville|Viera,4,Melbourne|Orlando|Palm Bay|Pembroke Pines,Palm Bay|Pembroke Pines,Titusville|Viera,https://www.devereux.org/site/PageServer?pagename=fl_locations,MISMATCH,MEDIUM,"National nonprofit behavioral health org; Florida arm at devereux.org/site/PageServer?pagename=fl_locations lists three campuses (Viera, Orlando, Titusville) plus a Melbourne specialized therapeutic group home. The rest of the page lists region-level service centers (Central Florida, Polk County, Volusia County, Southeast Florida, Southwest Florida) and I/DD group homes with no published city or street address, so Pembroke Pines could sit under the unpublished Southeast Florida service center - MEDIUM confidence for that reason. Palm Bay is not published anywhere on the page."
mykidtherapycenter.com,My Kid Therapy Center,Homestead|Miami|Orlando,3,Homestead|Miami|Orlando,,,https://www.mykidtherapycenter.com/contact-us,MATCHED,HIGH,"South Florida ABA/speech/OT provider. No /locations page; the office list lives on Contact Us and shows five offices - two in Homestead, two with Miami addresses (Country Walk and Blue Lagoon, labelled Kendall and West Miami), and one in Orlando. All three directory cities appear."
fkppec.com,First Kid's PPEC,Hollywood|Lauderhill|Miami,3,Hollywood|Lauderhill|Miami,,,https://fkppec.com/,MATCHED,MEDIUM,"Physician-owned PPEC (prescribed pediatric extended care) operator. No dedicated locations page; the three center addresses are published on the homepage - 8681 Coral Way Miami, 5547 W Oakland Park Blvd Lauderhill, 6515 Taft St Hollywood - and per-center pages exist at /ppec-lauderhill/ and /ppec-hollywood/. The Lauderhill center page loaded and confirmed that site. Deeper pages repeatedly failed with robots.txt fetch timeouts, so confidence is MEDIUM rather than HIGH. All three directory cities match."
myfavoritetherapists.com,My Favorite Therapists,,0,Deerfield Beach|Orlando|Tampa,,,,NO_LOCATIONS_PAGE,LOW,"Florida ABA/speech provider for children 1-12. A locations page does exist (myfavoritetherapists.com/locations, plus per-center pages such as /location/orlando-center/), but every attempt to load it - http and https, with and without www and trailing slash - failed with robots.txt fetch timeout / parse failure, so the published list could not be read from the source page. The homepage did load once and named Tampa, Deerfield Beach, Orlando, Palm Beach and Altamonte Springs, which would cover all three directory cities, but per the rules that homepage list is not used as the published list. No mismatch established either way."
orlandosportsmedicine.com,Orlando Sports Medicine,Altamonte Springs|Orlando,2,Altamonte Springs|Orlando,,,https://orlandosportsmedicine.com/locations/,MATCHED,HIGH,"Orthopedic, post-surgical and sports physical therapy practice with three Metro-Orlando clinics: Waterford Lakes (Orlando), College Park (Orlando) and Altamonte Springs. Directory's two Orlando records and one Altamonte Springs record all correspond to published clinics. Not an autism-specific provider."
pathmedical.com,Path Medical,Aventura|Boca Raton|Coral Springs|Cutler Bay|Fort Lauderdale|Fort Pierce|Haines City|Hallandale Beach|Hialeah|Hollywood|Kissimmee|Longwood|Margate|Miami|Miami Gardens|North Miami|Orlando|Pembroke Pines|Pompano Beach|Port Saint Lucie|West Palm Beach,21,Hollywood|Miami Gardens|West Palm Beach,,Aventura|Boca Raton|Coral Springs|Cutler Bay|Fort Lauderdale|Fort Pierce|Haines City|Hallandale Beach|Hialeah|Kissimmee|Longwood|Margate|Miami|North Miami|Orlando|Pembroke Pines|Pompano Beach|Port Saint Lucie,https://pathmedical.com/locations/,MATCHED,HIGH,"Florida-only accident-injury chiropractic/medical clinic chain; all published clinics are in FL. The locations page names clinics by brand name rather than city, so the 'Palm Beach Lakes' clinic page was opened to confirm its address, 2001 Palm Beach Lakes Blvd, West Palm Beach - that is the match for the directory's West Palm Beach record. 'Kendall' mapped to Miami and the single 'Coral Springs-Margate' clinic counted under both city names. Not an autism-specific provider."
careoptionsforkids.com,Care Options for Kids,Delray Beach|Fort Myers|Jacksonville|Miami Lakes|Miramar|Orlando|Palm Harbor|Spring Hill|Stuart|Tallahassee|Tampa|Winter Haven,12,Jacksonville|Miramar|Spring Hill,,Delray Beach|Fort Myers|Miami Lakes|Orlando|Palm Harbor|Stuart|Tallahassee|Tampa|Winter Haven,https://careoptionsforkids.com/locations,MATCHED,HIGH,Multi-state pediatric home health and therapy company; only the Florida section of the locations page was used. Office labels do not always match the address city - the office labelled 'Fort Lauderdale' has a Miramar FL 33027 address and the one labelled 'Miami' has a Miami Lakes address - so published_cities uses the address city. The page also lists statewide Florida school-based services with no city. All three directory cities are published.
fullspectrumaba.com,Full Spectrum Behavior Analysis (Full Spectrum ABA),Bradenton|Daytona Beach|DeFuniak Springs|Fort Myers|Marathon|Melbourne|Monticello|Summerland Key|Tampa,9,Daytona Beach|Fort Myers|Melbourne,,Bradenton|DeFuniak Springs|Marathon|Monticello|Summerland Key|Tampa,https://www.fullspectrumaba.com/abatherapynearme,MATCHED,HIGH,"Multi-state ABA provider (FL, MS, SC, TN) delivering home, school and community therapy; out-of-state sites (McCormick SC, Ridgeland MS, Memphis TN) excluded. The locations list lives at /abatherapynearme - /locations is a 404. Daytona Beach and Melbourne are listed without street addresses, consistent with service areas rather than brick-and-mortar clinics, but both are published."
ppt4kids.com,Progressive Pediatric Therapy,Boca Raton|Lake Worth|West Palm Beach,3,Boca Raton|Lake Worth|West Palm Beach,,,https://www.ppt4kids.com/contact,MATCHED,HIGH,"Pediatric speech, OT, PT and feeding therapy clinic group. /locations is a 404; the clinic list is on the Contact page and shows Boca Raton, Lake Worth and West Palm Beach in Florida plus one out-of-state clinic in Orland Park, IL (excluded). All three directory cities match."
provitaspeech.com,Provita Speech Language Associates,,0,Boca Raton|Port St.. Lucie|Royal Palm Beach,,,,NO_LOCATIONS_PAGE,LOW,"Pediatric speech/multidisciplinary therapy practice. No locations page exists: /locations and /contact 404-or-block, and the site's Contact Us page (provitaspeech.com/contact-us/) could not be loaded across 5 retries - robots.txt fetch to the host repeatedly times out, so the site is effectively bot-blocked/flaky. Homepage loaded but only describes a service area ('Palm Beach, Broward and surrounding communities'), and the About Us page mentions a Brazil branch plus Boca Raton (opened 2020) and Port Saint Lucie offices. ROYAL PALM BEACH was not seen anywhere on the pages that did load - worth a manual recheck - but no locations page was read, so nothing is concluded."
apollo-rehab.com,Apollo Rehab,Miramar|Parkland|Tamarac,3,Miramar|Parkland|Tamarac,,,https://apollo-rehab.com/locations,MATCHED,HIGH,"Pediatric therapy provider in Broward County. /locations loaded directly and lists exactly three clinics - Miramar, Parkland, Tamarac - each with address and phone. All three directory cities match."
healthpropediatrics.com,HealthPRO Pediatrics,Brandon|Lakeland|Riverview|Tampa,4,Brandon|Tampa,,Lakeland|Riverview,https://healthpropediatrics.com/#locations,MATCHED,MEDIUM,"Pediatric therapy group. /locations returns 404; the Locations nav item is an on-page anchor section on the homepage listing Brandon, Lakeland, North Tampa, Riverview, South Tampa. North Tampa and South Tampa both collapse to Tampa. Both directory cities are published; directory lacks Lakeland and Riverview."
heart4kidstherapy.com,"Heart 4 Kids Therapy, LLC",Palm Harbor|Tampa|Trinity,3,Palm Harbor|Tampa|Trinity,,,https://heart4kidstherapy.com/?page_id=201,MATCHED,HIGH,"Pediatric therapy clinics. /locations and /contact 404; the live Contact Us page (?page_id=201) lists three offices - Palm Harbor (head office), Westchase at 12729 Race Track Rd, Tampa FL 33626, and Trinity. Westchase is a Tampa neighborhood so it maps to Tampa. All directory cities match."
abakidsconnection.com,ABA Kids Connection,Brooksville|Orlando|Tampa,3,Brooksville|Orlando|Tampa,,,https://www.abakidsconnection.com/contact,MATCHED,HIGH,"ABA provider. Wix-hosted site; robots.txt fetch is flaky and several page loads failed transiently. The Contact page loaded and publishes three clinics with full addresses: Tampa (4236 W Linebaugh Ave), Orlando (1300 E Michigan St Ste B), Brooksville (310 Ponce De Leon Blvd). Exact match to the directory."
ariseautismcenter.com,Arise Autism Center,Clermont|Lake Mary|Sanford,3,Clermont|Lake Mary|Sanford,,,https://ariseautismcenter.com/contact-us/,MATCHED,HIGH,"ABA center. No /locations page (404); the Contact Us page lists all three centers with full addresses - Lake Mary (930 Williston Park Pt), Sanford (3840 Saint Johns Pkwy), Clermont (2105 Hartwood Marsh Rd #7). Same three appear in the homepage footer. Exact match to the directory."
arnoldpalmerhospital.com,Orlando Health Arnold Palmer Hospital for Children,Orlando,1,Orlando,,,https://arnoldpalmerhospital.com/locations,MATCHED,MEDIUM,"Single children's hospital. arnoldpalmerhospital.com/locations serves Orlando Health's system-wide 'Facilities & Locations' / ER wait-time list (22 facilities across Wesley Chapel, Ocoee, St. Petersburg, Leesburg, Clermont, Lake Mary, Longwood, Kissimmee, Pinellas Park, Davenport, Winter Garden, Melbourne, St. Cloud, Sebastian, Lakeland and Orlando), not an Arnold Palmer-specific list. The only Arnold Palmer entity on it is 'Orlando Health Arnold Palmer Hospital for Children' in Orlando, so published_cities is scoped to Orlando. All 3 directory records are Orlando."
sparkpediatrics.com,Spark Pediatrics,Clearwater|Fort Lauderdale|Jacksonville|Kissimmee|Miami|Orlando|Palm Springs|Stuart|Tallahassee|Tamarac,10,Clearwater|Palm Springs|Stuart,,Fort Lauderdale|Jacksonville|Kissimmee|Miami|Orlando|Tallahassee|Tamarac,https://sparkpediatrics.com/locations,MATCHED,HIGH,"PPEC (prescribed pediatric extended care) chain; 11 Florida centers plus Texas (Grand Prairie, Houston) which are excluded. Note the center branded 'West Palm Beach PPEC' has a published street address of 1720 S Congress Ave, Palm Springs, FL 33461, so the directory's PALM SPRINGS record is correct and matches. 'Arlington PPEC' (10750 Atlantic Blvd, Jacksonville) is a Jacksonville neighborhood and collapses into Jacksonville with the separate Jacksonville PPEC."
kidsspotrehab.com,Kids SPOT,Hollywood|Wesley Chapel,2,Lutz|Pompano Beach|West Palm Beach,Lutz|Pompano Beach|West Palm Beach,Hollywood|Wesley Chapel,https://www.kidsspotrehab.com/company/locations/,MISMATCH,MEDIUM,"Pediatric therapy group (PT/OT/speech/ABA). The site is in a broken/partially-migrated state - internal links resolve to ASP.NET error paths (?aspxerrorpath=...) and the sitemap page renders almost nothing. The /company/locations/ page and the sitemap both publish only two Florida clinics: Hollywood (1 Oakwood Blvd Ste 130/140) and Wesley Chapel (Communication Corner). NONE of the three directory cities - Lutz, Pompano Beach, West Palm Beach - appear anywhere on the pages that loaded. Search result titles hint at former /south-florida-kids-spot-locations/ and /central-florida-kids-spot-locations/ sections (e.g. Maitland) that no longer render, so the company likely had more sites historically. Flagged as mismatch, but recommend a manual recheck once the site is stable."
advancedrehab.us,Advanced Rehabilitation,Boca Raton|Delray Beach|Largo|Tampa|Valrico,5,Largo|Tampa,,Boca Raton|Delray Beach|Valrico,https://advancedrehab.us/locations,MATCHED,HIGH,"Physical/pediatric therapy group. /locations loaded directly and states '8 convenient locations - 6 in Florida and 2 in Delaware'. The 6 Florida clinics are South Tampa (4539 S Dale Mabry) and North Tampa (13801 Bruce B Downs Blvd) - both Tampa - plus FishHawk/Valrico, Largo, Boca Raton and Delray Beach (the last two branded 'Segal & Witt Physical Therapy Powered by Advanced Rehabilitation'). Delaware locations excluded. Both directory cities match."
sskidstherapy.com,Stepping Stone Kids Therapy,Bonita Springs|Cape Coral|Fort Myers|Immokalee|Naples|Port Charlotte,6,Cape Coral|Fort Myers|Naples,,Bonita Springs|Immokalee|Port Charlotte,https://sskidstherapy.com/locations,MATCHED,HIGH,"Pediatric therapy clinic chain in SW Florida. Locations page loaded directly at /locations and lists 7 FL clinics; two are in Naples (Central Naples and Lely Naples), counted as one city. All 3 directory cities appear on the company site."
cultivatebhe.com,Cultivate Behavioral Health & Education,Boca Raton|Boynton Beach|Bradenton|Coral Gables|Coral Springs|Cutler Bay|Fort Lauderdale|Jacksonville|Kendale Lakes|Kendall|Miami|Orange Park|Palm Bay|Palm Beach|Sarasota|Sebastian|Sunrise|Vero Beach|West Palm Beach|Yulee,20,Boca Raton|Orange Park|Yulee,,Boynton Beach|Bradenton|Coral Gables|Coral Springs|Cutler Bay|Fort Lauderdale|Jacksonville|Kendale Lakes|Kendall|Miami|Palm Bay|Palm Beach|Sarasota|Sebastian|Sunrise|Vero Beach|West Palm Beach,https://cultivatebhe.com/find-a-location/,MATCHED,HIGH,"Multi-state ABA/behavioral health chain; Florida is one of ~13 states on its find-a-location page. Several FL entries are published as metro labels (Ft. Lauderdale Metro, Jacksonville Metro, Miami Metro, Palm Bay Metro, Sarasota Metro) and were normalized to the city name. All 3 directory cities are published."
talkactiveclinic.com,Talk Active Therapy Clinic,,0,Orlando|Winter Park,,,,NO_LOCATIONS_PAGE,MEDIUM,"Speech/pediatric therapy clinic in Central Florida. /locations returned a server error on two attempts and /contact is a 404; no dedicated locations page exists. The homepage itself lists four clinic addresses (Orlando Florida Mall, Orlando Metro West, Kissimmee, Winter Park), which would cover both directory cities, but per the rules the homepage is not used as the location list."
therapies4kids.com,"Therapies 4 Kids, Inc.",,0,Coral Springs|Hollywood|Pembroke Pines,,,,NO_LOCATIONS_PAGE,LOW,"Pediatric therapy company serving Broward/Miami-Dade/Palm Beach. Site is heavily bot-blocked: robots.txt repeatedly timed out, so most pages (including /locations) could not be fetched across multiple retries. The homepage did load once and lists no clinic addresses and no locations-page link. Individual clinic pages exist (e.g. /location-wellington, a Wellington clinic described as 'opening very soon' and referencing unnamed 'other locations in Florida'), but no index page enumerating them could be read. Directory cities could not be verified either way."
littleleaves.org,Little Leaves Behavioral Services,Coral Springs|Miami Lakes|Weston,3,Coral Springs|Miami Lakes|Weston,,,https://littleleaves.org/find-a-center/,MATCHED,HIGH,"Center-based ABA provider operating in MD, VA and FL. /locations errored; the real list is at /find-a-center/, which publishes exactly 3 Florida centers matching the 3 directory records one-for-one."
elliementalhealth.com,Ellie Mental Health,Bradenton|Brandon|Estero|Fort Myers|Hollywood|Jacksonville|Lake Worth Beach|Pembroke Pines|Weston,9,Lake Worth Beach|Pembroke Pines|Weston,,Bradenton|Brandon|Estero|Fort Myers|Hollywood|Jacksonville,https://elliementalhealth.com/locations,MATCHED,MEDIUM,"National mental-health franchise (260+ clinics) with a JavaScript location finder, so the FL list extracted from /locations is likely partial. Each of the 3 directory cities was verified individually on the company's own clinic pages: /locations/weston-fl/ (2853 Executive Park Dr, Weston FL 33331, open) and /locations/pembroke-pines-fl/ (9050 Pines Blvd, Pembroke Pines FL 33024, open); Lake Worth Beach appears on the finder as 'Lake Worth' (same municipality, renamed). No directory city is unpublished; treat cities_not_in_directory as incomplete."
toc.md,Total Orthopaedic Care,Lauderdale Lakes|Pembroke Pines,2,Hollywood|Lauderhill,Hollywood|Lauderhill,Lauderdale Lakes|Pembroke Pines,https://toc.md/locations,MISMATCH,HIGH,"Orthopaedic practice (toc.md is a real .md-TLD domain). Its own locations page states plainly 'we have two offices to serve you': 10794 Pines Blvd Ste 102-104, Pembroke Pines, and 4850 W Oakland Park Blvd Ste 201, Lauderdale Lakes. Neither directory city is published — the two Hollywood records have no published counterpart at all, and the directory's Lauderhill record is a neighbouring-but-different city from the published Lauderdale Lakes office (the W Oakland Park Blvd address sits just over the Lauderhill line, so that record may be a mis-labelled version of the same office). Strongest mismatch in this batch."
equanimitytherapy.com,Equanimity Therapy,,0,Hollywood|Pembroke Pines,,,,NO_LOCATIONS_PAGE,LOW,"Site is bot-blocked: robots.txt returns 'all paths disallowed', so no page on the domain could be fetched (/locations blocked, www host returns 404). No locations page could be read and nothing about the directory's Hollywood and Pembroke Pines records could be verified. Not called SITE_DEAD because the block is a robots/bot restriction, not a dead host."
breakthroughtherapyservices.com,Breakthrough Therapy Services,Davie,1,Davie|Plantation|Southwest Ranches,Plantation|Southwest Ranches,,https://www.breakthroughtherapyservices.com/contact-us/,MISMATCH,HIGH,"Pediatric speech/OT center in west Broward. /locations does not exist (server error); the contact page is the location page and publishes exactly one office: 12545 Orange Drive Suite 502, Davie FL 33330. The homepage independently shows the same single Davie address. The directory's Plantation and Southwest Ranches records have no counterpart on the company site — Southwest Ranches borders the Davie address, so that record may be a duplicate of the Davie office."
ufhealthjax.org,UF Health Jacksonville (University of Florida Health),Jacksonville,1,Jacksonville,,,https://ufhealthjax.org/locations,MATCHED,MEDIUM,"Academic health system. /locations is a genuine locations page but renders its facility list through JavaScript filters (Find Adult Primary Care, Find Pediatric Primary Care, /locations/type/hospitals), so individual addresses were not readable; the page text does state the system serves the community from 'two Jacksonville hospitals' (UF Health Jacksonville downtown and UF Health North) and 'convenient care throughout Northeast Florida'. All 3 directory records are Jacksonville, which is confirmed published; the system may also publish other Northeast FL cities that were not enumerable, so cities_not_in_directory is left empty."
www-healthpro-heritage-com.sandbox.hs-sites.com,HealthPRO Heritage,,0,Lakeland|Riverview,,,,NO_LOCATIONS_PAGE,HIGH,"National contract-therapy management company (PT/OT/SLP staffing for skilled nursing, senior living, schools, pediatrics). The HubSpot sandbox host www-healthpro-heritage-com.sandbox.hs-sites.com resolves and serves the corporate site but has no locations link; the real corporate site healthpro-heritage.com also resolves and /locations returns 404. Navigation is Services / Clinical Specialties / Insights / Partner With Us / Careers only - no location directory, only a HubSpot 'Contact Us' form. Cannot establish a published Florida city list."
azultherapyservices.com,Azul Therapy Services,Hialeah|Miami,2,Hialeah|Miami,,,https://azultherapyservices.com/contact,MATCHED,HIGH,"Pediatric therapy provider in Miami-Dade. Contact page publishes three clinics: Kendall (13500 SW 88th St, Miami 33186), Hialeah (4236 W 16th Ave, Hialeah 33012), Little Havana (2140 W Flagler St, Miami 33135). Kendall and Little Havana are neighborhoods inside Miami, so distinct cities are Miami and Hialeah - both present in the directory. /locations serves the homepage, not a separate list."
physicalone.com,PhysicalOne Physical Therapy,Plantation|Tamarac,2,Fort Lauderdale|Lauderhill,Fort Lauderdale|Lauderhill,Plantation|Tamarac,https://physicalone.com/contact,MISMATCH,HIGH,"Broward County physical therapy practice. /locations 404s; the Contact page is the location list and publishes exactly two clinics: PhysicalOne Plantation (350 NW 70th Ave Suite A, Plantation FL 33317, main office) and PhysicalOne Tamarac (6471 W Commercial Blvd, Tamarac FL 33319). NEITHER directory city (Fort Lauderdale, Lauderhill) appears on the company site - both are unpublished. Lauderhill borders Plantation/Tamarac and Fort Lauderdale is nearby, so these look like stale or metro-area-labelled records."
physicaltherapygroupofflorida.com,Physical Therapy Group of Florida,Coral Springs|Fort Lauderdale,2,Coral Springs|Fort Lauderdale,,,https://www.physicaltherapygroupofflorida.com/contact-us/,MATCHED,HIGH,"Broward PT practice. /locations 404s; the Contact Us page is the location hub and links two clinic pages: Fort Lauderdale (2430 E Commercial Blvd, 33308) and Coral Springs (1310 N University Dr, 33071). Both directory cities match exactly."
positivebehaviorservices.com,Positive Behavior Services,,0,Fort Myers|Homestead,,,,NO_LOCATIONS_PAGE,MEDIUM,"ABA / autism therapy provider delivering in-home and school-based services. Site resolves but has no locations page: /locations serves the homepage with no city list, and /contact and /contact-us both fail with a robots.txt fetch error (partially bot-blocked). The only geography published is prose - 'South Florida' and 'Florida and Georgia'. No published city list, so no conclusion about the Fort Myers / Homestead records."
positivedevelopment.com,Positive Development,,0,Miramar|Plantation,,,,NO_LOCATIONS_PAGE,MEDIUM,"Multi-state developmental (non-ABA, relationship-based) autism therapy company offering in-home and in-center care. https://positivedevelopment.com/locations loads and is titled 'Locations | In-Home & In-Center Autism Services', but the entire location list is rendered client-side by a StoreRocket store-locator widget, so no city text is retrievable; /locations/florida 404s and the state page www.positivedevelopment.com/states/florida returned a server error on both attempts and also only contains the StoreRocket placeholder. No published city list could be extracted, so the Miramar/Plantation records cannot be judged. (Their own site does have a /florida/fort-lauderdale city page, which suggests city pages exist but no enumerable index was reachable.)"
ptprofessionals.net,PT Professionals,,0,Melbourne|Palm Bay,,,,NO_LOCATIONS_PAGE,LOW,"Brevard County outpatient physical therapy practice. Site is bot-blocked: the homepage loaded once (states it serves 'Brevard County, Florida' and names a Palm Bay clinic), but every subsequent page returns HTTP 429 / robots.txt rate-limit. /locations and /contact 404; the real hub is /contact-locations (found via site-restricted search) and it returned 429 on five separate attempts spread over several minutes. Could not read a published location list, so the Melbourne and Palm Bay records cannot be judged."
ptsbeyourbest.com,Pediatric Therapy Services (PTS),Brandon|Lakeland,2,Brandon|Lakeland,,,https://ptsbeyourbest.com/about/,MATCHED,MEDIUM,"Pediatric PT/OT/speech clinic group in the Tampa area. /locations 404s and the canonical Contact page (https://ptsbeyourbest.com/contact/) exists but would not load through the fetch proxy (alternating 404 / authentication errors on four attempts, including the www variant). Two other company pages agree on exactly two clinics: the About page names Brandon (813-662-1060) and Lakeland (863-802-3800), and the homepage gives the addresses 206 Ridgewood Ave, Brandon FL 33510 and 1215 E Orange St, Lakeland FL 33801. Both directory cities match; confidence MEDIUM only because the canonical locations page itself was unreachable."
puzzleboxacademy.com,Puzzle Box Academy,Melbourne|Palm Bay|Rockledge,3,Melbourne|Palm Bay,,Rockledge,https://puzzleboxacademy.com/locations,MATCHED,HIGH,"Autism/alternative-learning academy in Brevard County. Locations page publishes three campuses: Palm Bay (K-6), Melbourne (Legacy High School, 7-12), and Rockledge (Pre-K-3). Both directory cities are published. Rockledge is a published campus with no directory record - a possible addition."
qckinetix.com,QC Kinetix,,0,Pembroke Pines|West Palm Beach,,,,NO_LOCATIONS_PAGE,LOW,"National regenerative-medicine / joint-pain franchise ('over 100 locations nationwide'), not an autism or pediatric provider. /locations redirects to https://qckinetix.com/qc-locations/, which loads but is an interactive JavaScript location finder - no city text is present. Their HTML sitemap only lists child XML sitemaps, local-sitemap.xml points to locations.kml, and that KML contains a single generic placemark with no addresses; the /south-florida/ regional hub returned a server error. No enumerable Florida city list could be obtained. Note: site-restricted search of their own domain does surface qckinetix.com/fort-lauderdale/pembroke-pines/ and qckinetix.com/palm-beach/west-palm/ (West Palm Beach), so both directory cities plausibly exist, but I could not load a published locations list to confirm."
requestphysicaltherapy.com,ReQuest Physical Therapy,,0,Gainesville|Newberry,,,,NO_LOCATIONS_PAGE,LOW,"Outpatient physical therapy practice. Only https://requestphysicaltherapy.com/ ever loaded; every sub-page attempt (/locations, /locations/, /contact/, /contact-us/, /physical-therapy-clinic/, individual clinic pages) failed repeatedly over ~15 minutes with a robots.txt ConnectTimeout, i.e. the site is bot-blocked/robots-unreachable for the fetcher, not dead. Could not load a locations page, so no published list is established. For context only (not used as evidence): the homepage text says the practice has 'two convenient locations' and names Gainesville and Newberry/Tioga, which would be consistent with both directory records."
restorativespeechservicesinc.clientsecure.me,Restorative Speech Services Inc.,Deland|Port Orange,2,Deland|Port Orange,,,https://restorativespeechservicesinc.clientsecure.me/,MATCHED,MEDIUM,"Speech therapy practice. The domain is the practice's own SimplePractice client/booking portal rather than a conventional website, so there is no separate locations page; the portal's own office list is the published list and shows exactly two sites: Port Orange (3930 S Nova Rd, 100B) and DeLand (890 N Boundary Ave #200, inside a REV Physical Therapy office). Both directory cities match."
sflspineandsports.com,South Florida Spine & Sports Specialists,Miramar,1,Miramar,,,https://southfloridaspineandsports.com/contact-us/,MATCHED,HIGH,"sflspineandsports.com 302-redirects to southfloridaspineandsports.com. Single office: 3000 SW 148th Ave Suite 115, Miramar FL 33027, confirmed on both the homepage and the Contact Us page (no dedicated Locations page). Both directory records are Miramar, so they are duplicate records for one site."
skillpointtherapy.com,Skill Point Therapy,Brandon|Tampa,2,Brandon|Tampa,,,https://www.skillpointtherapy.com/contact/,MATCHED,HIGH,"Outpatient/pediatric therapy practice. /locations returns 404; the Contact page is the address list and shows exactly two Florida clinics: Tampa (13907 N. Dale Mabry Hwy, Ste 214) and Brandon (1463 Oakfield Dr, Ste 131)."
slmspeech.com,Speech Language & More,Boynton Beach|Sunrise,2,Boynton Beach|Sunrise,,,https://slmspeech.com/contact,MATCHED,HIGH,"Speech-language pathology practice. Contact page lists two offices: Sunrise (10286 NW 47th St, Broward) and Boynton Beach (9819 S Military Trail Ste D, Palm Beach). Both match directory records."
sloanestecker.com,Sloane Stecker Physical Therapy,Jupiter|West Palm Beach,2,Jupiter|West Palm Beach,,,https://sloanestecker.com/new-york-city-westchester-florida-physical-therapy-and-personal-training,MATCHED,HIGH,"Physical therapy / personal training studios, multi-state. The combined locations/contact page lists four studios: Lincoln Square (NYC) and Westchester (Irvington NY) out of state, plus Florida studios branded 'Palm Beach' (West Palm Beach) and Jupiter. Out-of-state studios excluded. Squarespace site; robots.txt intermittently blocked the fetch and several retries were needed."
smalltalkjax.com,Small Talk Speech Therapy,Jacksonville|Orange Park|Palatka|Saint Augustine,4,Jacksonville|Orange Park,,Palatka|Saint Augustine,https://www.smalltalkjax.com/locations,MATCHED,HIGH,"Pediatric speech therapy. Locations page lists four Florida clinics: Jacksonville (8777 San Jose Blvd), St. Augustine, Orange Park, Palatka, plus statewide telehealth. Both directory cities are published; Palatka and St. Augustine have no directory record."
soflopt.com,SoFloPT,Fort Lauderdale,1,Fort Lauderdale,,,https://soflopt.com/contact,MATCHED,HIGH,"Physical therapy / sports rehab. Four facilities, all within Fort Lauderdale (Sport - 224 SE 9th St; Rehab South - 805 SE 3rd Ave; Rehab North - 600 N Federal Hwy; Broward Sheriff's Office - 2601 W Broward Blvd). The /locations page resolves but its list is JavaScript-rendered and returned no addresses, so the Contact page was used. Both directory records are Fort Lauderdale."
southflaortho.com,South Florida Orthopaedics & Sports Medicine,,0,Port St.. Lucie,,,,NO_LOCATIONS_PAGE,LOW,"Orthopaedic group on Florida's Treasure Coast. Only https://southflaortho.com/ ever loaded; the Locations page and every other sub-page failed repeatedly over ~15 minutes with robots.txt ConnectTimeout / parse failure, i.e. bot-blocked for the fetcher, not dead. The homepage text names a service AREA (Fort Pierce, Port St. Lucie, Jensen Beach, Stuart, Palm City, Hobe Sound, Jupiter, Indiantown, Okeechobee), which is not an office list and was not used. Both directory records are Port St. Lucie duplicates of each other."
southflorida.easterseals.com,Easterseals South Florida,Miami|Miami Gardens|Pembroke Pines,3,Miami|Miami Gardens,,Pembroke Pines,https://southflorida.easterseals.com/about-us/locations-programs,MATCHED,HIGH,"Nonprofit disability services organization. Locations & Programs page lists nine sites: six in Miami (Civic Center, Kendall adult day care, Children's Village, Caleb Center, Culmer, Liberty Square), two in Miami Gardens (North County, Ophelia Brown) and one in Pembroke Pines. Both directory records match; the Pembroke Pines site has no directory record."
southfloridaaba.org,South Florida ABA Center,,0,Hialeah|Miami Lakes,,,,NO_LOCATIONS_PAGE,MEDIUM,"ABA therapy provider. Homepage loads but /locations returns a server error and /contact is 404 - no dedicated locations page exists. Homepage shows a single Miami Lakes address (14125 NW 80th Ave), which would suggest HIALEAH is unsupported, but per spec the location list cannot be inferred from the homepage."
spacecoastes.org,Space Coast Early Steps,,0,Melbourne|Rockledge,,,,NO_LOCATIONS_PAGE,LOW,"Florida Early Steps early-intervention program for infants/toddlers birth to age three. Site is largely bot-blocked - spacecoastes.org and /locations and /contact all return HTTP 403; only the www homepage rendered, and it publishes no location list. Services are described as delivered in the child's natural environment (home-based), so a clinic list may not exist. Cannot conclude anything about Melbourne or Rockledge."
specializedpediatriccare.com,Specialized Pediatric Care (SPC),Miami|Miami Springs,2,Miami,,Miami Springs,https://specializedpediatriccare.com/facility/,MATCHED,MEDIUM,"PPEC (prescribed pediatric extended care) center for Medicaid-eligible medically complex children. No /locations page; the Our Facility page lists two sites: SPC PPEC at 181 Westward Dr, Miami Springs and Specialized Therapy Center at 1501 NW 29th St, Miami. Directory's two MIAMI records match the Miami site; addresses on the site are inconsistent (homepage shows a third Miami address, 1601 NW 13th Ct), so treat with some caution. Miami Springs is published but has no directory record."
speechnow.info,"SpeechNow, LLC",Pembroke Pines,1,Pembroke Pines|Weston,Weston,,https://speechnow.info/contact-us%2Freviews,MISMATCH,MEDIUM,"In-home pediatric speech therapy practice. No /locations page (404); the Contact Us page is the only page publishing an address and shows exactly one office: 14380 SW 11th St, Pembroke Pines. Weston appears on the site only inside a list of in-home SERVICE AREAS (Pembroke Pines, Weston, Southwest Ranches, Cooper City, Sunrise), not as an office, so the directory's Weston record is a service-area entry rather than a real location."
speechtherapy305.com,Speech and Language Connection Services LLC,Hialeah Gardens,1,Hialeah|Hialeah Gardens,Hialeah,,https://speechtherapy305.com/contact,MISMATCH,MEDIUM,"Pediatric speech/language therapy practice. No /locations page (404); the Contact page is the only page with an address and publishes a single office: 10550 NW 77th Ct #224, Hialeah Gardens FL 33016. The directory's separate HIALEAH record is not published by the company - Hialeah and Hialeah Gardens are distinct cities, though the ZIP 33016 is shared, so the Hialeah record is likely a duplicate of the same office."
speechworksflorida.com,Speech Works Pediatric Therapy,Orange City|Ormond Beach|Palm Coast|Port Orange|Titusville,5,Orange City|Port Orange,,Ormond Beach|Palm Coast|Titusville,https://speechworksflorida.com/contact,MATCHED,HIGH,"Pediatric speech/OT/PT practice in Volusia, Flagler and Brevard counties. No /locations page (404), but the Contact page publishes the full five-office list, matching the homepage. Both directory cities (Orange City, Port Orange) are published. Three published offices - Ormond Beach, Palm Coast and Titusville - have no directory record."
sproutbehavioralservices.com,Sprout Behavioral Services,Hollywood|Wellington,2,Hollywood|Wellington,,,https://www.sproutbehavioralservices.com/contact,MATCHED,HIGH,"ABA provider. No /locations page (server error); the Contact page publishes both clinics and agrees with the homepage: 'Cooper City Clinic' at 11011 Sheridan St Ste 210, Hollywood FL 33026 (branded Cooper City but the postal city is Hollywood) and 'Wellington Clinic' at 1925 Birkdale Dr, Wellington FL 33414. Both directory cities match. Also offers in-home services across Broward and Palm Beach."
successonthespectrum.com,Success On The Spectrum (SOS),Clearwater|Tampa,2,Clearwater|Tampa,,,https://successonthespectrum.com/location/carrollwood/,MATCHED,MEDIUM,"National ABA franchise, 128 center pages in its own location sitemap; the /locations/ page renders its list only in JavaScript so no static FL list is available. Verified both directory cities on the company's own center pages: Carrollwood center = 4014 Gunn Hwy Ste 140, Tampa FL 33618, and Clearwater center = 13922 N 58th St Ste 900, Clearwater FL 33760. published_cities is NOT an exhaustive FL list - the chain's own location URLs also include Sanford, Longwood, Gulf Breeze, San Marco/Jacksonville, Plantation, Pompano Beach and FishHawk, which were not individually loaded, so cities_not_in_directory is left blank as not established."
sunshinekidzppec.com,Sunshine Kidz PPEC,,0,Fort Lauderdale|Hollywood,,,,NO_LOCATIONS_PAGE,LOW,"PPEC (prescribed pediatric extended care) provider in Broward County. No page on the domain could be loaded: apex, www, /locations and /contact all fail with a robots.txt connect timeout on repeated attempts, i.e. the host blocks the fetcher rather than being confirmed dead. Web search surfaces only third-party mentions, which cannot be used as evidence. Nothing can be concluded about the Fort Lauderdale or Hollywood records."
superkidsaba.com,Super Kids ABA Center,North Miami Beach,1,North Miami Beach,,,https://superkidsaba.com/contact-us/,MATCHED,HIGH,"ABA provider. No /locations page (404); the Contact Us page lists both centers: Super Kids Star Center, 16201 NE 13th Ave and Super Kids Sun Center, 17121 NE 6th Ave, both North Miami Beach FL 33162. Directory's two North Miami Beach records line up with the two published centers."
swflspeechtherapy.com,Southwest Florida Speech Therapy,Estero|Fort Myers,2,Estero|Fort Myers,,,https://www.swflspeechtherapy.com/contact-us/,MATCHED,HIGH,"Speech-language and occupational therapy practice in SWFL. No /locations page (404); Contact Us page publishes both offices with full addresses: 14260 Metropolis Ave Ste 103 Fort Myers and 9470 Corkscrew Palms Cir Ste 104 Estero. Site also names Cape Coral, Bonita Springs and Naples as service areas only, not offices."
tampabayphysicaltherapy.com,West Florida Orthopedic Rehabilitation,Tampa,1,Tampa,,,https://tampabayphysicaltherapy.com/locations,MATCHED,HIGH,"Orthopedic physical therapy practice. Locations page lists two clinics, both in Tampa: North Clinic 3842 W Humphrey St and South Clinic 3670 Henderson Blvd Ste A. Directory's two Tampa records line up with the two Tampa clinics."
thefloridacenter.org,The Florida Center for Early Childhood,North Port|Sarasota,2,North Port|Sarasota,,,https://www.thefloridacenter.org/contact/,MATCHED,HIGH,"501(c)(3) nonprofit providing therapeutic services and early education in southwest Florida. Contact page publishes exactly two campuses: 4620 17th St, Sarasota and 6929 Outreach Way, North Port."
therapeuticrehabspecialists.com,Therapeutic Rehab Specialists,Brandon|Lakeland|Pinellas Park,3,Lakeland,,Brandon|Pinellas Park,https://therapeuticrehabspecialists.com/contact/,MATCHED,MEDIUM,"Physical therapy / wellness practice. No dedicated locations page; Contact page lists three Florida offices (Brandon, Lakeland, Pinellas Park) by city and phone only, no street addresses. Pinellas Park is flagged 'Telemedicine Only'. Directory's only city (Lakeland) is published, but the directory holds TWO Lakeland records for what the site presents as one Lakeland office - likely a duplicate."
therapy-alliance.com,Therapy Alliance,Miami,1,Hialeah|Miami Lakes,Hialeah|Miami Lakes,Miami,https://therapy-alliance.com/contact/,MISMATCH,HIGH,"Pediatric speech/OT provider. Contact page publishes ONE office: 14040 NW 7th Ave, Miami FL 33168. Neither directory city is an office. Hialeah appears only in the site's 'service areas' list (in-home/school-based coverage), and Miami Lakes is not mentioned anywhere on the site. Both directory records appear to be service-area entries, not real locations."
tlcpediatrictherapy.com,TLC Pediatric Therapies,,0,Orlando,,,,NO_LOCATIONS_PAGE,LOW,"Pediatric PT/OT/speech provider, self-described as Orlando-based. Site is bot-blocked: only the bare homepage loaded once, and every subsequent fetch (homepage, www variant, /locations, /our-locations/, /get-in-touch/, /about/our-clinic/) failed with repeated robots.txt fetch timeouts across 6+ retries. The homepage names only counties served (Orange, Osceola, Seminole), no clinic addresses, so no location list could be read. Could not verify the Orlando records either way."
tlhproject.com,The Lighthouse Children Therapy Center,,0,Miami|Miami Springs,,,,NO_LOCATIONS_PAGE,LOW,"Bilingual pediatric/ABA therapy center (Spanish-language site with /en/ path). Site is bot-blocked: no page loaded at all across 6+ retries on the homepage, www variant, /en/, /en/ubicaciones/ (their locations page), /en/contacto/ and /en/sobre-nosotros/ - all failed with robots.txt fetch timeouts. A locations page (/en/ubicaciones/) is known to exist from search results but could not be loaded, so its contents were not read and no conclusion can be drawn about the Miami and Miami Springs records."
tospt.com,Tallahassee Orthopedic & Sports Physical Therapy (TOSPT),Crawfordville|Live Oak|Tallahassee,3,Tallahassee,,Crawfordville|Live Oak,https://tospt.com/locations/,MATCHED,HIGH,"Orthopedic/sports physical therapy group. Locations page lists 4 clinics: two in Tallahassee (1891 Capital Circle NE #2; 800 Ocala Rd Ste 130), plus Crawfordville (2887 Crawfordville Hwy Ste 3) and 'Badcock Plaza' at 1431 Ohio Ave N in Live Oak. The homepage nav mislabels Badcock Plaza as Tallahassee; the locations page address is Live Oak. Directory's two Tallahassee records match the two Tallahassee clinics."
totallifecounseling.com,Total Life Counseling Center,Boca Raton|Clermont|Lake Mary|Orlando|Winter Park,5,Orlando|Tampa,Tampa,Boca Raton|Clermont|Lake Mary|Winter Park,https://www.totallifecounseling.com/counseling-centers/,MISMATCH,MEDIUM,"Counseling practice, offices in Central Florida plus Boca Raton and one in Dallas TX (out of state, excluded). Locations page publishes street addresses for 6 offices: Orlando/Metro West, East Orlando, Winter Park, Lake Mary, Clermont, Boca Raton. TAMPA has NO published street address - only a Tampa phone number (813) 725-2714 and a marketing section /tlc-therapy-tampa/ for tele-therapy. Directory's Tampa record has no office behind it on the company's own locations page."
tukkosabatherapy.com,Tukkos Therapy Center Inc.,Cape Coral,1,Cape Coral,,,https://www.tukkosabatherapy.com/contact,MATCHED,HIGH,"Family-owned ABA therapy center. No dedicated locations page; Contact page publishes a single office: 1510 Santa Barbara Blvd, Cape Coral FL 33991. Directory holds TWO Cape Coral records for this one published site - likely a duplicate."
aaspeech.com,All About Speech & Language (AASL Therapy),Tampa|Valrico,2,Tampa|Valrico,,,https://aaspeech.com/get-started/,MATCHED,HIGH,"Pediatric speech/OT practice in Tampa Bay. /locations 404s; the Get Started (Contact) page lists exactly two offices: Brandon/Valrico (1452 Bloomingdale Ave, Valrico 33596) and South Tampa (324 N. Dale Mabry Hwy, Tampa 33609). Homepage nav has matching per-location pages. Teletherapy also offered."
yourphysicaltherapyexperts.com,,,0,Orlando|Port Orange,,,,NO_LOCATIONS_PAGE,LOW,"Could not load any page: every fetch (root, www, /locations, /contact) failed at the robots.txt step with SSL: CERTIFICATE_VERIFY_FAILED / robots parse failure, i.e. the site's TLS certificate chain is broken or the host blocks the fetcher. Retried four times. Not called SITE_DEAD because the failure is TLS/robots-level, not a confirmed NXDOMAIN. Web search surfaced no company page under this domain, so the company could not be identified. Nothing can be concluded about Orlando or Port Orange."
abafoundations.com,ABA Foundations (ABAF),Palm Beach Gardens|Stuart,2,Palm Beach Gardens|Stuart,,,https://www.abafoundations.com/contact,MATCHED,HIGH,"ABA therapy provider on the Treasure Coast / northern Palm Beach County. No /locations page (404); Contact page lists exactly two centers: 1806 SE Indian St, Stuart 34997 and 3375 Burns Rd Ste 201, Palm Beach Gardens 33410. Both directory cities match."
abaresults.com,ABA Results,Fort Myers|Gainesville,2,Fort Myers|Gainesville,,,https://abaresults.com/contact-us,MATCHED,HIGH,"ABA/autism services provider (also runs Lee Autism Academy). No /locations page (404); Contact Us page lists three offices in two cities: 3661 Central Ave and 3660 Central Ave Ste 1 in Fort Myers, plus 3669 SW 2nd Ave in Gainesville. Homepage also flags a 4th location 'coming soon' with no city given."
advancetherapycenter.com,Advance Therapy Center,Miami|Miami Lakes,2,Hialeah|Miami,Hialeah,Miami Lakes,https://advancetherapycenter.com/location/,MISMATCH,MEDIUM,"Outpatient orthopedic PT practice. /locations 404s; the real page is /location/ and publishes exactly two clinics: 8000 W Flagler St Ste 103, Miami 33144 and the 'Miami Lakes' clinic at 18590 NW 67th Ave Ste 202, Miami FL 33015. Hialeah is not a published clinic city. Caution: the site runs SEO service-area pages (/physical-therapy-hialeah-fl/, Pembroke Pines, Miramar, West Hollywood, Country Club of Miami) that are marketing pages, not offices, and the 33015 address sits near the Hialeah/Miami Lakes line, so the Hialeah directory record may be a mislabelled version of that second clinic."
akltherapy.com,AKL Therapy,Longwood|Miami Springs,2,Longwood|Miami Springs,,,https://akltherapy.com/locations,MATCHED,HIGH,"Pediatric therapy provider. /locations loaded directly and lists two clinics: 'Miami Clinic' at 101 Westward Dr Ste 103, Miami Springs 33166 and 'Orlando Clinic' at 1712 N Ronald Reagan Blvd, Longwood 32750. Note the clinics are branded by metro (Miami/Orlando) but the actual cities are Miami Springs and Longwood, matching the directory."
aligntherapy.org,"Align Physical Therapy, Inc.",,0,Indian Harbour Beach|Melbourne Beach,,,,NO_LOCATIONS_PAGE,LOW,"Brevard County physical therapy practice. The site is live (it appears in search) but every fetch attempt (root, www, /our-physical-therapy-clinic/, /physical-therapy-clinic/) failed at the robots.txt step with ConnectTimeout / parse failure across five retries, so no page could actually be loaded and read. Per the rules this is bot-block/unreachable, not SITE_DEAD. Search titles suggest clinic pages for Indian Harbour Beach, Melbourne Beach and Micco, but that is not company-site evidence, so no conclusion drawn about the two directory cities."
alkemesportsrx.com,Alkeme Sports Rx,Davie|Miami,2,Davie|Miami,,,https://alkemesportsrx.com/locations,MATCHED,HIGH,Sports physical therapy practice. /locations loaded directly and publishes two Florida locations: Davie and Miami (the Miami site is described as Brickell). Both directory cities match.
alwayskeepprogressing.com,Always Keep Progressing LLC,Miami,1,Miami Gardens|North Miami,Miami Gardens|North Miami,Miami,https://alwayskeepprogressing.com/contact,MISMATCH,MEDIUM,"ABA/speech/music therapy and autism diagnostics provider in Miami-Dade. /locations and /clinic-locations both 404; the Contact page publishes a single address: 11601 Biscayne Blvd Ste 312, Miami FL 33181. Neither directory city (Miami Gardens, North Miami) is published. Caveats: the homepage refers to a 'Miami Shores clinic' and lists Miami, North Miami, Aventura, Doral etc. as service areas, not offices, and the 33181 address sits on the North Miami / Miami Shores boundary, so the North Miami record may be this same clinic mislabelled. Miami Gardens has no support on the company site at all and is the stronger flag."
amfhealthcare.com,Advanced Medical of Florida,Clearwater|Largo|Saint Petersburg,3,Clearwater|Largo,,Saint Petersburg,https://amfhealthcare.com/contact-us/,MATCHED,HIGH,"Multi-specialty pain management / chiropractic / PT group in Pinellas County. /locations 404s; Contact Us page lists three clinics: 1528 Lakeview Rd Ste 150, Clearwater 33756; 8122 118th Ave N, Largo 33773; 6450 38th Ave N Ste 320, St. Petersburg 33710. Both directory cities are published; the directory is missing the St. Petersburg office."
apd.myflorida.com,Florida Agency for Persons with Disabilities (APD),Daytona Beach|Fort Lauderdale|Fort Myers|Gainesville|Jacksonville|Lakeland|Miami|Orlando|Panama City|Pensacola|Tallahassee|Tampa|West Palm Beach|Wildwood,14,Gainesville|Tallahassee,,Daytona Beach|Fort Lauderdale|Fort Myers|Jacksonville|Lakeland|Miami|Orlando|Panama City|Pensacola|Tampa|West Palm Beach|Wildwood,https://apd.myflorida.com/region/,MATCHED,HIGH,"State agency, not a private chain. /region/ is a county map index with no addresses; the six regional pages (northwest, northeast, central, suncoast, southeast, southern) each publish the regional office plus field offices. Both directory cities confirmed: Tallahassee (Northwest regional office, 3800 Esplanade Way; state office at 4030 Esplanade Way) and Gainesville (Northeast field office, 1621 NE Waldo Rd). Central and Suncoast field offices in Wildwood, Lakeland and Fort Myers are named by city without a street address. /region/contact/ failed on robots.txt."
arcbroward.com,Arc Broward,Sunrise,1,Oakland Park|Sunrise,Oakland Park,,https://arcbroward.com/contact-us/,MISMATCH,MEDIUM,"Nonprofit serving people with disabilities in Broward County. /locations/ 404s; the Contact Us page publishes exactly one address, the main campus at 10250 NW 53rd St, Sunrise FL 33351. Oakland Park does not appear anywhere on the site as a location. Single published location vs. two directory records."
arcjacksonville.org,The Arc Jacksonville,Jacksonville,1,Jacksonville,,,https://arcjacksonville.org/contact-us/,MATCHED,HIGH,"Nonprofit for adults with developmental disabilities. Contact page lists four sites - 1050 N Davis St (admin/Triumph Industries/Career Campus), 4401 Wesconnett Blvd (Achievement & Enrichment Center), 1 UNF Dr Bldg 57 (On Campus Transition), 3675 Kirbo Way (The Arc Jacksonville Village) - all in Jacksonville."
atlanticrehabcenter.com,Atlantic Rehabilitation Center,Davie|North Miami Beach|Pembroke Pines,3,North Miami Beach|Pembroke Pines,,Davie,https://www.atlanticrehabcenter.com/physical-therapy-clinic,MATCHED,HIGH,"Physical therapy / rehab clinics. /locations 404s; the clinic list lives at /physical-therapy-clinic. Three Florida clinics (Davie, Pembroke Pines, North Miami Beach) plus one in Knoxville TN which is excluded. Both directory cities are published; the directory is missing the Davie clinic."
atouchofhopeot.com,A Touch of Hope Occupational Therapy,Aventura,1,Aventura|Miami,Miami,,https://atouchofhopeot.com/contact,MISMATCH,MEDIUM,"Pediatric OT practice that is largely mobile ('No need to sit in traffic. We come to you - home/school'). The only physical address published is 19400 Turnberry Way, Aventura FL 33180. Miami appears only inside a list of service areas (Miami, Hallandale Beach, Sunny Isles Beach, North Miami Beach, Bal Harbour, Hollywood, Fort Lauderdale), not as an office - so the Miami record looks like a service-area listing, not a real second location."
axispropt.com,AxisPro Physical Therapy,Melbourne|Palm Bay|Rockledge,3,Melbourne|Palm Bay,,Rockledge,https://axispropt.com/contact,MATCHED,HIGH,"Brevard County PT clinics. /locations 404s; the clinic list is on /contact - Melbourne (405 N Wickham Rd), Rockledge (760 Barnes Blvd) and Palm Bay (5240 Babcock St NE). Both directory cities are published; the directory is missing the Rockledge clinic."
backtoyourehab.com,Back to You Rehabilitation,Fort Pierce|Port Saint Lucie,2,Fort Pierce|Port St.. Lucie,,,https://backtoyourehab.com/locations,MATCHED,HIGH,"PT/rehab network with facilities in Michigan and Florida. Locations page lists exactly two Florida sites, Ft. Pierce and Port St. Lucie; both match the directory. Street addresses live on the individual location subpages."
baptisthealth.net,Baptist Health South Florida,Boynton Beach|Coral Gables|Doral|Homestead|Marathon|Miami|Miami Beach|South Miami|Tavernier,9,Coral Gables|Miami Beach,,Boynton Beach|Doral|Homestead|Marathon|Miami|South Miami|Tavernier,https://baptisthealth.net/baptist-health-foundation/our-focus/hospitals,MATCHED,MEDIUM,"Large South Florida health system. The main /locations finder is a JavaScript-rendered search with no static list, so the hospital roster came from the Foundation's hospitals page (Doral, Baptist Hospital and Baptist Children's in Miami, Bethesda East/West in Boynton Beach, Doctors Hospital in Coral Gables, Fishermen's Community in Marathon, Homestead, Mariners in Tavernier, South Miami, West Kendall Baptist which is in Miami). Both directory cities confirmed: Coral Gables (Doctors Hospital) and Miami Beach (Baptist Health Urgent Care, 709 Alton Rd, verified on its own location page). published_cities covers hospitals plus the verified Miami Beach site only - the system also runs hundreds of outpatient sites across South Florida that could not be enumerated, so cities_not_in_directory is indicative, not exhaustive."
baysidetherapyspecialists.com,Bayside Therapy Specialists,Clearwater|New Port Richey,2,Clearwater|New Port Richey,,,https://baysidetherapyspecialists.com/contact,MATCHED,HIGH,"Mental health / therapy practice in Pasco-Pinellas. Contact page publishes two clinics: 5647 Gulf Dr, New Port Richey and 1700 N McMullen Booth Rd Ste D-4, Clearwater. Both match the directory."
bayviewtherapy.com,Bayview Therapy,Coral Springs|Fort Lauderdale|Plantation,3,Coral Springs|Fort Lauderdale,,Plantation,https://www.bayviewtherapy.com/contact-us,MATCHED,HIGH,"Broward County counseling/psychiatry practice. /locations/ 404s; the office list is on /contact-us - Fort Lauderdale (2419 E Commercial Blvd), Coral Springs (7451 Wiles Rd) and Plantation (1776 N Pine Island Rd). Both directory cities are published; the directory is missing the Plantation office."
bcckids.org,Broward Children's Center,,0,Pompano Beach,,,,NO_LOCATIONS_PAGE,MEDIUM,"Nonprofit serving medically fragile / developmentally disabled children since 1971. The bare domain bcckids.org fails DNS; www.bcckids.org homepage loads but has no dedicated Locations page and /contact-us/ returns 404. The homepage footer shows only one address, 200 SE 19th Ave, Pompano Beach (plus the CompCare pediatric skilled nursing facility, also Pompano Beach), which is consistent with both directory records, but no published location list exists to compare against."
behavior-analysis.org,"Behavior Analysis, Inc.",Davie|Kendall,2,Davie,,Kendall,https://behavior-analysis.org/locations,MATCHED,HIGH,"ABA provider. Locations page lists the main office, the Broward Treatment Center and the Florida Autism Treatment Center (all Davie), plus a Miami-Dade Treatment Center in Kendall. A 'Palm Beach' office is named by county only with no city, so it was not counted. Company also advertises in-home/school/work services."
behaviorbasicsinc.com,"Behavior Basics, Inc.",Melbourne|Port Saint Lucie,2,Melbourne|Port St.. Lucie,,,https://behaviorbasicsinc.com/locations,MATCHED,HIGH,"ABA provider. Locations page lists exactly two clinics: Melbourne (2401 W. Eau Gallie Blvd, Suite 5) and Port St. Lucie (1801 SE Hillmoor Dr, Suites B101-103). Both directory records match; PORT ST. LUCIE treated as Port Saint Lucie per the St./Saint rule."
bigbearacademyppec.com,Big Bear Academy PPEC,Davie|Miami,2,Davie|Miami,,,https://www.bigbearacademyppec.com/contact-us,MATCHED,HIGH,Prescribed Pediatric Extended Care (PPEC) provider. The bare domain is fully disallowed by robots.txt and /locations times out; the www Contact page loaded and publishes exactly two centers: Miami (9035 SW 72nd St) and the Broward center in Davie (4701 S State Rd 7). Both directory records match.
bmmaba.com,Bless My Mind ABA Therapy,Miami Lakes,1,Hialeah|Miami Lakes,Hialeah,,https://www.bmmaba.com/contact,MISMATCH,HIGH,"ABA provider. /locations is a 404; the Contact page publishes a single clinic address, 7900 NW 155th St Suite 204, Miami Lakes, FL 33016, and the homepage describes the service area as Miami Lakes / Miami-Dade County. The directory's HIALEAH record has no counterpart anywhere on the company's own site."
brightsideabatherapy.com,Brightside ABA,Lakeland|Oldsmar|Riverview|Sun City Center,4,Riverview|Sun City Center,,Lakeland|Oldsmar,https://brightsideabatherapy.com/florida-aba-therapy-service-areas-brightside-aba,MATCHED,HIGH,"Multi-state ABA provider (FL, VA, NC). /locations is a 404; the Florida service-areas page is the state location list and names four FL sites. Riverview (2906 S. Falkenburg Rd) and Sun City Center (139 S Pebble Beach Blvd Suite 100) carry street addresses and match the directory. Oddity: the Riverview clinic's own page is titled 'ABA Therapy Tampa FL' though the address is Riverview. Oldsmar is listed without an address."
cadenzacenter.com,Cadenza Center for Psychotherapy and the Arts,Hollywood,1,Hollywood,,,https://cadenzacenter.com/contact-us/,MATCHED,HIGH,"Mental health and creative-arts therapy practice founded 2001 by Dr. Michelle Hintz; offers DIR/Floortime and sensory integration. /locations is a 404; the Contact page publishes one office, 450 N Park Road #400, Hollywood, FL 33021, serving greater Broward County. Both directory records are in that same city."
centralfloridatherapysolutions.com,"Central Florida Therapy Solutions, Inc.",Longwood|Orange City,2,Longwood|Orange City,,,https://centralfloridatherapysolutions.com/,MATCHED,MEDIUM,"Pediatric speech/PT/OT/music therapy provider. Single-page style site: /locations, /contact and /contact-us all return 404, and the location block lives on the homepage itself, where both clinics are published in full with separate addresses and phone numbers: Longwood (455 W. Warren Ave Ste 200, 407-260-0551) and Orange City (2705 Rebecca Ln Ste B, 386-532-8255). Confidence MEDIUM only because the list came from the homepage rather than a dedicated locations page; both directory cities are explicitly published."
cfldreamplex.com,Central Florida Dreamplex,Clermont|Orlando,2,Clermont|Orlando,,,https://cfldreamplex.com/locations,MATCHED,HIGH,"Adaptive recreation and therapy facility. Locations page states programs are offered at two Dreamplex locations: Clermont (2400 S Hwy 27 Suite B201) and Orlando (5165 Adanson Street), plus partner venues around Greater Orlando that are not company-owned sites and were excluded. Both directory records match."
childrensbehavioralint.com,Children's Behavioral Intervention,Hialeah|West Palm Beach,2,Palm Springs|West Palm Beach,Palm Springs,Hialeah,https://childrensbehavioralint.com/contact/,MISMATCH,HIGH,"ABA provider delivering services in home, school and community settings. /locations is a 404; the Contact page publishes exactly two offices: West Palm Beach (1601 Belvedere Rd, E300, 33406) and Hialeah (1665 W 68th St #208, 33014). The directory's PALM SPRINGS record has no counterpart on the company site — Palm Springs is a separate village in Palm Beach County and is not the same as West Palm Beach. Conversely the company's Hialeah office has no directory record."
childrenscommunication.com,"Children's Communication Center, Inc.",,0,Tallahassee,,,,NO_LOCATIONS_PAGE,MEDIUM,"Solo speech-language pathology practice (Lori Savage Grayson, MMSc, CCC-SLP) in Tallahassee. Homepage loaded but has no Locations page and no address block; /contact and /contact-us both failed with robots.txt fetch errors / self-signed SSL cert, so the site is effectively bot-blocked beyond the homepage. Cannot establish a published location list. Both directory records are Tallahassee and the practice appears to be single-site."
childrensdiagnostic.org,Children's Diagnostic & Treatment Center (CDTC),Fort Lauderdale,1,Fort Lauderdale,,,https://childrensdiagnostic.com/contact/,MATCHED,HIGH,"childrensdiagnostic.org 302-redirects to childrensdiagnostic.com. Broward County nonprofit serving medically fragile children and children with special healthcare needs. Contact page publishes a single site: 1401 South Federal Highway, Fort Lauderdale, FL 33316. Both directory records are Fort Lauderdale."
childrensrehabppec.com,Children's Rehab PPEC,Lehigh Acres|Miami Gardens,2,Lehigh Acres|Miami Gardens,,,https://childrensrehabppec.com/,MATCHED,HIGH,"Prescribed pediatric extended care (PPEC) operator. /locations and /ppec-locations both return 404; the site lists its centers directly on the homepage under a Locations nav with per-center pages (/ppec-in-miami-gardens-fl/, /ppec-in-lehigh-acres-fl/): 2727 NW 167th St, Miami Gardens FL 33056 and 3020 Lee Blvd, Lehigh Acres FL 33971. Exactly matches the two directory records."
coastaltherapy.net,Coastal Therapy (unconfirmed),,0,Jacksonville|Jacksonville Beach,,,,NO_LOCATIONS_PAGE,LOW,"Site is bot-blocked: every URL tried (/, /locations, /contact/ on both coastaltherapy.net and www) returns only a JavaScript-challenge interstitial ('You are being redirected... Javascript is required'). No page content, company name, or address could be read from the company's own site, so no location list could be established. Directory has Jacksonville and Jacksonville Beach records; neither confirmed nor refuted."
commdisorders.cci.fsu.edu,FSU School of Communication Science & Disorders (L.L. Schendel Speech & Hearing Clinic),Tallahassee,1,Tallahassee,,,https://commdisorders.cci.fsu.edu/speech-hearing-clinic/,MATCHED,HIGH,"Florida State University academic department, not a chain. The Speech & Hearing Clinic page publishes one location: 201 W. Bloxham, Warren Building, Tallahassee, FL 32306. Both directory records are Tallahassee."
compassionbehavioralhealth.com,Compassion Behavioral Health,Fort Lauderdale|Hollywood,2,Hollywood,,Fort Lauderdale,https://compassionbehavioralhealth.com/locations/,MATCHED,HIGH,"Mental health / addiction / dual-diagnosis treatment provider. Locations page states 'Two South Florida facilities': Hollywood, FL 33020 (detox/residential) and 1425 NW 62nd St, Fort Lauderdale, FL 33309 (PHP/IOP). Both directory records are Hollywood, so all directory cities are published; the Fort Lauderdale facility has no directory record. Minor oddity: the homepage gives the Hollywood address as 1701 Mayo St while the locations page gives 2500 Hollywood Blvd Suite 400 — same city either way."
complete-care.com,Complete Care (injury/accident care clinics),Brandon|Casselberry|Clermont|Cocoa|Davenport|DeBary|DeLand|Eustis|Fruitland Park|Kissimmee|Lady Lake|Lake Mary|Lakeland|Leesburg|Melbourne|Ocala|Orlando|Oviedo|Palm Bay|Plant City|Saint Cloud|Tampa|Temple Terrace|Wesley Chapel|Winter Haven,25,Lakeland|Palm Bay,,Brandon|Casselberry|Clermont|Cocoa|Davenport|DeBary|DeLand|Eustis|Fruitland Park|Kissimmee|Lady Lake|Lake Mary|Leesburg|Melbourne|Ocala|Orlando|Oviedo|Plant City|Saint Cloud|Tampa|Temple Terrace|Wesley Chapel|Winter Haven,https://www.complete-care.com/locations/,MATCHED,HIGH,"30+ clinic Central Florida chain treating auto-accident and slip-and-fall injuries (not an autism/pediatric specialist). Locations page lists 30 Florida clinics; several are marketed under neighborhood names that resolve to one city (Waterford Lakes, South Semoran, MetroWest, Maitland, Hunter's Creek, Colonialtown all = Orlando; Carrollwood and Town N Country = Tampa; Poinciana = Kissimmee; The Villages = Lady Lake), which is why 30 addresses collapse to 25 distinct cities. Both directory cities (Lakeland 1205 E Magnolia St; Palm Bay 160 Malabar Rd) are published."
corevaluesptorlando.com,Core Values Physical Therapy,Orlando,1,Altamonte Springs|Orlando,Altamonte Springs,,https://www.corevaluesptorlando.com/contact-us,MISMATCH,MEDIUM,"Single-clinic performance/physical therapy practice. Contact page publishes exactly one address: 5826 Hoffner Ave #1004, Orlando, FL 32822. Homepage likewise markets only Orlando ('Orlando's Elite Performance and Physical Therapy'). The directory's ALTAMONTE SPRINGS record has no counterpart on the company's site. Note: /locations and /contact returned robots.txt fetch failures; /contact-us loaded cleanly."
counselingsoflo.com,South Florida Counseling & Assessment,Fort Lauderdale|Miami,2,Fort Lauderdale|Miami,,,https://soflocounseling.com/locations/,MATCHED,MEDIUM,"counselingsoflo.com 302-redirects to soflocounseling.com. Counseling/psychological assessment practice. The /locations/ page loaded but is largely JavaScript-rendered; the readable text states services are offered 'across Miami and Fort Lauderdale' without street addresses, so the two cities are confirmed but the exact office addresses could not be extracted. Both directory records match."
easterseals.com,Easterseals (national org; Florida affiliates),Bunnell|Daytona Beach|DeLand|Fruitland Park|Gainesville|Miami|Naples|New Smyrna Beach|Palatka|Palm Bay|Palm Coast|Pembroke Pines|Port Saint Lucie|Sarasota|Sorrento|Valrico|West Palm Beach|Winter Park,18,Daytona Beach|Miami,,Bunnell|DeLand|Fruitland Park|Gainesville|Naples|New Smyrna Beach|Palatka|Palm Bay|Palm Coast|Pembroke Pines|Port Saint Lucie|Sarasota|Sorrento|Valrico|West Palm Beach|Winter Park,https://florida.easterseals.com/about-us/locations-programs,MATCHED,MEDIUM,"National federation of independent affiliates; easterseals.com/find-your-easterseals and /get-involved/find-a-location are both disallowed by easterseals.com robots.txt, so the Florida list was read from two Easterseals-owned pages: the Easterseals Florida affiliate locations page (19 sites across 15 cities, Winter Park HQ) and easterseals.com/connect-locally/online-network-affiliates_old.html, which adds Palatka, Pembroke Pines, Sarasota and the Easterseals South Florida (Miami) sites. Both directory cities are published: Daytona Beach (Early Steps North Beaches / Explorer Academy) and Miami (Easterseals South Florida). Confidence MEDIUM because one source page is an '_old' archived affiliate listing and Florida is served by several separate affiliates rather than one location index."
firstwordspediatrictherapy.com,First Words Pediatric Therapy,West Palm Beach,1,Palm Springs|West Palm Beach,Palm Springs,,https://firstwordspediatrictherapy.com/contact/,MISMATCH,HIGH,"Bilingual pediatric speech/language therapy practice. /locations returns 404; the Contact page is the site's location list and shows two addresses, both in West Palm Beach (1225 S Military Trail Ste D 33415 and 1850 Forest Hill Blvd Ste 100 33406). No Palm Springs location is published anywhere on the site."
fl-mentor.com,Florida Mentor (Sevita / Mentor Community Services),Daytona Beach|Gainesville|Tampa,3,Daytona Beach|Gainesville,,Tampa,https://locations.sevitahealth.com/united-states/fl/daytona-beach/,MATCHED,MEDIUM,"fl-mentor.com 302-redirects to the parent brand at sevitahealth.com/mentor-community-services/florida-mentor/ (services for adults with IDD). That brand page lists only the Tampa state office (3258 Breckenridge Pkwy). The company's own location finder at locations.sevitahealth.com confirms both directory cities: Florida Mentor Daytona Beach (1725 5th St, 32117) and Florida Mentor - Gainesville (5915 NW 39th Ave, 32606, at /united-states/fl/gainesville/florida-mentor-gainesville/805). The Florida state index page on that finder returns 403 to automated fetches, so the complete Florida city list could not be enumerated - hence MEDIUM confidence and cities_not_in_directory may be incomplete."
florehabcenter.com,FloRehab Center,Edgewater|Ormond Beach|Port Orange,3,Ormond Beach|Port Orange,,Edgewater,https://florehabcenter.com/contact-us/,MATCHED,HIGH,"Outpatient physical therapy practice serving Volusia County. Contact Us page lists three clinics with full addresses: Ormond Beach (739A S Nova Rd), Port Orange (1402 Dunlawton Ave Ste 4D), Edgewater (2010 S Ridgewood Ave). Both directory cities are published; Edgewater clinic is missing from the directory."
floridahandtherapy.com,Florida Hand Therapy,,0,Dania Beach|Stuart,,,,NO_LOCATIONS_PAGE,LOW,"Site is bot-blocked: every URL tried (/, /locations, /locations/, /contact-us, with and without www) returns only a JavaScript-required interstitial ('You are being redirected... Javascript is required'). No page content could be read, so no location list could be established."
floridahealth.gov,Florida Department of Health,Jacksonville|Miami|Orlando|Pensacola|Tallahassee|Tampa,6,Tallahassee,,Jacksonville|Miami|Orlando|Pensacola|Tampa,https://www.floridahealth.gov/individual-family-health/disability-rehabilitation/disability-determinations/area-offices/,MATCHED,MEDIUM,"State agency, not a private chain. There is no single site-wide locations page: floridahealth.gov/all-county-locations.html and the County Health Department Location Finder are JavaScript search widgets that render no addresses to a fetch, and individual county subdomains (leon.floridahealth.gov) block automated fetches at robots.txt. The Disability Determinations Area Offices page did load and is the source used: it publishes offices in Tallahassee (administration plus Central Areas I-III), Jacksonville, Miami, Orlando, Pensacola and Tampa. The directory's two TALLAHASSEE records are published. cities_not_in_directory is not meaningful for this agency - DOH operates a county health department in all 67 Florida counties, so the listed cities are only those from the one page that could be read."
foxpt.com,Fox Physical Therapy,Boca Raton|Homestead|Miami|Weston,4,Miami,,Boca Raton|Homestead|Weston,https://foxpt.com/locations,MATCHED,HIGH,"Outpatient physical therapy group. /locations lists six South Florida offices plus one in Denver CO (excluded). Three of the six are in Miami (Edgewater/Wynwood, Brickell, West Kendall), matching the directory's two Miami records; Homestead, Boca Raton and Weston clinics are not in the directory."
fussiontherapy.com,Fussion Therapy Inc,Hialeah Gardens,1,Hialeah|Hialeah Gardens,Hialeah,,https://www.fussiontherapy.com/contact/,MISMATCH,HIGH,"Pediatric speech/OT/PT and PPEC provider. No dedicated Locations page; the Contact page is the site's address list and shows a single office: 8040 NW 95th St Suite 337, Hialeah Gardens FL 33016. The directory's separate Hialeah record is not published on the company site."
gigisplayhouse.org,GiGi's Playhouse (Down Syndrome Achievement Centers),Fort Myers|Tampa,2,Fort Myers|Tampa,,,https://gigisplayhouse.org/locations/,MATCHED,HIGH,National nonprofit network of Down syndrome achievement centers. The national Locations page lists centers by state; Florida shows exactly two - Fort Myers and Tampa - both present in the directory.
gulfshorebh.com,Gulfshore Behavioral Health,Fort Myers,1,Fort Myers,,,https://gulfshorebh.com/location,MATCHED,HIGH,"Psychology/psychiatry practice (in-person plus telehealth). The site's Location page lists a single office: 1555 Matthew Drive, Fort Myers FL 33907. Both directory records are Fort Myers, so they match; note the directory holds two records for what the company publishes as one office."
holisticfamilyot.com,"Holistic Family Occupational Therapy, LLC",Lake Worth Beach,1,Lake Worth Beach|Palm Springs,Palm Springs,,https://holisticfamilyot.com/contact-us/,MISMATCH,MEDIUM,"Solo pediatric OT practice. No dedicated Locations page; the Contact Us page states the practice is 'located in Lake Worth and servicing Palm Beach County' and gives no street address. Treated published 'Lake Worth' as the directory's LAKE WORTH BEACH (same municipality, renamed 2019). Palm Springs is not published anywhere on the site. Confidence MEDIUM because the site publishes no street addresses at all."
holy-cross.com,Holy Cross Health (Trinity Health),Oakland Park|Pompano Beach,2,Oakland Park|Pompano Beach,,,https://www.holy-cross.com/location/holy-cross-medical-group-pompano-beach-3,MATCHED,MEDIUM,"Fort Lauderdale-based Catholic hospital system. The /locations page is a JavaScript-rendered search tool and returned no list via WebFetch; instead each directory city was confirmed against its own dedicated location page on holy-cross.com (Holy Cross Medical Group - Oakland Park, and Holy Cross Medical Group - Pompano Beach at 1975 N Federal Hwy, both currently published with hours). published_cities therefore reflects only verified cities, not the system's full location roster, so cities_not_in_directory is left empty as not established."
homegrowntherapyswfl.com,Homegrown Therapy SWFL,Cape Coral,1,Cape Coral,,,https://homegrowntherapyswfl.com/contact-us,MATCHED,HIGH,"Pediatric in-home OT/speech/PT practice. Single office at 1510 Hancock Bridge Pkwy, Cape Coral FL 33990 per the Contact Us page; homepage also states they 'currently only service Cape Coral, FL'. Both directory records are Cape Coral."
hopefultherapies.com,Hopeful Therapies,Brandon|Lakeland|Winter Haven,3,Lakeland,,Brandon|Winter Haven,https://hopefultherapies.com/en/contact-us/,MATCHED,HIGH,"Central Florida ABA/speech/OT/PT provider. Contact Us page lists three clinics: Brandon (350 E Bloomingdale Ave), Lakeland (2019 E Edgewood Dr Ste 130), Winter Haven (1134 1st St S). Directory has only Lakeland (two records); Brandon and Winter Haven are missing from the directory. Site timed out twice on the bare domain before resolving on www."
hupcfl.com,Harmony United Psychiatric Care,Altamonte Springs|Bradenton|Brandon|Clearwater|Coral Gables|Crystal River|Fort Lauderdale|Fort Myers|Gainesville|Haines City|Hallandale Beach|Jacksonville|Kissimmee|Lakeland|Lutz|Melbourne|Ocala|Orlando|Oviedo|Palm Harbor|Port Charlotte|Port Orange|Port Saint Lucie|Port St John|Sarasota|Tallahassee|Tampa|The Villages|West Palm Beach|Winter Garden,30,Tallahassee|West Melbourne,West Melbourne,,https://hupcfl.com/locations/,MISMATCH,HIGH,"Multi-site psychiatric practice (medication management, neuropsych testing, therapy) with ~30 Florida offices plus two Pennsylvania offices (ignored). The published Florida list includes MELBOURNE but no WEST MELBOURNE office; a second fetch of the locations index explicitly confirmed no West Melbourne entry. Tallahassee is published. Two Jacksonville sites (Cardinal Point, Fort Caroline) deduped to Jacksonville. cities_not_in_directory left empty because this is a large behavioral-health chain and the directory only holds two of its sites by design."
impacttlh.org,IMPACT (Tallahassee),Tallahassee,1,Tallahassee,,,https://impacttlh.org/home/contact/,MATCHED,HIGH,"Nonprofit serving children with special needs (therapy clinic, preschool, IMPACT Academy, community programs). Contact page lists a single address: 1725 Hermitage Blvd, Tallahassee FL 32308; homepage also describes 'one central location'. Both directory records are Tallahassee, consistent with the organization's multiple program arms at one site."
kernaghanmoore.com,"Kernaghan and Moore Speech and Language Therapy Services, Inc.",,0,New Port Richey|Spring Hill,,,,NO_LOCATIONS_PAGE,LOW,"Private speech/language therapy clinic founded by two SLPs. Site is an old static .html site; the homepage (https://kernaghanmoore.com/ and http://kernaghanmoore.com/index.html) and http://kernaghanmoore.com/aboutus.html both load but contain only mission/bio text with no addresses, no city names and no navigation list returned. Every other path attempted (/contact, /contact-us, contactus.html, www host) failed on robots.txt with a self-signed / mismatched SSL certificate, so no locations or contact page could be reached. Cannot confirm or refute New Port Richey or Spring Hill."
kidsincareppec.com,Kids In Care PPEC,Greenacres,1,Greenacres|Lake Worth,Lake Worth,,https://kidsincareppec.com/,MISMATCH,MEDIUM,"Prescribed Pediatric Extended Care center for medically complex Medicaid children. No dedicated locations page reachable - every subpath (/contact-us/, /contact, /about-us/) fails robots.txt with an SSL hostname-mismatch/self-signed cert; only the root URL loads. The homepage states a single center 'located in the City of Greenacres' and lists Lake Worth, Wellington, Lantana, Boynton Beach and West Palm Beach only as areas it SERVES, not as center sites. The directory's Lake Worth record therefore appears to be a service area, not an operating location - flagged as a mismatch, MEDIUM confidence because the finding rests on the homepage alone."
kidstherapyconnection.com,Kids Therapy Connection,Doral|South Miami,2,Doral|South Miami,,,https://kidstherapyconnection.com/,MATCHED,MEDIUM,"Multidisciplinary pediatric therapy center (speech, OT, PT, ABA). No /locations page (404); the homepage itself publishes both offices with full addresses and separate phone/email: South Miami (7800 Red Road Ste 205, 33143) and Doral (2500 NW 107 Ave Ste 200, 33172). Both directory cities are published."
kidztz.com,Kidz Therapy Zone,Orlando|Winter Garden,2,Orlando|Winter Garden,,,https://kidztz.com/locations,MATCHED,HIGH,"Pediatric therapy provider (OT, speech, feeding, ABA). The /locations page publishes exactly two Florida sites: Winter Garden (1222 Winter Garden Vineland Rd Ste 112, 34787) and Orlando (494 E Illiana St, 32806). Both directory cities match."
lcca.com,Life Care Centers of America,Altamonte Springs|Estero|Hilliard|Jacksonville|Lauderhill|Lecanto|Melbourne|New Port Richey|Ocala|Orange Park|Orlando|Palm Bay|Palm Beach Gardens|Pensacola|Port Saint Lucie|Punta Gorda|Sarasota|West Palm Beach|Winter Haven,19,Palm Bay|Port St.. Lucie,,,https://www.lcca.com/locations/fl/,MATCHED,HIGH,"National skilled-nursing/rehab chain; used the site's Florida state filter page. Both directory cities are published: Life Care Center of Palm Bay, and Harbor Place at Port St. Lucie / Life Care Center of Port St. Lucie (PORT ST. LUCIE = Port Saint Lucie per matching rules). cities_not_in_directory left empty - the other ~17 Florida cities are geriatric skilled-nursing facilities outside this directory's scope, not gaps."
leadingpathwaysaba.com,Leading Pathways ABA,Boca Raton|Coral Springs|West Palm Beach,3,Coral Springs|West Palm Beach,,Boca Raton,https://leadingpathwaysaba.com/contact/,MATCHED,HIGH,South Florida ABA therapy provider. No /locations page (404); the three clinic addresses are published on the Contact Us page. Both directory cities appear; company also publishes a Boca Raton clinic the directory lacks.
lifeskillskidstherapy.com,Life Skills Kids Therapy,Pembroke Pines,1,Hollywood|Pembroke Pines,Hollywood,,https://lifeskillskidstherapy.com/contact-us,MISMATCH,MEDIUM,"ABA therapy provider (in-home and center-based). No /locations page (404); Contact Us page publishes a single address: 9050 Pines Blvd, Pembroke Pines FL 33024. Hollywood is not published anywhere on the site. Homepage service copy mentions serving Tamarac as a service area, not as a clinic address, so it was not counted as a location."
lifeskillssouthflorida.com,Lifeskills Behavioral Health (formerly Lifeskills South Florida),Deerfield Beach|Delray Beach|Fort Lauderdale|Orlando,4,Fort Lauderdale|Orlando,,Deerfield Beach|Delray Beach,https://lifeskillsbehavioralhealth.com/locations/,MATCHED,HIGH,"Mental health / substance use treatment provider. lifeskillssouthflorida.com now 302-redirects to lifeskillsbehavioralhealth.com (rebrand); the Locations page lists 5 Florida facilities across 4 cities (two separate Orlando sites, residential and outpatient). Both directory cities appear."
littleangelsppec.com,Little Angels PPEC,Apopka|Longwood|Orlando,3,Longwood|Orlando,,Apopka,https://littleangelsppec.com/locations,MATCHED,HIGH,"Prescribed Pediatric Extended Care (medical daycare) provider in Central Florida. Locations page lists three centers: Longwood, Orlando, Apopka. Both directory cities appear; Apopka center is missing from the directory."
littlestartherapy.com,"Little Star Therapy Services, Inc.",Miami Lakes|North Miami,2,Miami|North Miami,Miami,Miami Lakes,https://www.littlestartherapy.com/contact/,MISMATCH,HIGH,Pediatric speech/OT/PT clinic. No /locations page (404); Contact Us page lists exactly two offices: Miami Lakes (15485 Eagle Nest Ln) and North Miami (1125 NE 125th St). The directory's MIAMI record has no published counterpart - likely the Miami Lakes office recorded under the wrong city.
littleteslapediatrics.com,Little Tesla Pediatric Therapy,Orlando,1,Orlando,,,https://littleteslapediatrics.com/contact/,MATCHED,HIGH,"Multi-discipline pediatric therapy clinic (ABA, speech, OT, PT, feeding). No /locations page (404); Contact page publishes one clinic: 7075 Kingspointe Pkwy Unit 14, Orlando FL 32819 (Dr. Phillips). Directory holds 2 records both in Orlando against a single published site - worth checking for a duplicate record."
matterofspeechtherapy.com,Matter of Speech Therapy,Pembroke Pines,1,Cooper City|Pembroke Pines,Cooper City,,https://matterofspeechtherapy.com/contact-us/,MISMATCH,HIGH,"Small pediatric speech-language pathology practice (ages 6mo-6yr). No /locations page (404); Contact page publishes a single office: 1931 NW 150 Ave Suite 121, Pembroke Pines FL 33028. Cooper City appears nowhere on the site."
maximumachieversllc.com,Maximum Achievers LLC,,0,Palm Springs|West Palm Beach,,,,NO_LOCATIONS_PAGE,LOW,"Domain resolves (HTTP 200 on /, /locations and /contact) but every page returns an empty body with only viewport metadata - the site content is fully JavaScript-rendered and not retrievable via fetch. No location list could be read, so no conclusion about the Palm Springs / West Palm Beach records."
motionrxhealth.com,MOTION RX Physical Therapy,Clearwater|Jacksonville,2,Clearwater|Jacksonville,,,https://motionrxhealth.com/contact-us/,MATCHED,HIGH,"Sports/performance physical therapy clinic (not autism-specific). No /locations page (404); Contact Us page lists Jacksonville (7901 Baymeadows Way) and Clearwater (13555 Automobile Blvd) as active, plus a Jacksonville Beach address explicitly flagged 'permanently closed' - excluded from published_cities. Both directory cities match the active list."
multicaremedicalcenters.com,Multi-Care Medical Centers,Cape Coral|Fort Myers|Naples|Pembroke Pines|Vero Beach,5,Cape Coral|Hollywood,Hollywood,Fort Myers|Naples|Pembroke Pines|Vero Beach,https://multicaremedicalcenters.com/locations,MISMATCH,HIGH,"Multi-specialty auto-injury/rehab medical group (not autism-specific). Locations page lists Pembroke Pines, Fort Myers, Cape Coral, Vero Beach as active and Naples as 'temporarily closed' (Naples retained in published_cities since the company still publishes it). Hollywood is not on the list - the directory's Hollywood record may be a stale or misattributed location; note the nearby Pembroke Pines center is published instead."
mybridgetherapy.com,"Bridge Therapy, LLC",,0,Coral Springs|Jacksonville,,,,NO_LOCATIONS_PAGE,LOW,"Small speech-language therapy practice (Samantha Novick, SLP) marketing itself as Broward County / South Florida. Homepage loaded successfully, named no cities, and showed no Locations link in nav. A /locations/ page does exist on the domain, but every subpage fetch (/locations, /locations/, /contact, /contact/, and the www variant) failed with a robots.txt fetch timeout/parse error across multiple retries. Site is effectively bot-blocked below the homepage, so the Florida location list could not be established and no mismatch conclusion is drawn."
oasistherapycare.com,Oasis Specialized Therapy Care,Hollywood|Miami Lakes|North Miami Beach|Pembroke Pines,4,Hollywood|Miami Lakes,,North Miami Beach|Pembroke Pines,https://www.oasistherapycare.com/contact,MATCHED,HIGH,"Outpatient physical / occupational / hand therapy practice (not ABA). Four Florida clinics listed with full street addresses on its own Contact page, and the same four repeated on the homepage. Both directory cities are published. Note: the third clinic is headed 'North Miami' but its published street address is 16800 NW 2nd Ave, North Miami Beach, FL 33169 — recorded as North Miami Beach. The directory has no records for the North Miami Beach or Pembroke Pines clinics."
optimumaba.com,Optimum ABA Therapy,Jacksonville|Margate,2,Jacksonville|Margate,,,https://www.optimumaba.com/contact,MATCHED,HIGH,"ABA therapy provider. No /locations page (404); the company's own Contact page is the location list and publishes exactly two Florida offices: a South Florida office at 2484 N State Rd 7, Margate, FL 33063, and a Jacksonville office (dedicated infojax@optimumaba.com email, phone and fax, but no street address printed). Both directory cities are published, so no mismatch. Oddity worth noting: the page's embedded Google Map points at 6794 Park Ln E, Lake Worth, FL 33449, which is not named as a location anywhere in the text — likely a stale or personal/admin address in the map embed rather than a fourth clinic."
