id,name,city,operating,website_found,primary_service,delivers_aba,bcba_found,autism_relevant,recommend,evidence_url,evidence_quality,notes
6680,"MK Therapy Center, LLC",Aventura,unclear,N,unknown - registered LLC with no discoverable clinical footprint,unclear,N,unclear,UNCLEAR,https://www.bizprofile.net/fl/aventura/mk-therapy-center-llc,LOW,"No website stored and none found; Sunbiz shows an active FL LLC (L24000430194, registered 10/7/2024, manager Moriah Keren, last annual report 2/17/2026) whose principal address 3330 NE 190th St #1419 is a residential condo unit, not a clinic, and the stored phone is a New York (347) area code. NPI searches return no behavior-analyst or therapy registration at this name or address, and no BCBA, RBT, ABA page, autism content or AHCA listing exists anywhere - so nothing supports the inherited 'aba' tag and nothing establishes it is a service provider at all. Recorded UNCLEAR rather than REMOVE only because the entity is legally active; if the directory needs a decision, this record has zero positive evidence for any tag."
6804,"Rachel Azrin, BCBA",Aventura,Y,Y,"solo BCBA providing applied behavior analysis for autism/ADHD, plus general counseling",Y,Y,Y,KEEP_ABA,http://www.rachelazrin.com/,MEDIUM,"Correct tag set: aba, virtual-therapy. Named BCBA: Rachel Azrin (sole practitioner, no RBTs or other BCBAs named); the stored counseling domain counselornorthmiamifl.com is genuinely hers (address 20505 E Country Club Dr and phone 305-490-4561 match the CSV exactly) but is a counseling-branded template listing marriage counseling, eating disorders and substance abuse, so I checked the counseling scope rule and the second signal comes from her separate first-party site rachelazrin.com, where ABA is described as the foundation of the practice for autism, Asperger's, ADHD and Tourette's. Reservations: solo practice with no RBT staff, no BHCOE or Medicaid ABA evidence, her Psychology Today profile lists a different address (2999 NE 191 St) and phones (305-290-4375 / 305-933-9779) than the CSV and cites an Alabama behavior-analyst license, and she states she serves adults as well as children - put the alternate site domain rachelazrin.com in the record."
6769,Spring Health Autism Intervention,Aventura,Y,Y,ABA therapy for children with autism spectrum disorder and other developmental disabilities,Y,unclear,Y,KEEP_ABA,http://springhealthautism.com/about,MEDIUM,"Correct tag set: aba. Confirmed this is the ABA company (not the national employer-benefits firm 'Spring Health') because the stored phone 786-501-3717 matches the site exactly, and two first-party pages (home and About Us) both describe ABA for ASD and developmental disabilities as the core service, corroborated by NPI 1518699453 registered as a Behavior Analyst; no BCBA is named anywhere on the site, so 'none named'. ADDRESS CONTRADICTION: the provider publishes only Hialeah (3450 W 84 St #202I) and North Palm Beach (11911 US Hwy 1 #24) offices, plus a Jupiter Facebook page - the stored Aventura address 2875 NE 191st St appears nowhere on their site, so this record's location is unverified and should be corrected or re-sited before display."
7349,The Kelly Behavioral Institute,Belle Isle,Y,Y,"ABA therapy and behavioral consulting/training in clinic, school and home settings",Y,Y,Y,KEEP_ABA,http://kellybehavioralinstitute.com/about,MEDIUM,"Correct tag set: aba, mobile-services (services are delivered in clinic, school and home per their About page). BCBA: none named on the site - the About page describes an unnamed clinician with an MS in ABA and 4 years BCBA certification, and third-party listings and Sunbiz (L21000194869) tie the LLC to Diana Ahumada, so treat the BCBA as present but unnamed. Stored address and phone match the site (3203 S Conway Rd Suite 200D, Belle Isle; 407-893-0242); reservations are that the site is thin and template-like, autism is referenced only in passing rather than on a dedicated page, and they state they serve 'individuals of all ages' including adults, so the pediatric caseload is not established."
5880,HCA Florida Oak Hill Hospital,Brooksville,Y,Y,"general acute-care hospital (cardiology, surgery, ER, ICU/NICU, oncology, orthopedics, outpatient physical rehab)",N,N,N,REMOVE,https://www.hcafloridahealthcare.com/locations/oak-hill-hospital/,HIGH,"Stripped the Google-listing tracking parameters from the stored URL before fetching; the address 11375 Cortez Blvd and phone 352-596-6632 on the location page match the CSV exactly, so no input contradiction. Compared this hospital's own location page and its specialties page - both list only general acute-care lines (cardiology, TAVR, neuro, surgery, ER, ICU, NICU, oncology, ortho, spine, wound care, outpatient physical rehab) with no autism, developmental-disability, behavioral-health or ABA program; the only pediatric content is pediatric emergency care and pediatric rehabilitation. TRAP 2 applied: any autism or behavioral-health service found elsewhere on hcafloridahealthcare.com belongs to other HCA facilities, not to this Brooksville hospital, so the inherited 'aba' tag is unsupported and the record does not belong in an autism services directory."
6535,Abundant Abilities,Coconut Creek,Y,Y,"ABA behavior therapy for children and adults with autism and other developmental disabilities, plus parent training",Y,Y,Y,KEEP_ABA,http://www.abundantabilities.net/,MEDIUM,"Correct tag set: aba, parent-coaching (parent training is an explicitly listed service). Named BCBA: Dr. Shaketra Miller Johnson, PhD, BCBA (founder; her BCBA credential is confirmed on her professional profile, while the site itself lists only her MS in ABA and doctorate in Educational Psychology), with the required second signal supplied by co-founder William Johnson, a Registered Behavior Technician, and by ABA/autism being the site's core subject rather than footer chrome. Reservations: the /about page could not be loaded (robots.txt), so only one first-party page was read; the site does not publish a street address or phone, so the CSV values 3720 Coconut Creek Pkwy and 954-590-0647 are unverified rather than contradicted; and they serve adults as well as children."
9094,Williamsburg Therapy Group Miami,Coconut Grove,Y,Y,"psychotherapy practice - individual, couples, child and family talk therapy plus psychiatry/medication management",N,N,N,REMOVE,https://www.williamsburgtherapygroup.com/miami-fl,HIGH,"Out of scope under the counseling rule: the Miami page names only doctoral psychologists (Dr. Monica Nikc PsyD, Dr. Melissa Glass PsyD, Dr. Sofia Poma PhD, Dr. Naomi Ben-Ami PsyD, Dr. Daniel Selling PsyD) delivering psychotherapy, psychiatry, medication management and addiction treatment, with no ABA and no BCBA. I EXPLICITLY CHECKED THE AUTISM-EVALUATION EXCEPTION: autism is not mentioned anywhere on the site, ADOS is never referenced, and the only assessment offering is a generic org-wide 'neuropsychological evaluations' line that names no location - under TRAP 2 that group-level page is not evidence for this Miami office, so the exception does not rescue the record. INPUT CONTRADICTION: the practice publishes 305-363-1221 for this office, not the stored 786-889-4333, and describes the site as Coral Gables/Miami although the address 3390 Mary St #116 matches; the group also runs Brooklyn NY and Austin TX offices."
6888,Blossom Behavior Therapy,Coral Gables,Y,Y,"ABA therapy targeting communication, behavior reduction, social development and life skills, alongside a separate academic program",Y,unclear,Y,KEEP_ABA,http://www.blossombehaviortherapy.com/,MEDIUM,"Correct tag set: aba, life-skills (their ABA program explicitly targets communication, behavior reduction, social development, independence and life skills); add tutoring only if the 'Blossom Branches' academic program is confirmed standalone. BCBA: none named - no BCBA or RBT appears on the home or About page and none surfaced in searches, which is a real reservation for an ABA tag even though the practice name, the email domain blossomabaco.com and a dedicated ABA program page are consistent with genuine ABA delivery. Stored address 5915 Ponce de Leon and phone 305-397-8679 match the site exactly (no contradiction); table placement is resolved in favour of keeping because 'ABA Services' and the academic program are presented as separate offerings with a free consultation and tour, so ABA appears bookable without enrolling, but autism is never named explicitly on either page I read and the About page is partly filled with unrelated 'Little Comets Academy' content, so both the autism focus and the BCBA staffing should be re-verified by phone."
5838,Developmental Applied Behavior Solutions,Coral Gables,Y,Y,Center- and home-based ABA therapy for children with autism,Y,Y,Y,KEEP_ABA,https://www.appliedbhs.com/about,HIGH,"Full correct tag set: aba, parent-coaching, group-therapy, mobile-services (1:1 ABA, parent training, social-skills groups, home/school/community delivery, stated on both the home and About pages, so not chrome). BCBA: none named - the site says the team comprises Board Certified Behavior Analysts and Assistant Analysts overseeing RBTs, but owner/director Dr. Ingrid Roman is a licensed clinical psychologist rather than a BCBA, so the second signal is the RBT staffing model plus named clinical supervisors Rodolfo Sanchez and Chabeli Alech Vazquez. Input contradiction: CSV lists 2030 Douglas Rd, Coral Gables while the site publishes 2030 S Douglas Rd Suite 215, Miami FL 33134 (a third-party directory shows 33144); phone matches."
6582,"Health of Mind, Inc",Coral Gables,Y,Y,"Pediatric ABA therapy delivered in home, school and community settings",Y,Y,Y,KEEP_ABA,https://healthofmind.net/,HIGH,"Full correct tag set: aba, mobile-services (ABA delivered at home, in the community and at school on both the home and contact pages; no speech/OT/feeding or diagnostic services published, and the /services page 404s). Named BCBAs include Aleymi Santana Pedrero (BCBA, Senior Supervisor), Monica Carreras Martinez, Marah Reinoso Vega, Laura Morales, Karla Mollinedo, Maria C. Garcia and Andres Torrecillas under Clinical Director Dr. Frank Perez Verdecia, with BCaBA/RBT staffing and a BHCOE ABA accreditation listing as the second signal. Input contradiction: CSV says 2020 Ponce de Leon, Coral Gables while the practice publishes 2020 Ponce De Leon Blvd Suite 1201, Miami FL 33134 (same building, different city label); phone matches."
7220,Little Giants Kid's Services- PPEC (Medical Daycare),Coral Gables,Y,Y,Prescribed Pediatric Extended Care (PPEC) medical daycare / skilled nursing for medically complex children,N,N,unclear,REMOVE,https://littlegiantsppec.com/about.html,HIGH,"TABLE PLACEMENT: a parent CANNOT book a service here without enrolling their child - PPEC is a physician-prescribed, Medicaid-eligibility-gated, non-residential medical daycare program, and the nursing/therapy the site describes is delivered to enrolled children only, so this record belongs in the ppec_centers/daycares table, not the provider (resources) table. Home page and About page both describe medical care by skilled nurses and therapists for neurological disorders, physical disabilities, cardiovascular disease and medically complex conditions, with no mention anywhere of ABA, behavior analysts or autism; the 'aba' tag is unsupported and no BCBA is named. Input contradiction: none - phone (786) 558-5756 and the 1919 Ponce de Leon address match the site."
9028,Prism Early Advancement Center,Coral Gables,Y,Y,Hybrid center delivering 1:1 ABA therapy plus group school-readiness instruction to children under 6 with autism,Y,Y,Y,KEEP_ABA,https://prismeac.com/about-us/,HIGH,"Full correct tag set: aba, group-therapy (1:1 ABA with individualized treatment plans delivered by RBTs, plus group school-readiness instruction; no speech, OT or diagnostic services published). Named BCBAs: Leo Garcia (Clinical Director, BCBA) and Emma Baskind (BCBA), with founders Christina Crocco PhD and Chris Malek; second signal is the named RBT-delivered 1:1 ABA model, confirmed across the home page and the About page (not chrome). TABLE PLACEMENT reservation: the 1:1 ABA is the billed clinical service rather than tuition-bundled childcare so it stays in the provider table, but neither page states whether ABA can be booked without joining the group pre-K component, and a parallel daycare/preschool listing may also be warranted; address 245 Catalonia Ave and phone (305) 448-2828 match the input."
8976,"Irving's Lodge - Cerebral Palsy Adult Home, Inc",Dania Beach,unclear,N,Residential adult group home for adults with cerebral palsy,N,N,N,REMOVE,,LOW,"RELATED-BUT-NOT-AUTISM: this is EXCLUSIVE to a different condition, not developmental disabilities broadly - the registered corporate name is 'Cerebral Palsy Adult Home, Inc' and every listing found (Facebook page, Yelp under Community Service/Non-Profit) describes an adult home, with nothing indicating autism, DD-wide eligibility, ABA or any named BCBA. TRAP 3: the setting is ADULT RESIDENTIAL care, not a pediatric or therapy provider, so it fails the directory scope twice over. Reservations: the input correctly stores no website (literal 'null') and I found no first-party site; Facebook, Yelp and ProPublica were all blocked by robots.txt so nothing could be loaded, operating status is unverified (a Yelp listing snippet shows a Dec 2025 update), and no address/phone contradiction could be tested - verdict rests on the corporate name plus consistent third-party categorisation."
8780,Oasis Mind Lab – Coaching & Consulting for Work & Life,Dunedin,Y,Y,Adult life/executive coaching and HR consulting for founders and small businesses,N,N,N,REMOVE,https://oasismindlab.com/about/,HIGH,"COUNSELING/COACHING SCOPE RULE: primary service is life coaching and business consulting - the site itself states 'Coaching is not therapy' - so it is out of scope; I EXPLICITLY CHECKED THE AUTISM-EVALUATION EXCEPTION on both the home page and the About page and found NO autism assessment, ADOS testing, neuropsychological evaluation, autistic group therapy or parent coaching, and no mention of autism or neurodivergence at all, so the exception does not apply. Practitioner is Rebecca Nguyen, MS, RYT - a PhD candidate in I/O psychology and certified life coach who is deliberately unlicensed clinically; no BCBA, no RBTs, no ABA anywhere, so the imported 'aba' tag is baseless. TRAP 3 also applies: the caseload is adults only, no pediatric services; stored website resolves and the Dunedin location matches, no input contradiction."
6499,Children's Diagnostic & Treatment Center,Fort Lauderdale,Y,Y,Early Steps early-intervention evaluations and therapies plus primary care and dental clinics for children with disabilities and chronic illness,N,N,Y,KEEP_OTHER,https://childrensdiagnostic.com/early-steps/,HIGH,"Full correct tag set: speech-therapy, occupational-therapy, physical-therapy, aac, parent-coaching - drop 'aba' entirely, since CDTC's own services and Early Steps pages name OT/PT/speech, assistive technology, audiology, vision and family education, with no ABA, no RBTs and no BCBA named anywhere (bcba_found N). TRAP 2 handled: I credited only this named Fort Lauderdale center's own program pages, not Broward Health's system-wide service list; on the autism-diagnostic question, CDTC publishes multidisciplinary developmental evaluation across six domains for birth-to-3 but does NOT publish autism-specific diagnostic testing, so ados-testing is NOT justified, and autism relevance rests on serving developmental disabilities BROADLY rather than exclusively. Input contradiction: stored website childrensdiagnostic.org 302-redirects to the live domain childrensdiagnostic.com (update it), and the published Early Steps referral line is (954) 728-1101 versus the stored (954) 728-8080."
6590,Deliver the Dream,Fort Lauderdale,Y,Y,"Nonprofit running free weekend family retreats and recreational programs for families facing serious illness or disability, including a dedicated Autism Family Retreat",N,N,Y,KEEP_OTHER,https://deliverthedream.org/family-retreats/,HIGH,"Full correct tag set: recreation-programs, support-groups - drop 'aba' entirely; the retreats are structured recreational activities, discussion groups and creative workshops with no clinical therapy, no ABA and no BCBA anywhere on the site. RELATED-BUT-NOT-AUTISM check: the mission is BROAD (serious illness, crisis or disability) rather than autism-exclusive, but it runs a named Autism Family Retreat for families with a child with an ASD or related disability (next dated 18-20 Sept 2026, confirming the org is operating), so it qualifies as autism-relevant; I did NOT tag respite-care because the whole family attends together rather than the child being cared for apart. Input contradiction: CSV phone (954) 564-3512 does not match the published (888) 687-3732 / (888) OUR-DREAM; the 3223 NW 10th Terrace #602 address matches, and retreats are held off-site in Live Oak and Deerfield Beach."
6706,Innovative Interactive Therapies,Fort Lauderdale,unclear,N,Unestablished - no verifiable service offering found beyond the business name,unclear,N,unclear,UNCLEAR,https://www.alliancevirtualoffices.com/us/fl/ft-lauderdale-meeting-room-5115,LOW,"No website is stored and I found none: no NPI record, no Sunbiz entity under this name, no AHCA listing (checked the August 2026 Medicaid behavior-analysis provider whitelist, which is a whitelist only so absence proves nothing), and the only trace is an unloadable LinkedIn company page - a social profile, weaker than a first-party site. Address contradiction: the stored 110 SE 6th St is 110 Tower, whose Suite 1700 is a serviced/virtual-office facility (Alliance Virtual Offices, Davinci Virtual, Empire Executive Offices), so like a P.O. box it is not demonstrably a service location, and the stored (877) 460-7701 is a toll-free number with no web footprint. I could not establish that the business operates, what it does, or whether it serves autistic or developmentally disabled clients, so this is an honest UNCLEAR rather than a guess; the name alone tells me nothing under the naming rule."
6951,Lifeskills South Florida Fort Lauderdale,Fort Lauderdale,Y,Y,Adult medical detox and residential mental health / substance use treatment,N,N,N,REMOVE,https://lifeskillsbehavioralhealth.com/location/ft-lauderdale-detox-and-residential/,HIGH,"The program's own location page states it 'provides medical detox and residential mental health treatment for adults with complex, high-acuity mental health, substance use, and co-occurring disorders' at 4841 NE 20th Avenue, Fort Lauderdale - adults only, with no autism or developmental-disability program, so it fails both the counseling/substance-abuse scope rule and TRAP 3 (adult residential). I checked the counseling exception explicitly: no autism diagnostic evaluation/ADOS testing, no group therapy for autistic clients and no parent coaching is offered, so the exception does not apply. Input contradiction: the stored URL www.lifeskillssouthflorida.com/programs/detox-residential/ 302-redirects to a new domain, lifeskillsbehavioralhealth.com, and the site's published phone is 877.795.5762 rather than the stored (954) 408-8770; the only 'ABA' string on the page is a staff credential (Arneisia McCutcheon, AABA), not a service."
9134,"Amy Stenz, Ot",Fort Myers,unclear,N,Individual occupational therapist recorded at another organisation's pediatric early-intervention address,N,N,unclear,REMOVE,https://impactforkids.org/,MEDIUM,"TRAP 3 resolved: NPI 1649390345 carries only the GENERIC OT taxonomy 225X00000X (not 225XP0200X) and was last updated in 2007, but the setting is pediatric, not adult - 1650 Medical Lane STE 1/4 is IMPACT for Developmental Education, Inc., a nonprofit birth-to-5 early-intervention and special-education preschool, so no skilled-nursing or hospital-rehab concern. REMOVE anyway: she is an individual clinician, not a bookable service provider - no website, no Sunbiz entity of her own, no AHCA listing, and IMPACT's current site names Christine Gorski and Sara O'Hara as its OTs, not her; there is no ABA and no BCBA anywhere. If the directory wants this address it should list IMPACT for Developmental Education (occupational-therapy, music-therapy, animal-therapy) rather than this person, noting IMPACT's therapy is delivered inside its enrolled early-intervention/preschool programs."
5834,"Autism Services of Florida, LLC",Fort Myers,Y,Y,Center-based and in-home ABA therapy for children with autism,Y,Y,Y,KEEP_ABA,https://autismserviceoffl.com/,HIGH,"Full correct tag set: aba only. Name was treated as a starting point, not a conclusion: the first-party site's home page and its separate Center-Based ABA Therapy page both describe personalised applied behaviour analysis for children with disabilities at 12501 World Plaza Lane Building 51, Fort Myers, phone 239-349-3139 matching the input exactly, and the second signal is the NPI record (1801471081, taxonomy 103K00000X Behavior Analyst, 20 registered providers including behavior technicians). Named behaviour analysts come from the NPI registry rather than the site - Nicole Pamela Edge (owner/authorized official) and Kaelyn Randall; the website itself names only Scott Arel (CEO) and Sabrina Chavis (Director of Operations) and names no BCBA, which is my one reservation."
7254,Denali Institute,Fort Myers,Y,Y,In-home and community-based ABA therapy for children with developmental disabilities,Y,Y,Y,KEEP_ABA,https://www.denalibehaviorcrt.com/about-us,MEDIUM,"Full correct tag set: aba, mobile-services (services from this office are delivered in-home and in the community); TRAP 2 handled: the first-party site (Denali CRT, LLC) lists only the Doral office on both its Contact and About pages and its 'as far north as Fort Myers' service-area line is site-wide chrome, so I did not credit it; the Fort Myers site is confirmed by the company's own RBT job posting stating 'Denali CRT & Denali Institute is seeking RBTs to provide in-home and community-based one-to-one ABA services for children with developmental disabilities' and giving 'Ft. Myers Office: 3722 Central Avenue Suite 4-5, Ft. Myers, FL 33901', matching the stored address; BCBA none named as such - the site names Cesar Blumtritt (President) and Annabel Rodriguez (Clinical Director) and says the team includes Board Certified Behavior Analysts, with BHCOE accreditation and active RBT recruitment as second signals; reservations: the stored phone (239) 202-0042 is not published on the first-party site (which lists only 305-602-0268), and the AHCA August 2026 Medicaid behavior-analysis whitelist lists DENALI CRT, LLC at the Doral address with service counties 'Dade & Broward' only, not Lee."
6759,"Elite DNA Behavioral Health - Fort Myers - Occupational Therapy, Speech & ABA",Fort Myers,Y,Y,"Pediatric clinic providing ABA, occupational therapy and speech therapy",Y,Y,Y,KEEP_ABA,https://elitedna.com/locations/fort-myers-ot-speech-aba-clinic/,HIGH,"Full correct tag set: aba, occupational-therapy, speech-therapy; BCBA none named on any page loaded. TRAP 2 applied - I credited only the 6714 Winkler Rd site, and this is not parent chrome because the separate Fort Myers Metro Pkwy page itself distinguishes the Winkler Road clinic as the one specializing in ABA/OT/speech for children (ABA ages 3-12, speech 2-21). Input contradiction: stored URL is /locations/fort-myers-plantation/ while the clinic's own page is /locations/fort-myers-ot-speech-aba-clinic/ (both report 6714 Winkler Rd); the address shared with record 6863 is a shared building, not a duplicate - different phone, different entity, different leadership."
6863,Peace By Piece,Fort Myers,Y,N,Private special-education school (PK-9) for children with autism and related disorders,unclear,Y,Y,REMOVE,https://www.niche.com/k12/peace-by-piece-learning-center-fort-myers-fl/,MEDIUM,"Sunbiz entity is PEACE BY PIECE TERRASI LEARNING CENTER LLC (L17000136283) and Niche lists it as a private PK-9 school of 25 students at 6714 Winkler Rd with phone (239) 245-8301 matching the input, so on table placement this is a school and I found no evidence a parent can book ABA here without enrolling their child - REMOVE from the provider table, belongs in the schools table. Named BCBA: Renee M. Terrasi, PhD, BCBA-D (founder/CEO). Reservations: its own domain pxpfl.com does not resolve so website_found is N and I have no first-party page, and a separate North Fort Myers campus at 965 Pondella Rd is listed CLOSED while the Winkler Rd listing was still updated May 2026, so operating Y carries that caveat."
8523,"Shirley J. Phillips, Occupational",Fort Myers,unclear,N,Solo occupational therapist practising through a home health care agency,N,N,N,REMOVE,https://providers.sharecare.com/doctor/shirley-phillips-y6jfc,MEDIUM,"TRAP 3 resolved: her practice is Isis Home Health Care Inc at 4048 Evans Ave Ste 210, Fort Myers 33901, phone (239) 278-4702 matching the input - the input's empty address field is filled by this, and the building is the Edison Professional Center, a general multi-tenant medical/chiropractic office (currently listed for sale), not a pediatric clinic. Setting and caseload are adult home health, with no pediatric or autism signal anywhere and no specific pediatric OT taxonomy (225XP0200X) established; no BCBA and no ABA, so REMOVE. Reservation: I could not load a first-party page or an NPI record for her, so operating status is unclear and this rests on one third-party provider profile plus the building's tenant list."
7007,"Behavioral Learning Systems, Inc",Gainesville,Y,Y,"Center-based ABA therapy, early intervention and social skills training for children with autism",Y,Y,Y,KEEP_ABA,http://www.behaviorlearn.com/our-team,HIGH,"Home page and separate Our Team page (two distinct pages, not chrome) confirm ABA: named BCBAs include Janice Pulcini, Cheryl Fraley, Ilex Gonzalez and Jesse Gura, with Cassandra Smith BCaBA, plus RBTs on staff as the second signal. Correct tag set: aba. TRAP 2 checked - this is the named organisation's own Gainesville clinic (opened 2006), not a University of Florida affiliate; the Behavioral Learning Academy private school arm is in Lake City and is not credited to this record."
10374,Carlyle Therapy,Greenacres,Y,Y,"Pediatric outpatient speech, occupational and physical therapy (ages 0-18)",N,N,Y,KEEP_OTHER,https://www.carlyletherapy.com/about,HIGH,"Home and About pages (two distinct pages, not chrome) state only pediatric speech, physical and occupational therapy for ages 0-18, owner Lisa Carlyle OT with 25+ years; no ABA, no BCBA and no RBTs anywhere on the site, so the imported aba tag is wrong. Correct tag set: speech-therapy, occupational-therapy, physical-therapy. Reservations: the site never names autism specifically (general pediatric developmental caseload, not exclusive to another condition), it publishes no street address, and third-party listings place it at 6625 Forest Hill Blvd, West Palm Beach 33413 rather than the stored 6685 Forest Hill Blvd, Greenacres."
5858,Bright Journey Therapy,Hallandale Beach,Y,Y,"Pediatric occupational therapy (sensory processing, fine motor, self-care, feeding) for ages 2-6, school-based and in-home",N,N,Y,KEEP_OTHER,https://brightjourneytherapy.com/service,HIGH,"Home page and separate Service page (not chrome) show a solo pediatric OT practice run by Ueda Cenaj OT, with an explicit Autism & ADHD support section, sensory processing, picky-eating/feeding work, telehealth and school/in-home visits; no ABA, no BCBA, no RBTs, so the aba tag is wrong. Correct tag set: occupational-therapy, feeding-therapy, virtual-therapy, mobile-services. Input contradiction: stored phone (754) 400-0772 does not match the published (347) 671-5232, and the site publishes no street address for the stored 600 Three Islands Blvd."
6999,Dynakidz,Hallandale Beach,Y,N,"Occupational therapy practice (organisation NPI, OT taxonomy); population served not established",N,N,unclear,UNCLEAR,https://npiregistry.cms.hhs.gov/api/?number=1760880207&version=2.1,MEDIUM,"No website stored and none found - the Facebook page is robots-blocked and no first-party site exists; NPI 1760880207 is SIDE BY SIDE THERAPY SERVICES d/b/a DYNAKIDZ, taxonomy 225X00000X Occupational Therapist (generic, does NOT establish pediatric per TRAP 3), authorised official Raquel Fisboin MS OTR/L, at exactly the stored address 1117 E Hallandale Beach Blvd Suite 3, and Florida corporate records show the entity Active since 2010 (last annual report on file 2020). No behaviour-analyst taxonomy 103K00000X, no BCBA and no ABA evidence anywhere, so the imported aba tag is unsupported - but I refuse to infer a pediatric or autism caseload from the 'kidz' name alone and only third-party directories describe it, which are not acceptable for a service list. Verdict UNCLEAR pending a call to (954) 458-5040 to establish caseload; if pediatric, the correct tag set would be occupational-therapy, not aba."
6543,"Kathy D. Stanley, Otrl",Holly Hill,unclear,N,Solo occupational therapist practising at a senior-living / skilled-nursing campus (adult caseload),N,N,N,REMOVE,https://npiregistry.cms.hhs.gov/api/?number=1043420946&version=2.1,MEDIUM,"NPI 1043420946 gives the GENERIC OT taxonomy 225X00000X (not pediatric 225XP0200X), which proves nothing on its own, so I established the setting instead: her only NPI practice location is 900 LPGA Blvd, Holly Hill 32117, which is the Bishop's Glen Retirement Center campus (assisted living, The Terrace at Bishop's Glen skilled nursing facility, and independent-living apartments), and the stored phone (386) 226-9125 sits in the same 226-9xxx block as the Bishop's Glen main line (386) 226-9000. That is an adult/geriatric setting and caseload - TRAP 3 - with no website, no pediatric or autism evidence and no BCBA anywhere, so REMOVE. Reservations: no first-party site exists, the CSV stores no address at all, and I could not confirm she is still practising there (operating unclear), though that does not change the verdict."
6529,Stress And Anxiety Center,Holly Hill,Y,Y,"Outpatient mental-health and substance-abuse counselling (individual, family, couples, grief, group) plus neurofeedback, all ages including elderly",N,N,N,REMOVE,http://www.stressandanxietycenter.org/,MEDIUM,"First-party site describes only counselling modalities (individual, family, adolescent/child, grief, marriage, group) and neurofeedback/biofeedback with a stated specialty in mental health and substance abuse - primary service is talk therapy, so it is out of scope under the counselling rule. I EXPLICITLY CHECKED THE AUTISM-EVALUATION EXCEPTION: nothing on the site or in searches indicates autism diagnostic evaluation, ADOS testing, psychological/neuropsychological testing or any BCBA/ABA service, so the exception does not apply and the imported aba tag is unsupported. Input contradictions: the site publishes 1615 Ridgewood Ave Unit B but lists phone 386-262-9852 rather than the stored (386) 999-0333, and Yelp shows the address as 1617 Ridgewood Ave; evidence is MEDIUM because secondary pages 404'd and I could only load the home page."
7340,Reaching Milestones,Jacksonville,Y,Y,"At the stored address: Reaching Milestones Learning Center, a K-8 private special-education day school for autistic children (the parent company also runs separate ABA clinics)",Y,unclear,Y,REMOVE,https://www.privateschoolreview.com/reaching-milestones-learning-center-profile,MEDIUM,"TRAP 2 and table placement: reachingmilestones.com is a multi-state parent org (8 clinics across FL/GA/SC) offering 1:1 ABA, school consultation, social-skills groups and parent/teacher training, and its own site states it also operates private autism schools in Jacksonville and Orange Park - the stored address 6816 Southpoint Pkwy is that school, Reaching Milestones Learning Center, a K-8 nonsectarian special-education school with 14 students (Yelp also categorises this exact address as Special Education). A parent CANNOT book therapy at this address without enrolling their child, so this record belongs in the schools table and is a REMOVE from the provider table; the org's separate Jacksonville ABA clinic (a different address, zip 32216) could be added as its own record. NO BCBA IS NAMED anywhere on the site - 'none named' - only Rebecca Johnson, VP of Clinical Services; input contradiction: the site publishes 904-538-0713, not the stored (904) 683-9515."
7362,"Sade Behavior Therapy, Inc.",Jacksonville,Y,Y,ABA therapy and early intervention for young children with autism spectrum disorder,Y,Y,Y,KEEP_ABA,http://www.sadebehavior.com/services,HIGH,"Home page and a separate dedicated ABA Services page (two distinct pages, not chrome) describe assessment, DTT/NET direct therapy, supervision and caregiver training for autistic early learners; named BCBA is Yaisy Costales Sade, MS, BCBA, with BCaBA staff and Medicaid/Aetna/BCBS/Tricare ABA billing as the second signal. Correct tag set: aba, parent-coaching. Input contradiction: the stored address 2730 Clydo Rd matches the site (Suite 4), but the site's embedded map also shows a second location at 5600 Spring Park Rd #102, so the record may cover two sites."
6684,"Sarah Robinson, PhD",Jacksonville,Y,N,Hospital-based applied behavior analysis and clinical psychology for autism/developmental disabilities,Y,Y,Y,KEEP_ABA,https://www.baptistjax.com/doctors/behavior-analyst/dr-sarah-robinson-phd,HIGH,"Two first-party provider profiles (baptistjax.com and wolfsonchildrens.com) specific to her state she is a licensed psychologist AND a Behavior Analyst Certification Board-certified behavior analyst with 30+ years in behavior disorders, listing Applied Behavior Analysis and Autism Spectrum Disorders as her own expertise, so the named BCBA is Sarah Robinson herself; correct tag set is aba only, and per TRAP 2 I credited only her named profile, not Baptist/Wolfson's system-wide service list. Input contradictions: she publishes 1650 Prudential Drive Suite 210 (legal practice Baptist Behavioral Health, LLC, Wolfson Children's Behavioral Health - Southbank), not the stored 800 Prudential Dr, and (904) 202-2000 is the Baptist Health main switchboard, not her clinic line; she has no website of her own, only employer profile pages. Reservations: her profile says she treats toddlers through seniors so the caseload is not exclusively pediatric, and I could not load a Wolfson ABA program page (404) for an independent second signal beyond the two provider profiles."
6796,Sensory Station Therapy,Lake Park,Y,Y,Solo pediatric occupational therapy clinic (sensory processing and autism),N,N,Y,KEEP_OTHER,http://www.sensorystationtherapy.com/,MEDIUM,"The stored aba tag is wrong: this is a pediatric OT practice founded in 2021 by Marisa Cook, OTR/L, CAS (Certified Autism Specialist), whose own site states 'Pediatric Occupational Therapy' and lists Autism Spectrum Disorder and Sensory Processing Disorder among the conditions treated, with no ABA and no BCBA anywhere - full correct tag set: occupational-therapy. TRAP 3 addressed from the site rather than the taxonomy: NPI 1154550291 Marisa Lynn Cook OTR/L carries the GENERIC 225X00000X taxonomy which proves nothing, but the practice's own first-party pediatric framing and the CAS credential establish a pediatric autism caseload. Reservation: only the home page would load (both /services and /about returned 404), so I could not do a true two-page comparison and have capped evidence_quality at MEDIUM; input address '804 U.S. Rte 1' omits the suite - the provider and NPI both publish 804 US Highway 1 / Federal Highway Suite 8, Lake Park FL 33403, and the stored phone 561-429-6018 matches exactly."
7357,Brighter Minds Behavioral Health LLC,Lake Worth Beach,Y,Y,"ABA therapy for children with autism, delivered center-based and in home/school/community",Y,Y,Y,KEEP_ABA,https://www.brightermindsbh.com/services,HIGH,"Two first-party pages with differing content agree (home page: founded 'to reach out to the Autism community in Palm Beach County', 1:1 and center-based; services page: Applied Behavior Analysis named as the primary approach for children with ASD, with behavior assessment, treatment planning, parent training and social skills training, RBTs delivering 1:1, and 'accept all insurance plan under full Medicaid'), and the second signal is NPI 1255846838 with primary taxonomy 103K00000X Behavior Analyst plus Medicaid ABA billing; no individual clinician is named on the site, so the BCBA is 'none named' and the NPI authorized official Lissette Collazo is credentialed LCSW, not BCBA. Full correct tag set: aba, parent-coaching, mobile-services. Input contradictions: the site publishes no street address (home page says they are at a 'new location'), and the NPI practice address is 1876 Baythorne Road, West Palm Beach with phone 561-667-2705, neither matching the stored 2119 10th Ave N; the stored phone 561-444-2814 is confirmed by the site."
9141,Love & Behavior Support. INC,Lake Worth Beach,Y,Y,"In-home, school and community ABA therapy for children/young adults with autism, ages 0-21",Y,Y,Y,KEEP_ABA,https://lovebehaviorsupport.com/aba-services,HIGH,"Compared three first-party pages (home, about-us, aba-services) that vary in content: the ABA services page names Autism Spectrum Disorder explicitly and describes early-intervention ABA (0-5), in-home, school-based and community ABA plus parent training, with BCBAs writing treatment plans and RBTs delivering under BCBA supervision, but NO individual clinician is named anywhere, so the BCBA is 'none named'; second signal is NPI 1285413690 LOVE & BEHAVIOR SUPPORT.INC with primary taxonomy 103K00000X Behavior Analyst (authorized official Nivaldo Guzman Seijas, President). Full correct tag set: aba, parent-coaching, mobile-services. Input contradictions: the site publishes no street address or phone at all, and the NPI practice address is 2791 S Florida Mango Rd Apt 114, Lake Worth (an apartment) rather than the stored 2328 10th Ave N; reservation is that the service model is home/school/community-based so the stored street address may be an office rather than a treatment center."
7133,Rainbow of Life Behavioral Health Center,Lake Worth Beach,Y,Y,Center-based ABA therapy for children on the autism spectrum,Y,Y,Y,KEEP_ABA,http://www.rainbowoflifebhc.com/providers,HIGH,"Two distinct first-party pages agree (home page: 'applying principles of ABA Therapy' for 'children in the Autism Spectrum and their families'; separate Providers page listing BCBAs, BCaBAs and RBTs on staff), and the second signal is NPI 1841837713 with primary taxonomy 103K00000X Behavior Analyst plus 193400000X Single Specialty Group; no individual clinician is named on any page, so the BCBA is 'none named'. Full correct tag set: aba. Reservations: the Providers page also lists LCSWs, LMHCs and LMFTs, and the NPI authorized official Lissette Collazo is an LCSW, not a BCBA, so part of this operation is general mental health - I checked the counseling scope rule and the site's own primary framing is ABA for autism, not talk therapy, so it stays; input contradiction is that the NPI practice address is 10640 Paso Fino Dr, Lake Worth and the NPI phone is 561-667-2705, while the site itself publishes the stored 2115 10th Ave North address and 561-506-3665 phone."
7300,Autism Institute for Learning and Development,Lakeland,Y,Y,Tuition-based individualized education / homeschool academy for autistic and neurodiverse learners,N,N,Y,REMOVE,https://autismildlakeland.org/%F0%9F%8C%B3-about-us,MEDIUM,"Five first-party pages (home, about-us, programs & tuition guide, screening-services, the-hub) establish this is an education provider, not a clinic or a nonprofit support org: 'individualized education, functional academics' with an Academic Programs and Tuition guide, founded and directed by Eillim Cintron with no clinical credential shown, and no mention of ABA, BCBAs, RBTs or any licensed therapist anywhere on the site. TABLE PLACEMENT ANSWER: the core offering is an enrolled, tuition-paying academic/homeschool program, so it belongs in the schools table and is a REMOVE from the provider table; the stored aba tag is unsupported. Reservations: it separately advertises Autism Screening Services, homeschool evaluations and IEP advocacy which may be bookable without enrolment, but the pages give no eligibility, no cost and no evaluator credentials, and there is no evidence of ADOS or any diagnostic testing (so I could not justify KEEP_OTHER with ados-testing); input contradiction - the provider publishes 6111 Christina Dr E, Lakeland FL 33813, not the stored 211 E Main St, while the stored phone (863) 617-9948 matches."
8685,"Claudia L. Martinez, Occupational",Lakeland,unclear,N,Solo licensed occupational therapist (setting and caseload not established),N,N,unclear,UNCLEAR,https://npiregistry.cms.hhs.gov/api/?version=2.1&first_name=Claudia&last_name=Martinez&state=FL&city=Lakeland&limit=20,LOW,"NPI 1962448936 Claudia Lissette Martinez OT (FL license OT2921) carries the GENERIC 225X00000X Occupational Therapist taxonomy, NOT pediatric 225XP0200X, so per TRAP 3 it distinguishes nothing; she is enumerated as an individual with no group practice, no organizational affiliation and no website, and both her practice and mailing address are 3368 Summerland Hills Loop, a residential street in south Lakeland (confirmed as a residential street via Redfin listings), i.e. a home enumeration rather than a clinic. She is an OT, not a behavior analyst, so the stored aba tag is definitively wrong and there is no BCBA; however I could not establish the physical setting or the actual caseload (pediatric vs adult, autism vs general rehab) from any first-party source, and Healthgrades returned 403. Recording an honest UNCLEAR rather than guessing: if the setting turns out to be adult/skilled-nursing this is a REMOVE, and if pediatric autism OT is confirmed the correct tag set would be occupational-therapy only; input phone 863-648-0675 matches NPI, no contradiction found."
7316,Early Childhood Learning Center,Lakeland,Y,Y,"Childcare centre and preschool, ages six weeks to five years, including VPK",N,N,unclear,REMOVE,https://polkids.com/programs/,MEDIUM,"TABLE PLACEMENT ANSWER: NO - a parent cannot book a therapy service here without enrolling their child, because the organisation offers no therapy at all; polkids.com describes school-readiness, theme-based learning centres for children six weeks to five years plus VPK, with no speech, OT, ABA or early-intervention service and no BCBA, so this is a childcare/preschool record that belongs in the daycares table, not in the provider table - REMOVE from this one. It is clearly still operating (multi-site organisation with a July 2025 enrolment package posted on its own site) and the stored address 3135 Airside Center Dr matches its Airside location, so no input contradiction found. Reservation: the site's own pages I could load make no mention of special needs, inclusion or autism, so autism relevance is unestablished rather than disproved; the home page returned 403 and my evidence is the first-party Programs page."
9072,"integrity therapy services, llc login",Lakeland,unclear,N,"Not established as a service provider - the record is a scraped web page title, and the only Lakeland entity of that name found in NPI is an outpatient physical therapy group",N,N,N,REMOVE,https://www.healthcare4ppl.com/medical-group/florida/lakeland/integrity-therapy-llc-1355625419.html,LOW,"Confirmed the name is a scraped page title, not a business: it ends in 'login' and the stored URL integritytherapy.info/contactus.aspx is an ASP.NET page whose domain no longer resolves at all (DNS failure on repeated fetches), so there is no working first-party site and the business likely no longer operates - INPUT CONTRADICTION: no live site backs the stored URL. The nearest real Lakeland entity, Integrity Therapy LLC (NPI 1355625419), carries a Physical Therapist taxonomy with a single PT, Karen Maragh, at 1325 Grasslands Blvd / 1485 Shorewood Dr - neither the stored 411 E Orange St address nor any behavior-analyst taxonomy, BCBA, RBT or autism focus appears anywhere. No first-party evidence of ABA or autism relevance exists; removing as not a verifiable service provider."
6965,MySpot,Lauderhill,Y,Y,"Multidisciplinary pediatric outpatient therapy clinic (occupational, speech and physical therapy)",unclear,N,Y,KEEP_OTHER,https://www.kidsspotrehab.com/south-florida-kids-spot-locations/,MEDIUM,"TRAP 2 applied: MySpot is the 2024 rebrand of Kids SPOT, a multi-brand multi-state pediatric therapy company, and its org-wide pages (e.g. the Palm Beach page headed 'ABA Therapy West Palm Beach') advertise ABA for the brand family - I did NOT credit that to Lauderhill, and comparing the South Florida overview page with the Palm Beach location page showed the ABA claim lives in org-level chrome/marketing while neither page names a single BCBA. INPUT CONTRADICTION: the stored URL myspotcare.com/location/lauderhill/ returns a 404 and myspotcare.com would not load; the working first-party domain is kidsspotrehab.com, which confirms Lauderhill as one of its clinics but publishes no Lauderhill-specific service list. FULL CORRECT TAG SET: occupational-therapy, speech-therapy, physical-therapy (drop aba) - reservation: only OT is corroborated for this specific address (Yelp categorises 7430 W Commercial Blvd as Occupational Therapy), speech and PT come from the company's core first-party offering, and ABA at Lauderhill is unestablished so it must not be tagged."
6826,Omega Center for Autism,Lauderhill,Y,Y,"Center-based and in-home ABA therapy for autistic children ages 2-15, with an ABA preschool, after-school program, camps and a sensory/OT gym",Y,Y,Y,KEEP_ABA,https://obctherapy.com/join-our-team/,HIGH,"Name/domain mismatch RESOLVED, not a contradiction: obctherapy.com is the Omega Center for Autism's own site (the 954-532-0337 phone on it matches the CSV), so both entities are the same real Lauderhill organisation. Two distinct first-party pages agree rather than repeating chrome - the home page describes ABA programs plus OT/sensory gym, social skills groups, camps and telehealth, and the separate careers page independently confirms it staffs RBTs, BCBAs, BCaBAs, SLPs and OTAs; NAMED BCBA: none named. Table placement checked - ABA is offered in home, school and clinic settings, so a parent can book it without enrolling in the preschool, and it stays in this table; FULL CORRECT TAG SET: aba, occupational-therapy, group-therapy, recreation-programs, virtual-therapy (speech-therapy is only implied by the hiring page, so I left it off)."
6547,Autism Specialty Group,Miami,Y,Y,"ABA therapy for autistic children delivered in home, school, clinic and community settings",Y,Y,Y,KEEP_ABA,https://www.autismspecialtygroup.com/aba-therapy-miami,HIGH,"Three separate first-party pages (home, services, and the Miami ABA page) carry ABA-specific body content rather than shared chrome, and the BCBA claim clears the second-signal bar: the site states it employs Registered Behavior Technicians and lists Florida Medicaid, Sunshine Health, Tricare, CMS and Community Care Plan among payers, which is ABA billing. NAMED BCBA: none named - the site only says 'board-certified BCBAs'. CSV address (64 NW 54th St, Miami) and phone (305) 767-1924 match the site exactly, no contradiction; FULL CORRECT TAG SET: aba, mobile-services, virtual-therapy - I deliberately did NOT add ados-testing, because the free 'Comprehensive Diagnostic Evaluation' they advertise reads as a pre-treatment behavioral assessment and no ADOS or diagnostic testing is claimed."
6565,Behavioral Neurodiversity Specialists,Miami,unclear,unclear,"Advertises 'ABA therapy for neurodivergent children' but publishes only a coming-soon placeholder, so no service is actually established",unclear,unclear,unclear,UNCLEAR,https://www.bnsneurospecialists.com/,LOW,"The stored domain resolves but serves only a coming-soon landing page - one line, 'ABA Therapy for Neurodivergent children', an email and an Instagram link, with no address, no staff, no service pages and nothing that varies between pages, and a second domain, bxneurospecialists.com, 302-redirects to the same placeholder, so there is no substantive site of its own. Corroborating signals are thin and all third-party: a 2023 Sunbiz filing (P23000053066), a Yelp entry categorised 'Behavior Analysts' at the CSV's 999 Brickell Ave address, and a founder, Thabatha A Soriano, whose BCBA credential I could NOT verify (the Voyage MIA interview returned 403 and no NPI behaviour-analyst record was found). NAMED BCBA: none named/none verified - with no BCBA confirmed, no RBTs, no ABA service page and no Medicaid or BHCOE signal, an ABA tag is unsupported, but I will not call it dead either; an honest UNCLEAR, pending a human check that the practice actually opened."
6636,Cs Behavioral Services,Miami,Y,Y,ABA therapy agency for children from early intervention through adolescence,Y,unclear,Y,KEEP_ABA,https://www.csbehavioralmiami.com/about,MEDIUM,"Three first-party pages (home, about, careers) all present ABA as the business itself, with a body-content methods section naming naturalistic teaching, Pivotal Response Training, verbal behavior and token economy - that is practice content, not footer chrome - and the corroborating NPI 1922700756 carries taxonomy 103K00000X Behavior Analyst (the correct code, NOT 251S Community/Behavioral Health), authorized official Yaysel Caraballo Sigler. NAMED BCBA: none named - no individual BCBA, BCaBA or RBT appears anywhere on the site and the careers page lists no roles, so bcba_found is unclear and the 103K organisational enumeration is my only behaviour-analyst signal; a registry entry alone cannot be HIGH, hence MEDIUM. CSV address 1700 SW 57th Ave #209 and phone (786) 558-4981 match the site; FULL CORRECT TAG SET: aba only - reservation: the site frames itself around child behavioural issues generally and names autism mainly in method/blog material, so autism is a focus but not exclusive."
7425,"Lisa L. Rappa, OT",Miami,unclear,N,Pediatric occupational therapy delivered inside a PPEC (prescribed pediatric extended care) medical daycare,N,N,unclear,REMOVE,https://www.pedistat.com/pedipec,MEDIUM,"TRAP 3 resolved as PEDIATRIC, not adult: the stored address 15839 NW 2nd Ave and phone (305) 948-5683 both resolve to PediPec by PediStat, a Florida-licensed PPEC serving ages 0-20 with medical/nursing needs, not a skilled-nursing or adult rehab campus. She is an individual OT embedded in that PPEC rather than an independently bookable practice - PPEC therapy requires a physician prescription and program enrollment, so the entity belongs in the ppec_centers table (as PediPec), not in resources; no ABA, no BCBA, and PediPec's own page describes medically complex children (neurologic, respiratory, feeding, genetic) rather than autism specifically. Reservation: no Miami NPI record for her was locatable (the only Lisa Rappa OT NPI, 1255420097, is a different listing in Palm Coast), so I could not confirm a 225XP0200X pediatric taxonomy; the setting, not the license, is what establishes the pediatric caseload."
6642,Beyond ASD,Miami Beach,Y,N,"Supported-employment and internship program for autistic young adults (assembling fine-motor kits under OT guidance, job coaching, community placement) plus autism public-awareness education",N,N,Y,KEEP_OTHER,https://www.missmancy.com/beyond-asd/,MEDIUM,"Established what it is: Beyond ASD is NOT a distinct organisation with its own web presence - beyondasd.com 302-redirects into missmancy.com/beyond-asd/, the personal-brand site of occupational therapist Nancy Amar ('Miss Mancy'), so it is a foundation/social-enterprise arm operating off her domain, and it is a real service (employment and internships for autistic young adults aging out of pediatric care), not content or paid coaching. INPUT CONTRADICTIONS: the CSV address 519B W 41st St, Miami Beach and phone (786) 384-0221 match neither of the addresses Miss Mancy publishes (Miss Mancy Studio, 8163 NE 2nd Ave Unit 6, Miami 33138, (786) 706-0866) and Beyond ASD publishes no address of its own - both need verification. FULL CORRECT TAG SET: supported-employment, prevocational-training (drop aba entirely - no ABA, no BCBA anywhere); reservation: the OT practice that a parent can actually book sessions with is Miss Mancy, a different name and address from this record, so occupational-therapy should NOT be tagged here."
7066,EMBRACE FL & NJ Non Profit,Miami Beach,Y,Y,"Autism awareness nonprofit - fundraisers, podcast, volunteer and community programs; no clinical service evidenced",N,N,Y,UNCLEAR,https://search.sunbiz.org/Inquiry/CorporationSearch/SearchResults?InquiryType=EntityName&SearchTerm=EMBRACE%20FL,LOW,"weembrace4u.org is live but every page refused fetching (robots.txt unreachable), so I could load no first-party page; indexed page titles are Home, The Team, Programs, Special Program, FALL PROGRAM, Volunteer Program, Members, Podcast, Shop, Donate and '5th Annual Autism Awareness Fundraiser', which reads as an autism awareness/community organisation rather than a therapy provider - no ABA page, no BCBA and no clinician named anywhere in searches, so the 'aba' tag is unsupported. TRAP 2 applied: this is a two-state (FL & NJ) nonprofit and I could not establish which programs actually run at the Miami Beach location; the stored phone (201) 491-3532 is a New Jersey area code, which contradicts the Florida address 1688 Meridian Ave #701 (a shared office suite, not a service site). Sunbiz shows E.M.B.R.A.C.E, FL INC (N23000000042) in a non-Active 'RPEND/UA' status; I am returning UNCLEAR rather than guessing - if the Fall/Special Programs turn out to be recreational or social groups for autistic participants the correct tag set would be recreation-programs and support-groups (never aba), and if they are awareness/fundraising only there is no valid tag and the record should be REMOVEd."
8898,Possibilities Behavioral Services LLC,Miami Springs,Y,Y,"ABA therapy in home, school and community for children with developmental disabilities",Y,Y,Y,KEEP_ABA,https://www.possibilitiesbehavioralservices.com/,HIGH,"Named BCBA: Daniel Garcia Mitchell, Ph.D., BCBA (founder); second signals are RBTs on staff, a dedicated 'What is ABA Therapy?' page and Medicaid/Sunshine/Molina ABA billing, and NPI 1922734045 lists Daniel Garcia as a behavior analyst in Miami Springs. Correct full tag set: aba, parent-coaching, mobile-services (services delivered in home/school/community and parent-caregiver guidance is offered). No contradiction between the stored address, phone or website and what the provider publishes; ABA claim appears in body content on two distinct pages, not only in nav chrome."
7275,The Behaviorists,Miami Springs,Y,Y,"ABA therapy for children with autism, delivered in clinic, home and school",Y,Y,Y,KEEP_ABA,https://www.the-behaviorists.com/our-team/,HIGH,"Named BCBAs: Lisette Lacosta, BCBA (Founder/Clinical Director), Camille Lopez, BCBA (Assistant Clinical Director), plus Marie Thomas, Janelle Rodriguez, Casandra Heres, Katherine Belon, Deborah Quirch, Michelle Medina and Vanessa Aguiar, all BCBA. Second signals beyond the BCBA roster: dedicated ABA Therapy, Early Intervention, In-Home ABA and School-Based service pages, ~80 families served, and in-network Medicaid/Tricare/commercial billing; evidence came from the team and contact pages, not from nav or footer chrome. Correct full tag set: aba, mobile-services (in-home and school-based delivery); stored address, phone and website all match what the provider publishes (657 South Drive Suite 403, Miami Springs, (786) 860-5161)."
6733,Blooming Behavioral Health,Miramar,Y,Y,"In-home, school-based and community ABA for children with autism",Y,Y,Y,KEEP_ABA,https://www.blooming-aba.com/about,HIGH,"BCBA: none named - the home page and the About page both say services are 'supervised by a BCBA and delivered by trained RBTs' but no individual is identified, so the domain containing 'aba' is corroborated by body copy rather than by a named analyst. Second signals: RBT staffing, a dedicated Insurance & Medicaid page and stated Florida Medicaid/Sunshine/Molina ABA billing; pediatric caseload (children and adolescents with an autism diagnosis), not adult. Correct full tag set: aba, mobile-services (home/school/community delivery); the About page gives the address as 3600 S State Rd 7, Suite 344, Miramar - the stored address omits the suite, which should be added."
6374,TAL Community Mental Health Center,Miramar,Y,Y,"Outpatient psychotherapy and counseling (individual, couples, group) with holistic/wellness workshops",N,N,N,REMOVE,https://www.talcmhc.org/conditions-we-help,HIGH,"Counseling scope rule: primary service is talk therapy plus trauma/PTSD work, sound healing, family constellations and wellness retreats for seniors, adults, youth and immigrant communities - out of scope for this directory. I EXPLICITLY CHECKED THE AUTISM-EVALUATION EXCEPTION on the Conditions We Help page (unique page content, not chrome): the 20 listed conditions are anxiety, ADD/ADHD, depression, dual diagnosis, grief, trauma/PTSD, postpartum, sleep, stress and similar - autism is NOT listed, and there is no ADOS/autism diagnostic evaluation, no autism group therapy and no autism parent coaching, so the exception does not apply. NPI for TAL COMMUNITY MENTAL HEALTH CENTER LLC at 12781 Miramar Pkwy Suite 203 (matches the stored address) carries taxonomy 251S00000X Community/Behavioral Health with no 103K00000X behavior analyst code and no BCBA named anywhere, which is evidence against the 'aba' tag; REMOVE, no tag set."
7394,Superior Healthcare for the Aged & Disabled,North Lauderdale,N,N,Geriatric/aged-and-disabled home care agency (dissolved; no service evidence found),N,N,N,REMOVE,https://search.sunbiz.org/Inquiry/CorporationSearch/SearchResults?InquiryType=EntityName&SearchTerm=Superior%20Healthcare%20for%20the%20Aged,MEDIUM,"Sunbiz lists SUPERIOR HEALTHCARE FOR THE AGED AND DISABLED INC. (doc P20000070929) as INACTIVE, there is no NPI record for it in Florida, no website is stored or findable, and 7399 Tam Oshanter Blvd is a residential condo address rather than a service location, so the business appears defunct. Scope: the name and the only available signal point to AGED CARE / general disability home care, not to developmental disabilities served broadly, and nothing indicates a pediatric or autism caseload - this is the adult/geriatric trap, so it fails the related-but-not-autism rule as well as the operating test. Stored phone (516) 854-8220 is a New York area code that contradicts a Florida service location; no BCBA, no ABA evidence anywhere; REMOVE with no tag set."
8624,Children's Center for Therapy and Learning,North Miami,Y,Y,"Outpatient pediatric speech, occupational and feeding therapy plus academic/learning programs",unclear,N,Y,KEEP_OTHER,https://www.therapyandlearning.com/about-us,HIGH,"Table placement: this is an outpatient clinic, not a school - the about page shows families request individual therapy directly and no program or school enrollment is required, so it stays in this table. BCBA test fails: the about page names Steven Sanford MOT/L (OT owner), Suzy Strock M.S. CCC-SLP, Daniella Moreinis OT and Francois Bellande SLP with no BCBA anywhere, and the NPI record for CHILDREN'S CENTER FOR THERAPY AND LEARNING at 2124 NE 123rd St carries only a Speech-Language Pathologist taxonomy (SA 6560), so the 'aba' tag is not supported even though a dedicated ABA page exists; autism is named on the about page (therapists with autism-specific experience). Correct full tag set: speech-therapy, occupational-therapy, feeding-therapy, tutoring - drop aba; reservation: physical therapy, animal-assisted therapy and ABA appear in the site's service index but no PT or BCBA is named, and the NPI record gives Suite #204 while the input and the site say Suite 210."
6544,Kids Therapy Outlets,North Miami,Y,Y,"Pediatric speech-language, feeding and occupational therapy with developmental/play therapy and evaluations",N,N,Y,KEEP_OTHER,https://www.kidstherapyoutlets.org/services,HIGH,"Stored website was 'null' but the practice has its own working site, kidstherapyoutlets.org; NPI 1922... registered as TATSIANA OSKO INC d/b/a Kids Therapy Outlets, primary taxonomy Speech-Language Pathologist (FL license SA9970) at 12700 Biscayne Blvd Ste 204, North Miami, phone 954-918-1928 (matches stored address and phone), last updated 26 Aug 2026 so it is operating. No ABA and no BCBA anywhere on the site or in the NPI taxonomy - the 'aba' tag is wrong; the services and home pages (two distinct pages) list evaluation, speech and language therapy, feeding and occupational therapy, developmental/social/play therapy, daycare consultations and screenings, family education/training and Skype consultation, and name autism among conditions treated. Correct full tag set: speech-therapy, occupational-therapy, feeding-therapy, parent-coaching, virtual-therapy; reservation - no clinician is named on the site, the services page shows a placeholder phone (1-800-987-6543) suggesting a partly unmaintained site, and listed service areas with 'locations subject to change' hint at travelling service, so mobile-services was not credited."
6991,"Wonderful Counselor, LLC.",North Miami,Y,Y,"Outpatient mental health counseling (individual, pre-marital, trauma-focused CBT) by an LCSW",N,N,N,REMOVE,https://wonderfulcounselorllc.com/team/dr-magda-demerritt/,HIGH,"Home/services page and the separate clinician bio page both show a talk-therapy practice run by Dr. Magda Demerritt, LCSW-QS with intern Tanya Casside, MSW; no BCBA, no RBTs, no ABA anywhere, so the imported aba tag is unsupported. I explicitly checked the counseling exception: no autism diagnostic evaluation, ADOS testing, autism group therapy or autism parent coaching is offered, so the exception does not apply and this is a REMOVE under the counseling scope rule. Input address contradiction: CSV says 12555 Biscayne Blvd, the site publishes 12550 Biscayne Blvd Suite 212, North Miami FL 33181; phone matches."
6765,ACAS Therapy for Kids,North Miami Beach,Y,Y,"Pediatric outpatient speech, occupational and physical therapy clinic (plus generic 'behavioral therapy')",N,N,Y,KEEP_OTHER,https://acastherapy.com/,MEDIUM,"acastherapy.com is a one-page site (every /about, /services, /behavioral-therapy path 404s, so a two-page comparison was impossible - evidence_quality held to MEDIUM); its body content sells Speech, Occupational, Physical and 'Behavioral' therapy for children, and the behavioral blurb names ADHD/anxiety/autism generically, never ABA, BCBA or RBT. NPI 1598466831 (ACAS Therapy Inc) carries taxonomy 261Q00000X Clinic/Center, not 103K00000X Behavior Analyst, so the imported aba tag fails the BCBA test - BCBA: none named. Correct full tag set: speech-therapy, occupational-therapy, physical-therapy (drop aba). Input contradiction: NPI lists 363 NE 167th St while CSV and the site both say 1641 NE 163rd St, and NPI phone 305-491-7925 differs from the site's 786-623-3357."
6581,Interactive Therapy Solutions Inc,North Miami Beach,Y,Y,Pediatric occupational and speech therapy (ages 0-21) delivered in-home and via teletherapy,N,N,Y,KEEP_OTHER,https://www.yourtherapyhome.com/,MEDIUM,"Domain mismatch resolved: yourtherapyhome.com is the first-party site OF Interactive Therapy Solutions Inc (the trading name 'Your Therapy Home'), same phone 786-805-6454 - not an unrelated entity; NPI 1053650770 confirms it, taxonomy 225X00000X Occupational Therapist plus 251E00000X Home Health, authorized official Antonia P Thomas OTR/L, no 103K00000X and no BCBA named anywhere, so the aba tag is unsupported (BCBA: none named). Trap 3 checked: the generic OT taxonomy proves nothing, but the site's own body copy states children ages 0-21 with developmental challenges, so this is pediatric, not adult; only the home page would load (about-us.php, speech-therapy.php and occupational-therapy.php all return 409) so I could not compare two pages and held quality to MEDIUM. Correct full tag set: occupational-therapy, speech-therapy, virtual-therapy, mobile-services (drop aba); address contradiction - CSV and site say 909 N Miami Beach Blvd Ste 503 but NPI lists the practice location as 520 NW 165th St Rd Ste 205, Miami."
7153,Self Love Harbor,North Miami Beach,Y,Y,"Holistic wellness and mental-health coaching (energy healing, Reiki, EFT tapping, breathwork, mindfulness)",N,N,N,REMOVE,https://selfloveharbor.com/services/,HIGH,"Home page and the separate services page both show wellness/life coaching only - energy healing, inner child healing, mindfulness, somatic exercises, EFT tapping, breathwork - led by Stella Vidal, a Nationally Certified Wellness Coach and Reiki Master, with no LMHC/LCSW/BCBA and no RBTs, so the aba tag is wholly unsupported. I explicitly checked the counseling exception on both pages: no autism diagnostic evaluation, no ADOS testing, no autism group therapy and no parent coaching, so the exception does not apply and this is a REMOVE under the counseling/life-coaching scope rule; autism is never mentioned on the site at all. Input contradiction: CSV city is North Miami Beach but the site publishes the same 17800 West Dixie Highway address as Aventura, FL 33160; phone matches."
6838,"Play and Learn Therapy, Inc.",Oakland Park,Y,Y,"Pediatric speech-language, occupational, physical and feeding therapy clinic (ages 0-21), also delivered at schools and daycares",N,N,Y,KEEP_OTHER,http://www.playandlearntherapy.com/feeding-therapy,HIGH,"Compared the home page and the separate feeding-therapy page: both describe an ASHA-credentialed pediatric SLP/OT/PT/feeding practice, and neither mentions ABA, a BCBA or RBTs; NPI 1083154728 lists 235Z00000X SLP (primary), 225X00000X OT, 2251P0200X Pediatric PT, plus PTA/OTA/SLP-assistant taxonomies and no 103K00000X, so the imported aba tag fails the BCBA test - BCBA: none named. Table placement checked: it is a standalone clinic, a parent can book a therapy session without enrolling in any program, so it belongs in the resources table, and Trap 3 is resolved pediatric by the site's stated 0-21 range plus the pediatric PT taxonomy; Correct full tag set: speech-therapy, occupational-therapy, physical-therapy, feeding-therapy, mobile-services (drop aba); input contradiction - CSV address 840 E Oakland Park Blvd is wrong, the site and NPI both give 3296 NW 9th Ave, Oakland Park FL 33309 (phone matches). Reservation: autism is never named explicitly on the site, so relevance rests on the broad pediatric developmental/sensory caseload."
6815,AK Behavioral Health Clinic,Orlando,N,N,"Formerly an ABA / behavior-analysis and developmental-disability clinic (legal name Aponte & Klein, Inc.); appears defunct",unclear,unclear,Y,REMOVE,https://search.sunbiz.org/Inquiry/CorporationSearch/SearchResults?inquiryType=EntityName&searchTerm=APONTE%20%26%20KLEIN,MEDIUM,"Contrary to the 251S00000X Community/Behavioral Health hypothesis, NPI 1982066205 (Aponte & Klein Inc., 5575 S Semoran Blvd Ste 7 - exactly the CSV address) carries 103K00000X Behavior Analyst as its PRIMARY taxonomy, so taxonomy is evidence FOR behavior analysis, but a registry entry alone is never sufficient and I found NO first-party website and NO second signal (no RBTs, no ABA service page, no BHCOE, no named BCBA - BCBA: none named; the only 'Klein' behavior analyst in NPI, Farah Klein NPI 1316295702, is in Tampa and unconnected). The record is a REMOVE on operating status, not on service: Sunbiz shows APONTE & KLEIN INC. (P16000027854) as INACTIVE and the BBB profile carries an 'Out-of-Business known or suspected' alert, two independent corroborating sources, with the third-party sources used only for closure and address as the rules permit. Input contradiction: CSV phone (844) 331-6451 does not match the NPI phone 321-400-5254, and the business also had Kissimmee and a second Orlando site, so the parent/multi-site caveat applies to any service list found elsewhere."
7325,"Camen Behavioral Services, LLC",Orlando,Y,Y,Applied behavior analysis (ABA) therapy for children with autism and ADHD,Y,Y,Y,KEEP_ABA,https://www.wearecamen.com/,MEDIUM,"Two first-party sources agree and are not chrome: camenbehavioral.com body copy says they serve 'children suffering from developmental disabilities, like Autism and Attention-Deficit/Hyperactivity Disorder', and the parent site wearecamen.com states the behavioral division 'provide[s] ABA with compassion'; the second signal is their own Workable careers board actively recruiting a Board Certified Behavior Analyst (BCBA), and Yelp categorises 5959 Lake Ellenor Dr as Behavior Analysts; BCBA: none named - no individual BCBA is identified anywhere I could load, and every camenbehavioral.com subpage (services, about-us, contact) returned robots.txt errors, so evidence_quality is held to MEDIUM; Trap 2 checked: Camen is a multi-arm org (Camen Behavioral clinics in MetroWest/Waterford/Kissimmee, Camen Academy school, Camen Foundation, HQ office in 32707), and I credited only the Lake Ellenor site as an ABA service location rather than the org-wide list; correct full tag set: aba. No input contradiction found - CSV address and city match the published Lake Ellenor location, though I could not verify the CSV phone (321) 972-4039 against a first-party page."
6353,Fataj Transition & Learning Center LLC,Orlando,Y,Y,"ABA therapy clinic for children with autism (clinic, in-home and school-based), plus a separate private academy",Y,Y,Y,KEEP_ABA,https://www.fatajtlc.com/services,HIGH,"Two first-party pages compared (home and /services), both body content not chrome: ABA for autism spectrum disorder and related developmental disabilities delivered by 'Board Certified Behavior Analysts and Behavior Technicians', with Medicaid/insurance billing - the BCBA is NAMED as LaTeisha Gilzean, M.Ed., BCBA (Director/founder), and the RBT/behavior-technician staffing plus Medicaid ABA billing are the required second signals. TABLE PLACEMENT answered explicitly: yes, a parent CAN book clinic ABA by referral WITHOUT enrolling their child in FaTaj Transition and Learning Academy (the VPK-3 private school opened 2023 is a separate arm), so this record legitimately stays in the provider table and the school arm would be a separate schools-table entry; the 'transition/vocational for adults' hypothesis is wrong - this is pediatric, so adult-day-training, supported-employment and prevocational-training do NOT apply. Correct full tag set: aba, parent-coaching, mobile-services; no address/phone contradiction (3099 Orange Center Blvd and 407-601-0491 both match the CSV), one reservation: the site states ages 2-12 on one page and 2-21 on another."
6881,"Hidden Potential Florida, LLC",Orlando,Y,Y,"In-home/community ABA therapy for children, teens and adults with developmental disabilities",Y,Y,Y,KEEP_ABA,http://www.hiddenpotentialflorida.com/meet-the-team,HIGH,"Compared homepage and Meet the Team page (not chrome): homepage describes ABA in homes, schools, daycares and work settings; team page names clinical director Jennifer Blair, MA, BCBA plus seven other BCBAs (Shelby Bournival, Marylin Diaz, Sabrina Frank, Alyssa Hofheins, Alyson O'Connor, Gabriela Orozco, Grisellys Morales Vazquez) and 13 RBTs, satisfying the second signal. Full correct tag set: aba, mobile-services; stored address, phone and website all match the first-party site, so no contradiction. Reservation: serves adults as well as children, but autism/DD focus is explicit so it stays in scope."
6767,"Indigo Kids Behavioral Learning, LLC",Orlando,Y,Y,"ABA therapy (clinic, home and school based) for children/young adults with autism and other developmental disabilities",Y,Y,Y,KEEP_ABA,https://www.indigokidsbehavior.com/,HIGH,"Compared the homepage and the separate Our Services page (content differs, not chrome): founder Stephanie Ford, MS, BCBA, LBA is named, and the second signal is a dedicated ABA service menu (1:1 clinic/home/school, verbal behavior, social skills, toileting, independent living, caregiver training) plus an active RBT posting for the Orlando office. Full correct tag set: aba, mobile-services, parent-coaching, life-skills, tutoring (the Learning Village homeschool-facilitation group). Stored address/phone/site match the first-party site; note the company also operates in South Carolina, and the Learning Village group program is only one arm - standalone 1:1 ABA is offered, so the record belongs in this table."
6644,Quest Kids Academy,Orlando,Y,Y,"K-22 private specialty school for autism/DD sharing a campus with Quest Kids Therapy, a separately-billed ABA clinic",Y,Y,Y,KEEP_ABA,https://questinc.org/quest-kids-academy/,HIGH,"Table-placement question answered explicitly: a parent CAN book ABA without enrolling in the school - the Academy page states therapy 'is billed separately from QKA tuition,' and Quest Kids Therapy serves ages 15 months-18 years in home, school and community settings, so it is not enrollment-gated; BCBAs named on the therapy page are Elyscha Harris, MS, BCBA, Jeanette Bzduch, BCBA, Sheldon Ebbeler, MA, BCBA and Jen Simon, MPA, BCBA (second signal: dedicated ABA program pages distinct from the school page - two pages compared, not chrome). Full correct tag set: aba, life-skills, mobile-services. Contradictions to flag: stored URL questkids.org 302-redirects to questinc.org/quest-kids/, stored phone (407) 218-4340 matches neither published number (Academy (407) 237-7356, Therapy (407) 317-5423); Quest Inc. is a large statewide nonprofit with adult DD programs, so only the Quest Kids Orlando campus was credited, and the Academy arm should additionally be listed in the schools table."
7054,Adapt Behavioral Services,Ormond Beach,Y,Y,"Behavior analysis plus outpatient counseling for children (age 2+) and adults, delivered in home, school, office and telehealth",Y,Y,Y,KEEP_ABA,https://www.adapt-fl.com/services-provided,MEDIUM,"Shared-address finding: NPI 1598432635 places Adapt at 533 N Nova Rd STE 106D while Lighthouse (8873) publishes STE 112 with a different phone, different NPI and its own site, so these are two distinct tenants of the Park Plaza building, NOT duplicates - both records stand on their own merits. Counseling exception checked and it applies in Adapt's favour: three distinct first-party pages (Services Provided, Problems Treated, Staff Qualifications - not chrome) describe Behavior Analysis as a service, parent training and school consultation, name ASD and intellectual disability with language delays and social skills for ages 2 through adulthood, and state behavior analysts must be BACB-certified, though NO INDIVIDUAL BCBA IS NAMED ('none named'). Full correct tag set: aba, parent-coaching, mobile-services, virtual-therapy; reservations - the NPI primary taxonomy is Community/Behavioral Health 251S00000X (evidence against ABA, with Behavior Analyst 103K00000X only secondary), the practice is heavily counseling-weighted, and the stored phone (386) 898-5003 contradicts the only number the provider publishes, (407) 622-0444, while the website shows only the Maitland office."
6528,Elite Continuing Education,Ormond Beach,Y,Y,Online continuing-education (CE) course publisher for licensed healthcare and professional licensees - not a service provider,N,N,N,REMOVE,https://www.elitelearning.com/,HIGH,"Verified rather than assumed: elitelearning.com is a national CE publisher (Colibri Group) selling license-renewal courses to nurses, social workers, OTs, PTs, psychologists and counselors, with no patient-facing clinical service of any kind and no autism content. Nothing here can be booked by a parent or an autistic person, so it is not a service provider at all - REMOVE on that ground, not merely on scope. The company still operates but is national rather than an Ormond Beach clinic; the stored 26 N Beach St address is a corporate/legacy office, not a service location."
8873,"Lighthouse Behavioral Health, LLC",Ormond Beach,Y,Y,"Outpatient counseling and psychotherapy practice (individual, child, couples, family; EMDR, TF-CBT, CPP trauma work)",N,N,N,REMOVE,https://www.lighthousebh.net/services,HIGH,"Out of scope under the counseling rule: the services page describes counseling/psychotherapy, trauma-informed therapy (EMDR, TF-CBT, CPP) and substance-use/domestic-violence work, ABA appears only as a one-line modality among CBT with no ABA program, no RBTs and no BCBA named anywhere (the clinical-team page is a dead 404), and the NPI 1609316959 taxonomy is Community/Behavioral Health 251S00000X, which is evidence against an ABA tag. I checked the counseling exception explicitly: no ADOS or autism diagnostic evaluation, no autism-specific group therapy and no autism parent-coaching are offered, so the exception does not apply; ASD appears only in a site-wide specialties index (chrome) on the About page. Stored address, phone and website match the first-party site (suite 112 is published, the stored address omits it); no other contradiction."
6979,D&D Behavior Therapy's Kings,Palm Springs,Y,Y,ABA therapy for children with autism and other special needs,Y,Y,Y,KEEP_ABA,https://ddbehaviortherapykings.com/about,HIGH,"Homepage and About page compared (differing content, not chrome): founder Digna Villar Arencibia, BCBA is named, with two further BCBAs (Jonathan Perez Ojeda, Juan Carlos Sotero), a BCaBA (Sabrina Milian Villar) and six named RBTs, and the site states it bills most Medicaid health plans - BCBA plus two independent second signals. Full correct tag set: aba, life-skills. Contradiction to flag: the site publishes no street address and describes its area as the 'Lake Worth Corridor,' so the stored '3175 S Congress Ave Suit 203, Palm Springs' is unconfirmed first-party (the stored phone (561) 298-2399 does match); reservation - no in-home/mobile claim was verified, so no mobile-services tag."
6852,"Assurance Hope Institute, Inc.",Plantation,Y,Y,"Private community behavioral-health agency: teen counseling and substance-abuse treatment, psychiatric evaluation and medication management, psychosocial rehabilitation and an adult program",N,N,N,REMOVE,http://www.assuranceofhope.org/programs,HIGH,"Established what it actually is rather than reading 'Institute': the homepage and the distinct Programs page (two pages compared, not chrome) describe individual/family/group therapy, drug and alcohol counseling, psychiatric evaluation and medication management, psychosocial rehabilitation, behavior camps and an 18+ adult program - autism and developmental disability appear nowhere, and 'behavior modification' is used rather than ABA, with only 'Certified Behavior Technician' job postings and no named BCBA. I checked the counseling exception explicitly: no ADOS or autism diagnostic evaluation, no autism-specific group therapy and no autism parent-coaching, so it stays out of scope under the counseling/substance-abuse rule, and the adult program also falls foul of the adult-versus-pediatric rule. Contradiction to flag: the provider publishes 5975 W. Sunrise Blvd Suite #115, Sunrise FL 33313, not the stored Suite #119, Plantation (the stored phone (954) 368-6856 is one of three numbers it lists)."
8782,Broward Behavioral Llc,Plantation,Y,Y,ABA therapy for children with autism and ADHD,Y,N,Y,KEEP_ABA,https://browardbehavioral.net/family-guide,MEDIUM,"Correct tag set: aba only. Two distinct first-party pages carry ABA content that varies (home page: 'personalized ABA therapy programs' for autism and ADHD; Family Guide page: 'How to Begin ABA Services'), and NPI 1184334898 carries taxonomy 103K00000X Behavior Analyst, but NO BCBA is named anywhere on the site or in the registry - BCBA is 'none named', which is my main reservation and why quality is MEDIUM not HIGH. Input address/phone match the practice; note the NPI record gives ZIP 33172 (a Miami ZIP) for a Plantation street address, an apparent registry error rather than an input contradiction."
8878,Health and Healing Mental Health Center,Port St. Lucie,Y,Y,"General outpatient mental health / psychology practice (anxiety, depression, stress, trauma therapy)",N,N,N,REMOVE,https://www.medicarelist.com/mental-health/health-and-healing-mental-health-center-port-st-lucie-fl/,LOW,"Counseling-adjacent: I EXPLICITLY CHECKED THE AUTISM-EVALUATION EXCEPTION and found no ADOS/autism diagnostic testing, autism group therapy or parent coaching anywhere - so the exception does not apply and the counseling scope rule makes this a REMOVE. NPI 1619688314 taxonomy is 103T00000X Psychologist (not 103K00000X Behavior Analyst), authorized official Dr. Marlene Egusquiza, PsyD; no BCBA or RBT anywhere. Reservation: the first-party site healthandhealingmhc.com loads but renders no crawlable content beyond metadata, so the service list came from a third-party directory plus the NPI record - quality is LOW for that reason; stored address and phone match the NPI record."
7422,Family Therapy & Behavior Services LLC.,Riviera Beach,Y,Y,In-home/community ABA therapy agency for children with autism,Y,N,Y,KEEP_ABA,https://www.familytherapybehavior.com/services-1,HIGH,"Correct tag set: aba, mobile-services (ABA delivered flexibly in home/community); OT, speech and physical therapy are named on the services page with zero elaboration and 'functional living skills/social skills' appear only in meta description chrome, so I did NOT credit those tags. BCBA is 'none named' - three first-party pages describe ABA in detail, RBTs on staff, ABA supervisors and Medicaid/private-insurance billing, and NPI 1326707449 carries taxonomy 103K00000X Behavior Analyst under owner Nomary Morales, but no individual BCBA is identified anywhere. INPUT CONTRADICTION: the CSV address (2655 N Ocean Dr #305, Riviera Beach) and phone (561) 818-1367 do not match what the provider publishes and what NPI lists - 8395 W Oakland Park Blvd Ste A, Sunrise FL 33351, phone 866-330-9025/954-600-4307; the Riviera Beach location is unverifiable and the record's city is likely wrong."
6603,The Chase Academy,South Daytona,Y,Y,Private K-12 nonprofit day school for students with high-functioning autism spectrum disorders,N,N,Y,REMOVE,https://www.tcaofvolusia.org/programs,HIGH,"TABLE PLACEMENT: NO - a parent CANNOT book any therapy here without enrolling their child; every offering on the programs page is a grade-band academic track (Kindergarten through Senior, Scholar/Scholar Plus/Career and Life Skills/Independent Living tracks) available only to enrolled students, so this is a school record and a REMOVE from the provider table, not a service-tag correction. Autism-relevant and clearly operating (nonprofit formed 2006, Florida scholarship-participating private school), so it should be moved to the schools table rather than deleted. No ABA program and no named BCBA or licensed therapist anywhere on the site; behavioural work is described as SCERTS-based classroom assessment, not billable ABA."
7231,Area Stage,South Miami,Y,Y,"Nonprofit theatre company running the Inspire Theatre Project, a weekly performing-arts program for neurodiverse people and people with developmental disabilities",N,N,Y,KEEP_OTHER,https://www.areastageconservatory.org/itp,HIGH,"Correct tag set: recreation-programs only - this is arts education, NOT art-therapy or music-therapy (no licensed creative-arts therapist), and I did not credit a one-off sensory-friendly performance. The Inspire Theatre Project is a genuine standing program, not a single show: established 2014 under Executive Director Maria Banda-Rodaz, 350+ student actors, weekly tuition classes with published schedules and fees (ITP Kids ages 6-11 $120/mo, ITP RAD Ballet ages 11+, ITP On-Camera Acting ages 16+), entrance interview and Fall 2026 enrolment, plus outreach classes at Miami-Dade partner schools. SCOPE: it serves developmental/intellectual disabilities BROADLY including autistic participants rather than being exclusive to a non-autism condition, so it qualifies; the ITP program pages live on the sister domain areastageconservatory.org while the stored domain areastage.org is the working parent site, and no ABA or clinical service exists here."
6712,Maven in Behavior,South Miami,Y,Y,Center-based ABA therapy and school-readiness program for children ages 3-5,Y,Y,Y,KEEP_ABA,https://npiregistry.cms.hhs.gov/api/?version=2.1&number=1174012744,MEDIUM,"Correct tag set: aba, parent-coaching (parent training is named as a service); I did not tag mobile-services because the in-home/school-based claim comes only from a third-party directory; NAMED BCBA: Alana Usategui, BCBA, owner and authorized official on NPI 1174012744, taxonomy 103K00000X Behavior Analyst - second signal is the practice's own description of center-based ABA plus parent training, school consultations and insurance billing. Reservations: the BCBA is named in the NPI registry rather than on the site, and maveninbehavior.com is JavaScript-rendered so every page returned the same site-wide metadata (possible chrome) - hence MEDIUM. INPUT CONTRADICTION: stored address 7000 SW 62nd Ave, South Miami does not match the published/registered address 8915 SW 108th Path, Miami FL 33176; the stored phone (305) 586-2953 does match."
7431,"Powerful Principles, LLC-Child Therapy Near Stuart",Stuart,Y,Y,"Pediatric psychotherapy / mental health counseling practice (CBT, ADHD, anxiety, family counseling)",N,N,N,REMOVE,https://powerfulprinciples.org/,HIGH,"Counseling-adjacent: I EXPLICITLY CHECKED THE AUTISM-EVALUATION EXCEPTION and the site mentions no autism diagnostic evaluation, ADOS, psychological testing or diagnosis anywhere, and I also checked the group-therapy limb of the exception - the four social skills groups (The Littles 4-7, Pre-Teen 8-11, PowerHER 10-16, Young Adults 18-25) are framed as general social development, not as groups for autistic clients - so the exception does not apply and the counseling scope rule makes this a REMOVE. 'Child Therapy' here means pediatric psychotherapy, confirmed by the all-counselling staff roster (Bethany Powers LMHC founder, Brittany Vitolo LCSW, three RMHCIs) with NO BCBA, RBT or behaviour-analyst taxonomy anywhere. Autism appears only inside a repeated conditions list alongside ADHD and anxiety, i.e. condition-index chrome, and the record name is an SEO page title rather than the legal name (Powerful Principles, LLC); stored address and phone are consistent with the practice."
8845,Arc Broward,Sunrise,Y,Y,"Multi-program disability nonprofit: adult day training, afterschool/summer recreation and respite care for people with developmental disabilities",N,Y,Y,KEEP_OTHER,https://arcbroward.com/programs/adult-day-programs/,HIGH,"TRAP 2 applied - correct tag set for THIS Sunrise location (10250 NW 53rd St, address and phone both match the input): adult-day-training, respite-care, recreation-programs, life-skills; I did NOT credit supported-living or residential-program because Arc Broward's five group homes are scattered in single-family neighbourhoods across Broward and its Barc Housing 36-bed ICF is in Davie, nor supported-employment/prevocational-training because Arc Works and Arc Culinary are separate arms whose address I could not confirm. Board-certified behaviour analysts are stated to write assessments and behaviour plans inside the ABLE Afterschool program (ages 3-21) but NONE ARE NAMED and no standalone bookable ABA service exists, so delivers_aba is N rather than Y. TABLE PLACEMENT: the ages 3-5 developmental preschool and its embedded OT/speech/PT are open only to enrolled children, so that arm belongs in the daycares table as its own record and is not credited here; the org serves developmental disabilities BROADLY including autism (ABLE program, autism licence-plate initiative), not a non-autism condition exclusively."
6602,Bright Stars Therapy Inc,Tallahassee,Y,N,Pediatric occupational therapy and speech-language pathology,N,N,Y,KEEP_OTHER,https://npiprofile.com/npi/1235261967,MEDIUM,"Full correct tag set: occupational-therapy, speech-therapy (drop aba entirely). No website of its own; established via NPPES NPI 1235261967, whose taxonomies are 225XP0200X Occupational Therapist PEDIATRICS plus 235Z00000X Speech-Language Pathologist and 193400000X multi-specialty group, with NO 103K00000X Behavior Analyst, and Sunbiz P03000134620 shows the corporation ACTIVE since 2003 with principal address 3131 Dickinson Dr, Tallahassee and officer Stephanie E. Senior (no BCBA; none named). INPUT CONTRADICTION: NPPES lists the practice address as 120 NW 28th St, Gainesville FL with phone (352) 246-5384, not the stored Tallahassee address and (850) 933-8558 phone, though Sunbiz corroborates Dickinson Dr as the principal address; reservation: registry-only evidence, no first-party page confirming an autism-specific caseload, so pediatric OT/speech relevance is inferred rather than stated."
6718,"FAAST, Inc",Tallahassee,Y,Y,"Statewide assistive technology program; device demonstration, short-term device loans, reuse and low-interest AT financing",N,N,Y,KEEP_OTHER,https://faast.org/regional-service-centers/,HIGH,"Full correct tag set: aac (drop aba entirely; no BCBA and no behavior-analytic service anywhere on the site). Not merely a statewide grant administrator: the regional-service-centers page confirms 2145 Delta Blvd Ste 200 is BOTH the state headquarters AND the Northwest Regional Demonstration Center, so a Tallahassee parent can directly demo and borrow AAC and other AT devices there for free, and the site carries a first-party testimonial from a family using it for a son with autism. Reservation: FAAST explicitly does NOT provide clinical therapy, AAC evaluation or speech services (device demo/loan/financing only) and serves all disabilities broadly rather than autism specifically, so aac is the closest honest tag rather than a perfect one; input website, address and phone all match what FAAST publishes."
7278,Living Free Counseling,Tallahassee,Y,N,"Outpatient counseling and psychotherapy (CBT, couples, anxiety, depression, trauma, grief, teen therapy)",N,N,N,REMOVE,https://www.therapydb.com/provider/living-free-counseling-tallahassee-fl,LOW,"No website of its own; the only substantive listings are third-party (TherapyDB, Birdeye, Chamber of Commerce), which I used only for status and service description, and the practice appears to be operating and accepting patients as of August 2026. Primary service is squarely talk therapy, so it is out of scope under the counseling rule; no BCBA, no RBTs and no ABA anywhere. I checked the autism exception explicitly and it is NOT met: no autism diagnostic evaluation or ADOS testing, no parent coaching, and although 'group therapy' is listed it is general psychotherapy grouping, not group therapy for autistic clients, so the exception does not rescue it."
7256,"Louis M. Tornyai, OTC",Tallahassee,Y,N,"Occupational therapy for adults with developmental disabilities, employed by Sunrise Community, Inc",N,N,N,REMOVE,https://npiprofile.com/npi/1902879992,MEDIUM,"TRAP 3 adult case: NPI 1902879992 carries the GENERIC OT taxonomy 225X00000X (FL OT license 7956), NOT pediatric 225XP0200X, so the taxonomy proves nothing on its own; his employer is Sunrise Community, Inc, whose Tallahassee/Northwest footprint is adult ICF/IID cluster homes and six-bed community homes (children's services are in Tampa only), and his registered suite 1381C Cross Creek Cir is a unit in an internal-medicine office building (Cross Creek Medical P.A., Body Image Med Spa). No website, no BCBA, no ABA, and no evidence of a pediatric autism caseload a parent could book. Input address and phone are consistent with NPPES; removing as adult-population OT out of scope."
7176,Ricke Jill L PhD,Tallahassee,Y,N,"Solo licensed psychologist providing general psychology/psychotherapy, including telehealth",N,N,unclear,REMOVE,https://npiprofile.com/npi/1508900580,LOW,"Scraped name is last-name-first: Dr. Jill L. Ricke, Ph.D., NPI 1508900580, FL psychologist license PY0004423, sole proprietor at 1535 Killearn Center Blvd Suite D-1 (the input omits the suite; phone 850-877-6011 matches NPPES). Her ONLY NPPES taxonomy is 103T00000X Psychologist with NO 103K00000X Behavior Analyst, which under the BCBA test is strong evidence against an ABA tag, and a PhD psychologist applying behavioral methods is not an ABA provider. I checked the autism-evaluation exception explicitly on every source I could reach and it is NOT met: no first-party website exists and no aggregator profile lists autism, ADOS, developmental or psychoeducational testing, or a pediatric caseload; reservation: material is thin and this is a scope removal rather than a finding that she does no autism work."
7128,Veritas Therapy Group,Tallahassee,unclear,N,Unestablished; no verifiable service footprint for this name at this address,unclear,unclear,unclear,UNCLEAR,https://www.tallahasseepsychgroup.com/contact,LOW,"No website and NO trace of 'Veritas Therapy Group' anywhere after searching NPPES/NPI, Sunbiz, AHCA and local Tallahassee directories: no NPI, no Florida corporate registration, no listing, and the stored phone (850) 391-1570 returns nothing. I ruled out the nearest candidate confusion: Tallahassee Psychology Group is a DIFFERENT practice at 1030 E Lafayette St with phone 850-325-0415, not the stored 1331 E Lafayette St. Per the rules 'Therapy' and 'Group' in a name prove nothing, absence from AHCA proves nothing on its own, and I will not manufacture a verdict; there is no basis whatsoever for the aba tag, and the balance of evidence (every other 'Veritas' practice found nationally is a counseling practice, and this row is verified=false) suggests it is either defunct or a counseling practice, so a human should confirm by phone before it is kept."
6832,The Sylvia Brafman Mental Health Center,Tamarac,Y,Y,"Adult residential and outpatient mental health and dual-diagnosis/substance abuse treatment (residential, PHP, IOP, OP)",N,N,N,REMOVE,https://sylviabrafman.com/florida/,HIGH,"Stripped the ?utm_source=google&utm_medium=local&utm_campaign=sbmhc-florida tracking parameters from the stored URL before fetching; the clean first-party page confirms an ADULT mental-health and dual-diagnosis/substance-abuse center offering residential, PHP, IOP and OP levels of care plus crisis stabilization. Out of scope on two independent grounds: the counseling rule (talk therapy, psychiatry and substance abuse treatment) and TRAP 3 (adult population, no pediatric program stated). I checked the counseling exception explicitly and it is NOT met: no autism-specific program, no ADOS or autism diagnostic evaluation, no ABA, no parent coaching and no BCBA named anywhere on the site."
7772,2hopebehavioral,Tampa,Y,Y,Children's behavioral services registered under a Behavior Analyst taxonomy; exact service mix unconfirmed,unclear,unclear,unclear,UNCLEAR,https://npiprofile.com/npi/1346902624,MEDIUM,"Real and operating: NPPES NPI 1346902624 for 2 Hope Behavioral Center carries taxonomy 103K00000X Behavior Analyst (NOT 251S00000X Community/Behavioral Health) at 3401 S 78th St Tampa, exactly matching the input address, enumerated 2021, owner Daneiry Moya Aloma, and Sunbiz entity P21000082796 exists. Its site 2hopebx.com is live and indexed as 'Children's Behavioral & Mental Health Services' but returned HTTP 403 to every fetch attempt (www, /about, Instagram robots-blocked), so I could read NO first-party page: no named BCBA, no RBT/Medicaid-ABA/BHCOE second signal, and the 'Mental Health Services' framing raises an unresolved counseling-scope question, so under the BCBA test a behavior-analyst taxonomy alone is only suggestive and I will not manufacture a KEEP_ABA. INPUT CONTRADICTION: three different phones exist for this org - stored (813) 372-8769, NPPES (813) 453-0502, and (786) 300-5184 on its Instagram handle; recommend a human open 2hopebx.com in a browser to resolve."
6799,Achieve Behavior,Tampa,Y,Y,"ABA therapy for children/adolescents with autism, in home, school and community",Y,Y,Y,KEEP_ABA,http://achievebehavior.com/about-us/,HIGH,"First-party home and about pages (two pages compared, not chrome) state ABA for children/adolescents with autism spectrum disorders plus parent training, delivered in homes, schools, daycares and clinics with BCBAs, BCaBAs and RBTs on staff; BCBA: none named on the site (a third-party data broker lists an Alexis Peterson, BCBA, which I did not treat as first-party evidence). Full correct tag set: aba, parent-coaching, mobile-services. Input contradiction: the record name is 'Achieve Behavior' but the business publishes as 'Achieve Behavior Partners, LLC' and lists satellite sites in Seffner and Valrico beyond the stored South Tampa address."
8813,Bright days behavior,Tampa,Y,Y,ABA therapy for children and adults with behavioral challenges,Y,Y,Y,KEEP_ABA,http://www.brightdaysbehavior.com/applied-behavior-analysis-tampa,MEDIUM,"Two first-party pages compared (home plus a dedicated ABA service page, not chrome): ABA programs designed by board-certified behavior analysts and delivered by RBTs, autism named, Medicaid and commercial insurance accepted; BCBA: none named (contact email amandagarciabehavior@gmail.com suggests an owner named Amanda Garcia but no published credential). Full correct tag set: aba, parent-coaching. Input contradictions: the site publishes 5287 Ehrlich Rd, Tampa FL 33624 and phones (813) 340-6121 / (813) 956-6206, not the stored 4025 W Waters Ave #114 or (813) 290-0680; reservation - the ABA copy is largely boilerplate and the site says it serves children and adults, so a pediatric caseload is asserted rather than proven."
7201,Little Blue Bees Behavior Therapy,Tampa,Y,Y,ABA therapy for children and teens (preschool-21) with behavioral needs,Y,unclear,Y,KEEP_ABA,https://littlebluebeesbehaviortherapy.com/aba-behavior-therapy-about-us,MEDIUM,"First-party home and about pages compared (not chrome): child- and family-centred ABA therapy for children preschool to 21 with behavioural needs, Miami and Tampa; NPI 1457946063 for Little Blue Bees Behavior Therapy Services Inc carries taxonomy 103K00000X Behavior Analyst, which supports the ABA tag; BCBA: none named - the site names no clinician and the NPI authorized official Eva L. Valdes is listed without a credential, so bcba_found is unclear rather than confirmed; full correct tag set: aba. Input contradictions: the stored URL path was robots-blocked (the working domain is littlebluebeesbehaviortherapy.com root) and NPI gives the practice location as 803 W Waters Ave, Tampa 33604, not the stored 2700 N Mac Dill Ave; the site says 'children with disabilities' rather than naming autism, so autism relevance rests on the broad developmental-disability reading."
6626,Transforming Treasures,Tampa,Y,Y,"ABA therapy for children with ASD/ADHD in clinic, home and school settings",Y,Y,Y,KEEP_ABA,https://transformingtreasures.com/your-aba-therapy-team,HIGH,"Three first-party pages compared (home, contact, team - not chrome): ABA delivered clinic-, home- and school-based, intake requires an ADOS-2/CDE diagnostic report, and the team page names BCBAs Suray Lima Tejera M.S. BCBA (CEO), Yindra Castro Gell PhD BCBA (Clinical Director), Yamileydi Pena Marey BCBA, Vivian Castro Sardinas BCBA, Denis Aleman BCBA, Amarys Hernandez BCBA plus Marlen Gamez Diaz BCaBA. Full correct tag set: aba, mobile-services. Stored address 6702 N Gunlock Ave and phone (813) 644-5766 match the site exactly; no contradictions found."
6490,Connections Therapy 4 Kids,Weston,Y,Y,"Pediatric occupational, speech and physical therapy plus social/life-skills groups and parent training",N,N,Y,KEEP_OTHER,http://www.connections-therapy.com/services,HIGH,"Two first-party pages compared (home and services, not chrome): pediatric OT, speech (including AAC), PT, social-skills and Club Connect life-skills groups and parent-training workshops for infancy through early adulthood in facility, home, school and community - no ABA and no BCBA anywhere, so the imported aba tag is wrong. Full correct tag set: occupational-therapy, speech-therapy, physical-therapy, aac, group-therapy, life-skills, parent-coaching, mobile-services. Reservation: autism is never named explicitly (the site cites sensory processing, developmental delays, prematurity, cerebral palsy), so autism relevance rests on the broad developmental-disability reading; stored address and phone match, the site adds a second phone (954) 324-7366 and Suite 300."
6923,I Rock Behavior,Weston,Y,Y,"1:1 ABA therapy, parent training and early-readiness program for children with autism",Y,Y,Y,KEEP_ABA,https://www.irockbehavior.com/about-us,HIGH,"Two first-party pages compared (home and about-us, not chrome): 1:1 direct ABA therapy, parent training and an early-readiness/micro-school program for children with ASD, with commercial insurance accepted; BCBAs named - Malena Martinez, M.S., BCBA (Clinical Director, 18 years in ABA), plus Krystel Gavino, Anthony Rodriguez, Romy Martinez, Mia Virtue, Franklin Poy, Marina Paula and Sophya Giudici-Juarez (all M.A., BCBA), Nicole Banos BCaBA and RBT Ashley Varona. Full correct tag set: aba, parent-coaching, aac, feeding-therapy (the about page states AAC and feeding-desensitization specialties). Stored address 2800 Weston Rd #100 and phone (888) 258-4941 match; reservation - the micro-school/early-readiness arm is a separate program but 1:1 ABA is listed as its own service, so this record stays in the provider table."
8817,MG Therapy Inc.,Weston,Y,N,"Pediatric speech-language, occupational and physical/developmental therapy",N,N,Y,KEEP_OTHER,https://npiregistry.cms.hhs.gov/api/?version=2.1&number=1679876965,LOW,"No website stored and none working - a local directory advertises mgtherapyinc.com but both http and https return 404, so website_found is N; NPI 1679876965 (MG Therapy Inc., 1500 Weston Rd Ste 215, owner Maria Eugenia Gurfinkel, MS) lists Speech-Language Pathologist 235Z00000X primary plus Developmental Therapist 222Q00000X, Occupational Therapist 225X00000X, Physical Therapist and OT/PT/SLP assistant taxonomies, with NO 103K00000X behavior-analyst taxonomy and no BCBA found anywhere, so the imported aba tag is wrong. Full correct tag set: speech-therapy, occupational-therapy, physical-therapy. Reservations: the pediatric read rests on the Developmental Therapist taxonomy and a third-party Weston listing describing therapy 'for your child' (generic SLP/OT taxonomies do not distinguish pediatric from adult - Trap 3), autism is never named by any source, and Sunbiz shows one INACTIVE and one ACTIVE 'MG Therapy' entity that I could not tie to this address, so this record needs a phone verification before it is trusted."
6673,Neurobehavioral Institute,Weston,Y,Y,"CBT-based intensive outpatient/PHP treatment for OCD and anxiety, plus neuropsychological assessment including ASD evaluation",unclear,Y,Y,KEEP_OTHER,https://nbiweston.com/meet-the-team/,HIGH,"Stripped the GMB utm parameters from the stored URL; nbiweston.com loads and three pages were compared - the 'We Treat: Autism Spectrum Disorder' page is a generic condition-index/chrome article and was not credited, while the home and team pages show the real business: CBT/ERP intensive outpatient, PHP and teletherapy for OCD, anxiety, ADHD and eating disorders. I EXPLICITLY CHECKED THE COUNSELING-RULE AUTISM-EVALUATION EXCEPTION AND IT APPLIES: the team page lists Sondra Marshall, Ph.D. specialising in ASD evaluation with 'Neuropsychological Assessments for ASD' as a stated specialty, so this is KEEP_OTHER (ados-testing) rather than REMOVE; BCBAs on staff are Jillian Armstrong Motta M.A. BCBA LBA, Fernanda Arruda Ph.D. BCBA, Denise Hardt Ph.D. BCBA LBA and Alexis Krigger M.S. BCBA LABA, but their work is described as 'clinical behavior analysis' blended with CBT and executive-function training, not conventional autism ABA, so delivers_aba is unclear; full correct tag set: ados-testing, executive-function-coaching, group-therapy, virtual-therapy (drop aba), and Trap 2 noted - only the Weston clinic named in this record is credited, not the separate NBI Ranch residential arm or the Coral Gables office, so no residential-program tag; no address/phone contradiction found."
6853,Achieving Expectations,Wilton Manors,Y,N,ABA therapy provided by a licensed behavior-analysis LLC,Y,Y,Y,KEEP_ABA,https://npiregistry.cms.hhs.gov/api/?version=2.1&number=1164957676,MEDIUM,"No website stored and none exists - verification came from NPI 1164957676 (Achieving Expectations LLC, primary taxonomy 103K00000X Behavior Analyst, Florida behavior-analyst licence 1106953) and Florida corporate records showing the LLC active since 2017 (reinstated Nov 2022) at 300 E Oakland Park Blvd #341; BCBA named: Meghan L. Mitchell, BCBA, the NPI authorized official and LLC manager. Full correct tag set: aba. Input contradictions and reservations: NPI gives the practice location as 508 NW 30th St and phone 954-861-9161 rather than the stored 300 E Oakland Park Blvd / (954) 247-1674 (the Oakland Park Blvd '#341' looks like a mailbox suite, not a clinic), evidence is registry-only so it can never be HIGH, autism is not named by any first-party source, and the last annual report I could see is 2024, so a phone check is warranted."
