id,name,verdict,actual_type,services_proposed,services_inferred,serves_children,autism_relevance,site_address,site_phone,site_email,website,description,evidence_url,sources_checked,confidence,notes
5815,Restore Hyper Wellness - Pembroke Pines,DELETE,FITNESS_WELLNESS,,,UNCLEAR,N,,,,https://www.restore.com/locations/fl-pembroke-pines-fl087,,https://www.restore.com/locations/fl-pembroke-pines-fl087,1,HIGH,"Adult wellness studio franchise: cryotherapy, red light therapy, infrared sauna, IV drips/NAD+, hyperbaric oxygen, facials, weight management. No licensed pediatric therapy, no children's or autism services. Not a therapy provider."
6972,Brevard Christian Early Intervention Center - 5500 N Cocoa Blvd,DELETE,SCHOOL,,,Y,Y,,,,http://www.brevardchristianeic.org/,,http://www.brevardchristianeic.org/,3,MEDIUM,"Nonprofit Christian school / early intervention education program for children with special needs and developmental disabilities, ages 3 and up. Its own site and two directory listings describe education and behavioral programming; no standalone speech, OT, PT or ABA therapy services are stated. Belongs in the schools table, not the provider directory. Third-party listing also flags it as not accepting new clients."
8480,Scott Lake Health and Rehabilitation - 800 Co Rd 540a,DELETE,OTHER,,,N,N,"800 E Co Rd 540A, Lakeland, FL 33813",863.500.4015,,http://www.scottlakerehab.com/,,http://www.scottlakerehab.com/,1,HIGH,"120-bed skilled nursing facility providing long-term residential and post-acute rehab care for adult residents. No pediatric, developmental disability or autism services. Its PT/OT/speech is adult post-acute rehab, out of scope."
8481,Stretch Zone - Lakeland,DELETE,FITNESS_WELLNESS,,,N,N,"2113 E County Road 540A, Lakeland, FL 33813",(863) 563-9663,,https://www.stretchzone.com/locations/lakeland/,,https://www.stretchzone.com/locations/lakeland/,1,HIGH,"Practitioner-assisted stretching franchise studio for general adult mobility, back pain and sciatica relief. Not licensed therapy, no pediatric or autism services."
8557,The Arc of Volusia Inc - Holly Hill - 100 Jimmy Huger Cir,DELETE,OTHER,,,N,Y,"100 Jimmy Huger Circle, Daytona Beach, FL 32117",(386) 274-4736,achievewithus@arcvolusia.org,http://arcvolusia.org/,,https://arcvolusia.org/adult-day-training-program/disability-program-eligibility/,2,HIGH,"Nonprofit Arc chapter running an Adult Day Training program (Life Skills Development Level 3), a sheltered workshop/assembly contract operation, and Supported Employment, funded through the APD Home and Community Based Medicaid Waiver. Serves adults with I/DD only; no pediatric services and no PT/OT/speech/ABA. Disability-relevant but adult-only, so out of scope."
8563,Stephonia Llewellyn - Child/Adolescent Therapist - 7451 Wiles Rd,DELETE,MENTAL_HEALTH_COUNSELING,,,Y,N,,,,https://www.medpsych.net/,,https://www.medpsych.net/staff/stephonia-llewellyn-lmhc/,2,MEDIUM,"Individual clinician bio page for a Licensed Mental Health Counselor on staff at Comprehensive MedPsych Systems, a multi-site psychiatry/psychology group. She provides talk therapy to ages 6-17 (CBT, TF-CBT, play, sand tray, narrative, art therapy). No autism or developmental-disability focus, no ABA, speech, OT or PT. Generic child mental-health counseling, not an autism/DD therapy provider."
8573,Life Developmental Center - Miramar - 6700 Sw 13th St,DELETE,OTHER,,,N,Y,"6700 SW 13th Street, Pembroke Pines, FL 33023",954.445.6797,lifedevelopmentalcenter@gmail.com,http://lifedevelopmentalcenter.org/,,http://lifedevelopmentalcenter.org/services,2,HIGH,"Adult disability day program (site and search listings both title it 'Adult Disability Center'). Four program areas: Leisure (Zumba, yoga, karate, arts), Inclusion (community outings, volunteering), Fundamentals (cooking, hygiene, money management), Education (basic academics). No clinical therapy of any kind and no pediatric enrollment; testimonials reference adult participants. Adult-only, out of scope."
8589,Dr. Tripp & Associates - Port Saint Lucie,DELETE,MENTAL_HEALTH_COUNSELING,,,UNCLEAR,N,"540 NW University Dr. Suite 204, Port St. Lucie",(772) 494-7770,,https://www.drtrippandassociates.com/,,https://www.drtrippandassociates.com/,1,MEDIUM,"General outpatient counseling group with four Florida offices. Service list is individual therapy, couples counseling, family therapy, trauma-informed therapy, anxiety, depression and teen therapy, offered in person and via telehealth. No autism or developmental-disability services, no psychological/ADOS testing, no ABA, speech, OT or PT. Talk-therapy practice, not an autism/DD provider."
9216,Thrive Academy - 3301 Chiquita Blvd S,DELETE,SCHOOL,,,Y,Y,"3301 Chiquita Blvd South, Cape Coral, 33914",(239) 994-0095,thriveinfo@fi-florida.org,https://www.thriveacademyfl.org/,,https://www.thriveacademyfl.org/,2,MEDIUM,"Private K-12 school for students on the autism spectrum, operated by Family Initiative Inc. Offers elementary/middle/high grade bands, transition and workforce programs, with OT and ABA embedded in enrollment - not standalone outpatient therapy. Wrong table: belongs in schools, not the provider directory."
9420,Jaguar Therapeutics - Fort Lauderdale,DELETE,THERAPY_PROVIDER,,,N,N,"3305 Rice Street, Coconut Grove FL 33133",305-792-8393,grove@jaguartherapy.com,http://jaguartherapy.com/,,http://jaguartherapy.com/,1,HIGH,"Adult orthopedic and sports physical therapy combined with chiropractic care: dry needling, Graston, AlterG treadmill, shockwave, post-surgical and return-to-sport programs. No pediatric or autism/DD services. Out of scope."
9436,Saylor Physical Therapy - West Palm Beach,DELETE,THERAPY_PROVIDER,,,N,N,,,,http://www.saylorpt.com/,,http://www.saylorpt.com/,1,HIGH,"Adult outpatient orthopedic and sports physical therapy group (FL/NC/SC): neck and back, shoulder, hip and knee, foot and ankle pain, trauma, work injury, pre/post-surgical rehab, personal training. No pediatric or autism/DD focus."
9445,Apex Physical Therapy - Cape Coral,DELETE,THERAPY_PROVIDER,,,N,N,"900 SW Pine Island Rd, Suite 111-113, Cape Coral, FL 33991",(239) 573-8658,info@apexptflorida.com,https://apexptflorida.com/,,https://apexptflorida.com/,1,HIGH,"Adult sports-medicine and performance physical therapy clinic: dry needling, Astym, NeuFit, Indiba, diagnostic ultrasound, athlete recovery, personal training. All patient stories are adult athletes. No pediatric or autism/DD services."
9447,Pelletier Rickert Physical Therapy - Cape Coral,DELETE,THERAPY_PROVIDER,,,N,N,,(239) 772-3335,DRPATRICK2016@gmail.com,https://pelletier-rickertphysicaltherapy.com/,,https://pelletier-rickertphysicaltherapy.com/,1,HIGH,"Adult outpatient orthopedic physical therapy practice (Cape Coral and Pine Island): joint replacement and post-surgical rehab, sciatica and spine pain, sports and auto-accident injuries, vertigo/balance and fall prevention. No pediatric or autism/DD services."
9457,SFR PHYSICAL THERAPY SOUTH MIAMI - 6812 Sw 81st St,DELETE,THERAPY_PROVIDER,,,UNCLEAR,N,"6812 SW 81 ST, Miami, FL 33143",305-905-4188,info@southfloridacenters.com,http://www.southfloridacenters.com/,,https://www.southfloridacenters.com/service/,3,MEDIUM,"South Florida Rehab & Training Center: orthopedic/sports physical therapy and strength-and-conditioning clinic with three Miami-area sites. Service list is entirely ortho and athletic (back, neck, shoulder, knee, foot/ankle, throwing program). Homepage lists 'pediatrics' as a population but there is no developmental, autism or DD service anywhere on the site."
9460,Integrated Physical Therapy - 2142 Ne 123rd St,DELETE,THERAPY_PROVIDER,,,N,N,"2142 NE 123rd Street, North Miami, FL 33181",305.967.8976,info@iptmiami.com,https://www.iptmiami.com/,,https://www.iptmiami.com/,1,HIGH,"Integrated Physical Therapy & Wellness: adult orthopedic, sports and manual-therapy clinic. McKenzie and Schroth methods, pelvic floor, TMJ/headache, myofascial release, dry needling, massage, AlterG treadmill, in-home concierge visits. No pediatric developmental or autism/DD services."
9476,Kinetix Physical Therapy - Newberry,DELETE,THERAPY_PROVIDER,,,N,N,"2839 SW 87th Drive, Gainesville, FL 32608",,,https://kinetixpt.com/,,https://kinetixpt.com/,2,HIGH,"Outpatient orthopedic physical therapy group in the Gainesville/Newberry area: spine dysfunction, pelvic health, vestibular rehab, auto-accident injury, custom orthotics, nutrition counseling and adult education workshops. No pediatric developmental, autism or DD services. The Newberry location page itself was robots-blocked; the main site settled it."
9482,Kinetix Physical Therapy - Gainesville,DELETE,THERAPY_PROVIDER,,,N,N,,,,,,https://members.gainesvillechamber.com/list/member/kinetix-physical-therapy-p-a-10475,3,MEDIUM,"Adult outpatient orthopedic/manual physical therapy clinic (back pain, sciatica, whiplash, shoulder/joint pain, balance and dizziness, work injury rehab). Own site kinetixpt.com could not be loaded (robots.txt blocked); chamber listing confirms adult ortho scope with no pediatric, autism or developmental-disability service line. Real PT provider but out of scope."
9525,"H2T PT, LLC - North Miami Beach",DELETE,CHIROPRACTIC,,,N,N,"1875 NE 163rd St, North Miami Beach, FL 33162",(786) 786-9986,,https://www.h2tpt.com/,,https://www.h2tpt.com/,1,HIGH,"Self-described 'premier physical therapy and chiropractic facility' — chiropractic adjustment, cold laser, shockwave, ART, myofascial release, post-op rehab for adults. No pediatric, autism or DD services anywhere on the site. Chiropractic/adult ortho practice, not in scope."
9539,BASE Physical Therapy - 3361 Raymond Diehl Business Ln Rd,DELETE,THERAPY_PROVIDER,,,N,N,"3361 Raymond Diehl Business Lane Road, Tallahassee, FL 32308",(850) 727-5406,basetherapyoffice@gmail.com,https://basephysicaltherapy.com/,,https://basephysicaltherapy.com/,1,HIGH,"Adult sports/wellness physical therapy and recovery studio — dry needling, NeuBie e-stim, InBody body-composition scans, recovery room, manual therapy, fitness programming. No pediatric, autism or developmental-disability services. Real PT clinic but adult/performance focused, out of scope."
9552,Physical Therapy Services - Jacksonville,DELETE,THERAPY_PROVIDER,,,N,N,"7001-27 Merrill Rd., Jacksonville, FL 32277",(904) 744-0277,info@jaxtherapy.com,https://jaxtherapy.com/,,https://jaxtherapy.com/,1,MEDIUM,"Small boutique adult physical therapy and massage practice. Focus is geriatric/adult orthopedics and adult neurological conditions (stroke, Parkinson's, MS, chronic pain) plus post-rehab wellness. Site references 'Baby Boomers and Adolescents' but offers no pediatric developmental program, no OT/speech, and no autism or DD services."
9572,Palm Rehabilitation Center Inc. - Hollywood,DELETE,THERAPY_PROVIDER,,,N,N,,954-432-8872,coopercity@palmrehabcenter.com,https://palmrehabcenter.com/,,https://palmrehabcenter.com/,1,MEDIUM,"Outpatient adult physical therapy clinic (Cooper City location; the 9900 Stirling Rd address falls in that service area). Treats orthopedic, work-related and sports injuries plus adult neuromuscular/neurological conditions. No pediatric, autism or developmental-disability offering stated. Out of scope."
9577,Palm Rehabilitation Center Inc. - Hallandale Beach,DELETE,THERAPY_PROVIDER,,,N,N,,954-458-2022,hallandale@palmrehabcenter.com,https://palmrehabcenter.com/,,https://palmrehabcenter.com/,1,MEDIUM,"Hallandale location of the same outpatient adult PT practice as record 9572. Orthopedic, work-injury, sports and adult neurological rehab only; no pediatric, autism or DD services. Out of scope. Site lists the Hallandale phone as 954-458-2022."
9581,XL Physical Therapy & Sports Rehab - 2001 Ne 48th St,DELETE,THERAPY_PROVIDER,,,N,N,"2001 NE 48th St, Ft Lauderdale, FL 33308",954-491-6620,,https://xlphysicaltherapy.com/,,https://xlphysicaltherapy.com/,1,HIGH,"Adult orthopedic and sports rehabilitation PT clinic — back/neck pain, sports and knee injuries, post-surgical recovery, auto-accident therapy, fitness and wellness. No pediatric, autism or developmental-disability services. Real PT provider but adult sports/ortho only, out of scope."
9588,XL Physical Therapy & Sports Rehab - 4022 N Ocean Blvd,DELETE,THERAPY_PROVIDER,,,N,N,"4022 N Ocean Blvd, Ft Lauderdale, FL 33308",954-566-2400,,https://xlphysicaltherapy.com/,,https://xlphysicaltherapy.com/,1,HIGH,"Second Fort Lauderdale location of the same adult sports/orthopedic rehab practice as record 9581. Same service list — sports injury, post-surgical, back/neck, auto accident, fitness. No pediatric, autism or DD services. Out of scope."
9667,Premier Physical Therapy & Sports Performance - 1661 Rainbow Dr,DELETE,THERAPY_PROVIDER,,,N,N,"1661 Rainbow Dr, Clearwater, FL 33755",(727) 442-7500,,https://www.ptandsportstherapy.com/,,https://www.ptandsportstherapy.com/,1,HIGH,"Adult sports-performance physical therapy clinic — dry needling, golf performance, running gait analysis, weightlifting coaching and USA Weightlifting courses, post-surgical/injury recovery. Athlete-oriented; no pediatric, autism or developmental-disability services. Out of scope."
9713,Focus Physical Therapy Inc - 869 Stockton St,DELETE,THERAPY_PROVIDER,,,N,N,"869 Stockton St #3, Jacksonville, FL 32204",(904) 388-1300,,http://www.focusptjax.com/,,http://www.focusptjax.com/,1,HIGH,"Therapist-owned adult outpatient PT practice (Riverside location) treating spine, balance/vestibular, orthopedic and sports injuries plus hand and aquatic therapy. No pediatric, autism or developmental-disability services anywhere on site. Real PT provider but out of scope."
9717,Focus Physical Therapy Inc - 8301 Cypress Plaza Dr,DELETE,THERAPY_PROVIDER,,,N,N,"8301 Cypress Plaza Dr Ste 116, Jacksonville, FL 32256",(904) 551-9880,,http://www.focusptjax.com/,,http://www.focusptjax.com/,1,HIGH,"Southside branch of the same adult orthopedic/sports PT practice as id 9713. Services are spine, balance, vestibular, hand and aquatic therapy for adults. No pediatric or autism/DD offering. Out of scope."
9755,Pelletier Rickert Physical Therapy - Bokeelia,DELETE,THERAPY_PROVIDER,,,N,N,,(239) 283-1716,DRPATRICK2016@gmail.com,https://pelletier-rickertphysicaltherapy.com/,,https://pelletier-rickertphysicaltherapy.com/,1,HIGH,"Adult orthopedic hands-on PT clinic (Pine Island/Bokeelia office of a two-office practice). Focus is joint replacement recovery, post-surgical rehab, sports and auto-accident injuries, sciatica, vertigo and fall prevention. No pediatric or autism/DD services stated."
9756,Allied Physical Therapy Wellness Community - 1469 Sw 4th Ter,DELETE,THERAPY_PROVIDER,,,N,N,"1469 SW 4th Terrace, Cape Coral, FL 33991",(239) 242-0070,info@alliedpt.com,http://alliedpt.com/,,http://alliedpt.com/,1,HIGH,"Adult outpatient PT and wellness clinic in Cape Coral since 2005. Specialties are pelvic floor, TMJ, spine, shoulder and knee, sports injuries, dry needling, laser therapy, plus nutrition and fitness classes. No pediatric, autism or DD content."
9770,Jaguar Therapeutics - Miami,DELETE,THERAPY_PROVIDER,,,N,N,"3305 Rice Street, Coconut Grove, FL 33133",305-792-8393,grove@jaguartherapy.com,http://www.jaguartherapy.com/,,http://www.jaguartherapy.com/,1,HIGH,"Adult orthopedic/sports rehab clinic in Coconut Grove combining PT with chiropractic, acupuncture, dry needling, shockwave, Graston, AlterG treadmill and return-to-sport programs. Nothing pediatric or autism/DD related."
9775,Gold Coast Physical Therapy - West Palm Beach,DELETE,THERAPY_PROVIDER,,,N,N,"901 N. Flagler Dr #1, West Palm Beach, FL 33401",561-331-3636,info@goldcoastpt.com,https://goldcoastpt.com/west-palm-beach-flagler/,,https://goldcoastpt.com/west-palm-beach-flagler/,1,HIGH,"Adult outpatient orthopedic PT clinic. Caseload is arthritic pain, auto injuries, sports/ortho injuries, vertigo, workers' comp, plus hand therapy and custom orthotics. No pediatric, autism or developmental-disability services."
9782,South Florida Physical Therapy and Sports Rehab - 224 Se 9th St,DELETE,THERAPY_PROVIDER,,,N,N,,,,https://soflopt.com/,,https://soflopt.com/,3,MEDIUM,"SoFloPT SPORT: multi-location Fort Lauderdale sports physical therapy, sports rehabilitation and athletic performance-training practice. Site and third-party listings position it entirely around athletes and active adults; no pediatric, autism or DD offering found."
9784,Apex Physical Therapy - Fort Myers,DELETE,THERAPY_PROVIDER,,,N,N,"7990 Summerlin Lakes Drive, Suite 100, Fort Myers, FL 33907",(239) 337-2739,info@apexptflorida.com,https://apexptflorida.com/,,https://apexptflorida.com/,1,HIGH,"Cash-based concierge sports PT and performance clinic for athletes and active adults; services are dry needling, diagnostic ultrasound, personal training, NeuFit, Astym, Indiba. Case studies are all adults. No pediatric or autism/DD care. Note site address differs from the CSV address."
9790,Gold Coast Physical Therapy - Royal Palm Beach,DELETE,THERAPY_PROVIDER,,,N,N,"11482 Okeechobee Blvd, Suite 2, Royal Palm Beach, FL 33411",561-331-3636,info@goldcoastpt.com,https://goldcoastpt.com/royal-palm-beach/,,https://goldcoastpt.com/royal-palm-beach/,1,HIGH,"Royal Palm Beach branch of the same adult orthopedic PT group as id 9775. Orthopedic rehab, balance/vestibular, hand therapy, workers' comp and auto injury, shockwave and laser. No pediatric, autism or DD services."
9847,Florida Orthopaedic Institute - Tampa,DELETE,DENTAL_MEDICAL,,,N,N,"909 N Dale Mabry Hwy, Tampa, FL 33609",(813) 978-9797,,https://www.floridaortho.com/locations/south-tampa-dale-mabry/,,https://www.floridaortho.com/locations/south-tampa-dale-mabry/,1,HIGH,"Adult orthopaedic surgery/musculoskeletal medical practice with in-house ortho PT/OT and chiropractic. Sports medicine, joint replacement, trauma, spine. No pediatric developmental or autism services."
9852,Florida Orthopaedic Institute - Lakeland,DELETE,DENTAL_MEDICAL,,,N,N,"4725 US Hwy 98 S, Suite 101/102, Lakeland, FL 33812",(863) 328-5435,,https://www.floridaortho.com/locations/lakeland/,,https://www.floridaortho.com/locations/lakeland/,1,HIGH,"Branch of Florida Orthopaedic Institute, an adult orthopaedic/musculoskeletal physician practice with imaging and orthopedic physical therapy. No pediatric developmental or autism services."
9858,Jacksonville Orthopaedic Institute Rehabilitation - Second Floor,DELETE,DENTAL_MEDICAL,,,N,N,,(904) 564-2000,,https://www.joionline.net/,,https://www.joionline.net/,1,HIGH,"Rehabilitation arm of Jacksonville Orthopaedic Institute, an adult orthopaedic surgery practice. Ortho PT, hand/occupational therapy, sports medicine. No pediatric developmental or autism services."
9859,Jacksonville Orthopaedic Institute Rehabilitation - Jacksonville - 12276 San Jose Blvd,DELETE,DENTAL_MEDICAL,,,N,N,,(904) 564-2000,,https://www.joionline.net/,,https://www.joionline.net/,1,HIGH,"Outpatient rehab clinic of Jacksonville Orthopaedic Institute, an adult orthopaedic surgical practice. Orthopedic PT and hand therapy only. No pediatric developmental or autism services."
9866,Jacksonville Orthopaedic Institute Rehabilitation - Jacksonville - 12961 N Main St,DELETE,DENTAL_MEDICAL,,,N,N,,(904) 564-2000,,https://www.joionline.net/,,https://www.joionline.net/,1,HIGH,"Outpatient rehab clinic of Jacksonville Orthopaedic Institute, an adult orthopaedic surgical practice. Orthopedic PT and hand therapy only. No pediatric developmental or autism services."
9886,Gold Coast Physical Therapy - Lake Worth,DELETE,THERAPY_PROVIDER,,,N,N,"6169 Jog Rd, Suite A-11, Lake Worth, FL 33467",561-331-3636,info@goldcoastpt.com,https://goldcoastpt.com/lake-worth/,,https://goldcoastpt.com/lake-worth/,1,HIGH,"Adult outpatient orthopedic/sports PT clinic: post-surgical rehab, vestibular/balance, hand therapy, auto injury and workers comp. No pediatric or autism/DD services."
9888,"Mobile Therapy Group, LLC - Coral Springs",DELETE,THERAPY_PROVIDER,,,N,N,"5701 N University Drive, Cleveland Clinic, Coral Springs, FL 33067",(561) 461-5343,Cindy@MobileTherapyGroup.com,https://www.mobiletherapygroup.com/,,https://www.mobiletherapygroup.com/,1,MEDIUM,"Adult outpatient/mobile OT-PT practice centered on certified hand therapy, custom splinting, orthopedic and neuro rehab, plus stretch/massage wellness. No pediatric, autism or DD services stated."
9903,Florida Orthopaedic Institute - Gainesville,DELETE,DENTAL_MEDICAL,,,N,N,"7540 W University Ave, Gainesville, FL 32607",(352) 525-4900,,https://www.floridaortho.com/locations/gainesville/,,https://www.floridaortho.com/locations/gainesville/,1,HIGH,"Branch of Florida Orthopaedic Institute, an adult orthopaedic physician practice with urgent ortho care, imaging and orthopedic PT/OT. No pediatric developmental or autism services."
9971,Jacksonville Orthopaedic Institute Rehabilitation - Jacksonville - 7740 Point Meadows Dr,DELETE,THERAPY_PROVIDER,,,N,N,,(904) 564-2000,,http://www.joionline.net/,,http://www.joionline.net/,1,HIGH,"Adult orthopaedic surgery group and its sports-medicine rehabilitation arm (joint replacement, spine, shoulder/knee/hip, sports injury PT). No pediatric, autism or developmental services. Real PT provider but out of scope."
9990,"Jennifer L. Patterson, PT, DPT, OCS, MTC, CCI - 1430 Lakeland Hills Blvd",DELETE,THERAPY_PROVIDER,,,N,N,"1430 Lakeland Hills Blvd., Lakeland, FL 33805",863-680-7700,,https://www.watsonclinic.com/physicians/jennifer-l-patterson.html,,https://www.watsonclinic.com/physicians/jennifer-l-patterson.html,1,HIGH,"Individual physical therapist employed by Watson Clinic, board-certified orthopedic clinical specialist with manual therapy certification. Adult orthopedic/manual rehab; a single clinician profile, not a pediatric therapy organization."
9992,"Robin Martinez, PT, DPT - 1430 Lakeland Hills Blvd",DELETE,THERAPY_PROVIDER,,,N,N,"1430 Lakeland Hills Blvd., Lakeland, FL 33805",863-680-7700,,https://www.watsonclinic.com/physicians/robin-martinez.html,,https://www.watsonclinic.com/physicians/robin-martinez.html,2,HIGH,"Individual staff physical therapist in Watson Clinic's adult rehabilitation department (Center for Rehabilitative Medicine and Watson Clinic Highlands). No pediatric, autism or developmental-disability practice; a single clinician entry, not an organization."
9993,Watson Clinic Center for Rehabilitative Medicine - 1430 Lakeland Hills Blvd,DELETE,THERAPY_PROVIDER,,,N,N,"1430 Lakeland Hills Blvd, Lakeland, FL 33805",863-680-7700,,https://www.watsonclinic.com/locations/1430-lakeland-hills-blvd-lakeland-fl.html,,https://www.watsonclinic.com/locations/1430-lakeland-hills-blvd-lakeland-fl.html,1,HIGH,"Adult outpatient PT/OT department of the Watson Clinic multispecialty group: stroke and Parkinson's neuro rehab, orthopedic and sports rehab, vestibular, lymphedema, wound care, hand therapy. No pediatric, autism or developmental programs listed."
10024,FYZICAL Therapy & Balance Centers - Indialantic,DELETE,THERAPY_PROVIDER,,,N,N,"417 5th Ave Suite 101B, Indialantic, FL",,,https://www.fyzical.com/indialantic,,https://www.fyzical.com/indialantic,1,HIGH,"FYZICAL franchise clinic specializing in adult balance, fall prevention, vertigo/vestibular rehab, concussion, post-surgical and injury rehab. No pediatric, autism or developmental disability services mentioned."
10159,Conway Lakes Health & Rehabilitation - 5201 Curry Ford Rd,DELETE,OTHER,,,N,N,"5201 Curry Ford Rd, Orlando, FL 32812",407-384-8838,,http://conwaylakesrehab.com/,,http://conwaylakesrehab.com/,1,HIGH,"Adult/geriatric skilled nursing facility and short-term rehabilitation center (CMS 5-star, Florida Governor's Gold Seal). PT/OT/speech offered but for orthopedic, stroke, cardiac and pulmonary recovery in adults and seniors. No pediatric or autism/DD services."
10192,FYZICAL Therapy & Balance Centers - Stuart - 4287 Se Federal Hwy,DELETE,THERAPY_PROVIDER,,,N,N,,,,https://www.fyzical.com/stuart-fl,,https://www.fyzical.com/stuart-fl,2,MEDIUM,"Adult and senior outpatient physical therapy franchise specializing in vertigo, vestibular and balance disorders, fall prevention, orthopedic/sports rehab and auto/work injuries. No pediatric or autism/DD service anywhere on the site, so out of scope. The CSV URL fyzical.com/treasurecoast returns HTTP 405 on repeat attempts; the live local site is fyzical.com/stuart-fl."
10193,FYZICAL Therapy & Balance Centers - Stuart - 1609 Nw Federal Hwy,DELETE,THERAPY_PROVIDER,,,N,N,,,,https://www.fyzical.com/stuart-fl,,https://www.fyzical.com/stuart-fl,2,MEDIUM,"Second Stuart address of the same adult-focused FYZICAL balance and vestibular / orthopedic PT franchise (shares the Treasure Coast website with id 10192). Fall prevention and adult injury rehab only, no pediatric or autism/DD programming. Out of scope."
10218,Back To Work Physical Therapy - Westchase - 10960 Sheldon Rd,DELETE,THERAPY_PROVIDER,,,N,N,,(800) 699-9395,,https://www.h2health.com/locations/back-to-work-physical-therapy/westchase-fl/,,https://www.h2health.com/locations/back-to-work-physical-therapy/westchase-fl/,1,HIGH,"Adult outpatient orthopedic and workers'-compensation physical therapy clinic in the H2 Health network. Focus is work injury rehab, sports medicine, chronic pain, prehab and performance. H2 Health delivers pediatric/developmental care under a separate brand (Great Strides Pediatric Rehabilitation), not at this location. Out of scope."
10262,Daytona Beach Health and Rehabilitation Center - Holly Hill,DELETE,OTHER,,,N,N,"1055 3rd Street, Daytona Beach, FL 32117",386-252-3686,,http://daytonabeachhealthandrehab.com/,,http://daytonabeachhealthandrehab.com/,1,HIGH,"Adult skilled nursing facility / long-term care nursing home offering rehab therapy to elderly residents, with beautician, laundry and restaurant-style dining services. No pediatric or autism/DD component. Out of scope."
10353,"H2T PT, LLC - West Palm Beach",DELETE,CHIROPRACTIC,,,N,N,"1683 Forum Place, West Palm Beach, FL",(561) 867-8789,,http://www.h2tpt.com/,,http://www.h2tpt.com/,1,HIGH,"Adult orthopedic/sports injury clinic combining chiropractic adjustments with physical therapy modalities (cold laser, shockwave, e-stim, ultrasound, post-op rehab). Marketed to auto-accident, slip-and-fall and sports injury patients. No pediatric, autism or developmental services."
5760,Little Tesla Pediatric Therapy - 6000 Turkey Lake Rd,KEEP,THERAPY_PROVIDER,aba|speech-therapy|occupational-therapy|physical-therapy|feeding-therapy|dir-floortime|group-therapy|virtual-therapy|parent-coaching|life-skills,,Y,Y,"7075 Kingspointe Parkway, Unit 14, Orlando, FL 32819",321-732-3723,info@littleteslapediatrics.com,https://littleteslapediatrics.com/,"Multidisciplinary pediatric therapy clinic in Orlando providing ABA, speech, OT, PT, feeding therapy, DIR/Floortime, INPP reflex integration, ADL and group programs, telehealth, and parent training for children with autism and delays.",https://littleteslapediatrics.com/,1,HIGH,"Pediatric multidisciplinary therapy clinic explicitly serving Autism Spectrum Disorder and developmental/motor delays. Site lists address 7075 Kingspointe Pkwy and phone 321-732-3723, which differ from the CSV row (6000 Turkey Lake Rd / 321-352-7168) — location/phone may need reconciliation."
5808,Quest Kids Therapy - Tampa - 3910 Us-301,KEEP,ABA_PROVIDER,aba|life-skills,,Y,Y,"3910 N. US Highway 301, Suite 200, Tampa, FL 33619",813.423.7700,,https://questinc.org/quest-kids-therapy/,"Quest Kids Therapy, the pediatric arm of nonprofit Quest, Inc., provides ABA therapy for children with autism and developmental disabilities from early childhood through adolescence, covering communication, social, motor and daily living skills.",https://questinc.org/quest-kids-therapy/,3,MEDIUM,"Nonprofit serving individuals with developmental disabilities; Quest Kids Therapy is its children's ABA program. The Quest Kids page names only Orlando and Lake Mary therapy centers, but the CSV address matches Quest's Tampa regional office and a third-party listing shows Quest Kids Therapy serving Tampa — confirm the Tampa site is an operating therapy center."
6982,Core Connections Inc. - 1435 Aurora Rd,KEEP,ABA_PROVIDER,aba|life-skills|parent-coaching|ados-testing,ados-testing,Y,Y,,321-541-1970,,http://coreconnectfl.com/,"Brevard County autism provider offering ABA therapy, life skills training, caregiver support, diagnostic and assessment services, and teen/young-adult transition programs for ages 18 months to 18 years across two campuses.",http://coreconnectfl.com/,2,HIGH,Dedicated autism/developmental disability provider with 20+ autism specialists; ABA plus life skills and caregiver training. ados-testing inferred from a 'Diagnostic & Assessment' program listed in site navigation without detail. Site pages loaded do not publish a street address or email.
7674,The NEEDS Center - 175 Industrial Loop S,KEEP,ABA_PROVIDER,aba|mobile-services|residential-program|life-skills,life-skills,Y,Y,"360 Corporate Way Suite 1, Orange Park, FL 32073",(978) 216-0300,Info@needsctr.org,https://needsctr.org/,"501(c)(3) serving people with autism and intellectual/developmental disabilities: home-based ABA therapy for children, school consultation, plus adult day and residential programs in Florida and Massachusetts.",https://needsctr.org/,1,HIGH,"Nonprofit ABA and positive behavior support provider for ASD, I/DD, ADHD and behavioral disorders; children served via home-based ABA and school consultation, adults via day/residential services. Site lists the Florida division at 360 Corporate Way Suite 1, Orange Park — differs from the CSV address (175 Industrial Loop S); verify which is current. Phone published is the MA headquarters number."
8572,Early Steps at CDTC - 1401 Federal Hwy,KEEP,THERAPY_PROVIDER,occupational-therapy|physical-therapy|speech-therapy|ados-testing|parent-coaching|aac|mobile-services,aac|mobile-services,Y,Y,,(954) 728-1101,,https://childrensdiagnostic.com/,"Broward County Early Steps early-intervention program at Children's Diagnostic & Treatment Center. Serves birth-to-3 children with developmental delay or disability: OT, PT, speech, audiology, vision, assistive tech, evaluations, family training.",https://childrensdiagnostic.com/early-steps/,2,HIGH,"Florida's state Part C early-intervention program operated out of CDTC, a nonprofit clinic for children with special health care needs. Explicitly evaluates and treats infants/toddlers with developmental disabilities and delays, which is the entry point for most autism identification. Assistive technology tagged as aac and natural-environment delivery tagged as mobile-services are inferred, not stated verbatim."
8582,Children's Behavioral Intervention - Palm Springs,KEEP,ABA_PROVIDER,aba|mobile-services,,Y,Y,"1601 Belvedere Rd, E300, West Palm Beach, FL 33406",561-410-8225,,https://childrensbehavioralint.com/,"ABA provider for children with autism and developmental disabilities. Applied behavior analysis, functional behavioral assessment, treatment planning and BCBA supervision, delivered in-center and in the home. West Palm Beach and Hialeah offices.",https://childrensbehavioralint.com/,1,HIGH,"Applied behavior analysis agency, tagline 'Our Expertise is Therapy, Our Passion is Autism'. Center-based and home-based ABA stated explicitly, hence mobile-services. Site lists no speech, OT, PT or evaluation services, so nothing further tagged."
8597,"Leslie Danner, EdS, LSP - 1555 Matthew Dr",KEEP,MENTAL_HEALTH_COUNSELING,ados-testing|group-therapy|parent-coaching|executive-function-coaching|virtual-therapy|mobile-services,mobile-services,Y,Y,"1555 Matthew Drive, Fort Myers, FL 33907",(239) 990-5376,,https://www.gulfshorebh.com/,"Licensed school psychologist at Gulfshore Behavioral Health, Fort Myers. Neurodevelopmental and psychoeducational evaluations for autism, ADHD and learning disabilities, ages 2-16, plus therapy, teen executive-function groups and telehealth.",https://www.psychologytoday.com/us/therapists/leslie-danner-fort-myers-fl/912233,2,HIGH,"Individual provider inside Gulfshore Behavioral Health, a psychology/psychiatry group practice. Autism testing and neurodevelopmental evaluation are stated on both the practice site and her verified profile, and she works with ages 2-16, so this is genuinely autism-relevant pediatric assessment rather than generic counseling. School/classroom observations tagged as mobile-services is an inferred mapping. Address and phone came from the verified profile, not the CSV."
8603,"Maximum Achievers, LLC - Palm Springs",KEEP,ABA_PROVIDER,aba|mobile-services,mobile-services,Y,Y,,,,http://maximumachieversllc.com/,"ABA therapy provider serving children with autism and developmental disabilities in the West Palm Beach area, working on social, communication and daily-living skills. Listed as an in-home therapy provider.",https://www.specialneeds.com/directory/care/in-home-therapy/maximum-achievers-llc/,2,MEDIUM,"Applied behavior analysis agency. Own site resolves but serves an empty JS shell to fetching, so no contact details captured from it; page titles indexed as 'Maximum Achievers, LLC | ABA Therapy in Florida'. Autism/DD child focus and in-home delivery confirmed via an independent directory listing. Beaming Health listing returned 403. Site-stated contact fields left blank rather than back-filled from the CSV."
9167,South Florida Speech Partners - 20197 Ne 16th Pl,KEEP,THERAPY_PROVIDER,speech-therapy|tutoring|mobile-services|parent-coaching,,Y,Y,"20197 NE 16th PL, 2nd Floor, North Miami Beach, FL 33179-2721",305.502.6837,info@southfloridaspeechpartners.com,https://www.southfloridaspeechpartners.com/,"Private speech-language practice serving pediatric through geriatric clients. Evaluations, school screenings, therapy for autism spectrum, apraxia, fluency, social communication; academic tutoring. Sessions in clinic, school, or home.",https://www.southfloridaspeechpartners.com/services,2,HIGH,"SLP private practice. Services page explicitly lists 'Autism Spectrum & Related Disorders - Tailored intervention for communication and social skills' and developmental delays. Also treats adults (stroke/aphasia), but pediatric autism work is stated. Parent Courses listed as launching."
9178,"SpeechNow, LLC - Pembroke Pines",KEEP,THERAPY_PROVIDER,speech-therapy|aac|feeding-therapy|mobile-services,,Y,Y,"14380 SW 11 STREET PEMBROKE PINES, FL 33027",305-785-1851,scarlet@speechow.info,https://www.speechnow.info/,"Therapist-owned pediatric speech therapy practice delivering in-home (home health) services. Treats autism spectrum disorder, apraxia, articulation, language and fluency disorders, AAC needs, and toddler/child feeding.",https://speechnow.info/types-of-services,2,HIGH,"Solo ASHA-certified SLP private practice. Types-of-Services page explicitly lists autism spectrum disorder, AAC, and feeding among treated areas; homepage states in-home pediatric delivery. Email on site is spelled 'speechow.info' (site typo, echoed as stated)."
9180,UF Health Rehab Center for Autism and Neurodevelopment - 4101 Nw 89 Blvd,KEEP,THERAPY_PROVIDER,occupational-therapy|physical-therapy|speech-therapy|ados-testing,,Y,Y,"4101 NW 89 Blvd, Gainesville, FL 32606",(352) 265-8960,,https://ufhealth.org/locations/uf-health-rehab-center-for-autism-and-neurodevelopment,"Hospital-affiliated outpatient rehab center providing evaluation and treatment for children with autism and other neurodevelopmental conditions: OT, PT, speech therapy, psychiatry, and coordination with behavior analysts and psychologists.",https://ufhealth.org/locations/uf-health-rehab-center-for-autism-and-neurodevelopment,1,HIGH,"UF Health academic health system outpatient location purpose-built for pediatric autism/neurodevelopment. Provides OT/PT/speech plus autism evaluation. ABA not tagged - site says it coordinates with behavior analysts, does not state it provides ABA."
9181,Little Angels PPEC - Longwood,KEEP,PPEC,physical-therapy|occupational-therapy|speech-therapy|transportation|feeding-therapy,feeding-therapy,Y,Y,"1400 W State Rd 434, Suite 1000, Longwood, FL 32750",407-403-5822,,http://littleangelsppec.com/,"Prescribed Pediatric Extended Care (medical daycare) with skilled nurses, up to 12 hours daily. On-site physical, occupational and speech therapy, developmental support for special-needs children, and non-emergency medical transportation.",http://littleangelsppec.com/services,1,MEDIUM,"PPEC medical daycare (3 locations: Longwood, Orlando, Apopka). Delivers PT/OT/speech on site to medically complex and special-needs children, so it is therapy-relevant, but the word autism never appears. Belongs in the ppec_centers table rather than resources; flag for table placement."
9221,Speech Language & More - Boynton Beach,KEEP,THERAPY_PROVIDER,speech-therapy|feeding-therapy|aac|tutoring|virtual-therapy,,Y,Y,"9819 South Military Trail, Suite D, Boynton Beach, Florida 33436",561-200-4343,info@slmspeech.com,http://www.slmspeech.com/,"Speech-language clinic treating children and adults. Pediatric services cover autism/PDD, developmental delay, Down syndrome and cerebral palsy: language, articulation, fluency, voice, feeding/swallowing, AAC, social pragmatics and tutoring.",http://www.slmspeech.com/pediatrics,1,HIGH,"Two-location Florida speech therapy practice (Sunrise and Boynton Beach). Pediatrics page explicitly names Autism/Pervasive Developmental Disorders, cerebral palsy, developmental delays and Down syndrome, and lists AAC, feeding/oral-motor and social pragmatics. Teletherapy and tutoring listed on services page."
9226,Grove Communication Therapy - 7650 Live Oak Dr,KEEP,THERAPY_PROVIDER,speech-therapy|parent-coaching|dir-floortime|virtual-therapy|mobile-services,,Y,Y,,(312) 380-0674,cortney@grovecommunicationtherapy.com,http://www.grovecommunicationtherapy.com/,"Solo speech-language pathology practice for infants through school-age children. Speech and language evaluations and therapy, DIR/Floortime, parent coaching, team collaboration, and telepractice; also clinic and school visits.",http://www.grovecommunicationtherapy.com/,2,MEDIUM,"Pediatric SLP (Cortney) specializing in neurodiverse populations, DIR/Floortime, social communication. Location discrepancy: site brands itself 'Speech Pathologist | Chicago' with a 312 phone and states in-clinic/school visits in Chicago, while Yelp and the CSV list a Coral Springs FL address. Verify Florida service area and local phone before publishing."
9240,Children's Love Corp - 2929 E Commercial Blvd Ph-B,KEEP,ABA_PROVIDER,aba|speech-therapy|mobile-services|transportation,,Y,Y,"51 E Commercial Blvd, Fort Lauderdale, FL 33334",(954) 508-1256,info@childrenslove.care,https://childrenslove.care/,"Pediatric ABA and speech therapy provider operating in Florida since 2018. Services delivered at its Oakland Park center and in home, community, school and daycare settings. Accepts Medicaid and major commercial plans.",https://childrenslove.care/,1,HIGH,Legitimate autism-focused ABA plus speech provider for children with developmental needs. Note the site lists its center at 51 E Commercial Blvd while the CSV row carries 2929 E Commercial Blvd Ph-B - address needs reconciliation (possible office vs. center).
9241,SunnySteps Therapy - 701 Promenade Dr,KEEP,THERAPY_PROVIDER,speech-therapy|feeding-therapy,,Y,Y,"701 Promenade Drive, Suite 204 Pembroke Pines, FL, 33026, US",(954) 648-8136,nking0427@gmail.com,http://www.sunnystepstherapy.org/,"Pediatric speech-language and feeding therapy practice. Treats apraxia, articulation and phonological disorders, language delay, fluency and social communication deficits, plus sensory and medical feeding aversions.",http://www.sunnystepstherapy.org/contact-us,1,HIGH,"Small pediatric SLP practice that explicitly states it specializes in children with autism spectrum disorder, rare genetic syndromes, and sensory/medical feeding aversions. City discrepancy: site says Pembroke Pines 33026, CSV row says Hollywood - same 701 Promenade Dr address, fix the city."
9242,Speech Language & More - Sunrise,KEEP,THERAPY_PROVIDER,speech-therapy|feeding-therapy|aac|group-therapy|tutoring|virtual-therapy,,Y,Y,"10286 NW 47th Street, Sunrise, Florida 33351",954-665-6717,info@slmspeech.com,http://www.slmspeech.com/,"Speech-language pathology practice with Sunrise and Boynton Beach offices. Pediatric evaluation and treatment for speech, language, cognitive-communication and swallowing/feeding disorders, AAC and social skills, plus teletherapy and tutoring.",http://www.slmspeech.com/pediatrics,1,HIGH,"Private SLP practice serving both pediatric and adult clients. Pediatrics page explicitly lists Autism/Pervasive Developmental Disorders, developmental delays, Down syndrome and cerebral palsy among diagnoses treated."
9245,"SpeechNow, LLC - Weston",KEEP,THERAPY_PROVIDER,speech-therapy|feeding-therapy|aac|mobile-services,,Y,Y,"14380 SW 11 Street, Pembroke Pines, FL 33027",305-785-1851,,https://www.speechnow.info/,"Therapist-owned solo private practice providing in-home pediatric speech and language therapy across west Broward. Treats apraxia, articulation, autism spectrum, fluency, language and child feeding issues, and provides augmentative communication.",https://speechnow.info/types-of-services,2,HIGH,"ASHA-certified SLP private practice on a home-health model. Types-of-Services page explicitly lists autism spectrum disorder plus child feeding and AAC. Site gives a Pembroke Pines base address, not the Weston address in the CSV. The site's email is rendered with an apparent typo so it is omitted rather than guessed."
9263,Equanimity Behavioral Services - Hollywood - 701 Promenade Dr,KEEP,ABA_PROVIDER,aba|feeding-therapy|parent-coaching|tutoring|mobile-services|ados-testing,ados-testing,Y,Y,,,,http://equanimitytherapy.com/,"ABA therapy company for children with autism in south Broward. Offers ABA, an ABA preschool and summer camp, feeding therapy, school shadowing, academic support, family therapy, psychological testing and an 11-week parent training course.",http://equanimitytherapy.com/services,2,HIGH,"Genuine ABA provider despite the CSV's 'Speech Therapy' subcategory; homepage states it serves children with autism and cites ~7 years in Pembroke Pines. Yelp lists this 701 Promenade Dr site under Pembroke Pines rather than Hollywood, so the CSV city looks wrong. The website publishes no address or phone."
9264,Equanimity Behavioral Services - Hollywood - 1800 N Douglas Rd,KEEP,ABA_PROVIDER,aba|feeding-therapy|parent-coaching|tutoring|mobile-services|ados-testing,ados-testing,Y,Y,,,,http://equanimitytherapy.com/,"Second listed site of the Equanimity ABA practice serving children with autism in south Broward. Services include ABA, ABA preschool and summer camp, feeding therapy, school shadowing, academic support, testing and parent training.",http://equanimitytherapy.com/services,2,MEDIUM,"Same organisation as id 9263. Org type is confirmed (ABA for children with autism), but nothing independent confirms 1800 N Douglas Rd is a separate active site - the website publishes no location list and search returns only the directory's own page. Flag for duplicate/address verification."
9266,First Words Pediatric Therapy - Palm Springs,KEEP,THERAPY_PROVIDER,speech-therapy|occupational-therapy|aba,,Y,Y,"1850 Forest Hill Blvd Suite 100, West Palm Beach, FL 33406",(561) 328-8312,,http://firstwordspediatrictherapy.com/,"Bilingual (English/Spanish) pediatric therapy practice in Palm Beach County serving children ages 0-18, with speech and language therapy as its core service plus occupational therapy and ABA.",http://firstwordspediatrictherapy.com/contact,3,MEDIUM,"Real pediatric therapy clinic; its own contact page confirms the 1850 Forest Hill Blvd suite (labelled West Palm Beach, the CSV says Palm Springs) as a second location. Autism is never named on the practice's own site, but it is listed on ABA Navigator as an ABA provider, which establishes autism relevance indirectly."
9275,Little Angels PPEC - Orlando,KEEP,PPEC,physical-therapy|occupational-therapy|speech-therapy|transportation,,Y,UNCLEAR,"222 Neighborhood Market Rd, Suite 102, Orlando, FL 32825",407-403-5822,,https://littleangelsppec.com/,"Prescribed Pediatric Extended Care medical daycare for medically complex and special-needs children ages 0-20. Skilled RN/LPN nursing, on-site physical, occupational and speech therapy, developmental support and medical transportation.",https://littleangelsppec.com/services,1,MEDIUM,"PPEC medical daycare, not a speech clinic as the subcategory implies; three Central Florida sites (Longwood, Orlando, Apopka). Site names 'special needs children' and 'developmental support' and delivers PT/OT/ST on site, but never says autism, so autism relevance is implied rather than stated. Belongs in the PPEC/daycare category."
9277,Matter of Speech - Hollywood,KEEP,THERAPY_PROVIDER,speech-therapy|virtual-therapy|mobile-services|parent-coaching|group-therapy,,Y,UNCLEAR,"Pembroke Pines, FL",(786) 651-8140,info@matterofspeechtherapy.com,https://matterofspeechtherapy.com/,"Solo pediatric speech-language practice run by Yamiris Diaz, MS, CCC-SLP, serving children 6 months to 6 years. Play-based early-intervention speech and language evaluation and therapy by telehealth, in-home and school visits, plus parent guidance.",https://matterofspeechtherapy.com/,2,MEDIUM,"Real pediatric SLP private practice, bilingual English/Spanish/Urdu. Describes a 'neurodiversity-affirming' approach but never names autism or any specific diagnosis, so autism relevance is implied by the early-intervention population rather than stated. Site gives only 'Pembroke Pines, FL', no street address; the CSV's Cooper City / Griffin Rd address is not on the site."
9282,Life Skills Kids Therapy - Hollywood - 9050 Pines Blvd,KEEP,ABA_PROVIDER,aba|mobile-services,,Y,Y,"9050 Pines Boulevard, Suite 450-10, Pembroke Pines, Florida 33024",754-281-1591,aba@lifeskillskidtherapy.net,https://lifeskillskidstherapy.com/,"ABA therapy provider for children with autism and other developmental disabilities, offering both in-home and center-based individualized behavior intervention plans from its Pembroke Pines office.",https://lifeskillskidstherapy.com/contact-us,2,HIGH,"ABA provider, not an OT clinic as the subcategory says. Homepage explicitly frames ABA as intervention for children with disabilities, especially autism. The site's own contact page gives a Pembroke Pines address and a 754 phone that differ from the CSV's Hollywood city and 954 number."
9297,Beaches Nature Therapy - 1682 Penman Rd,KEEP,THERAPY_PROVIDER,occupational-therapy|group-therapy|parent-coaching|mobile-services|executive-function-coaching,executive-function-coaching,Y,UNCLEAR,"Jacksonville Beach, FL 32250",(904) 720-6583,info@beachesnaturetherapy.com,https://www.beachesnaturetherapy.com/,"Pediatric occupational therapy practice run by OTR/L therapists, using nature-based outdoor and clinic sessions for children with ADHD, ODD and other developmental disorders.",https://www.beachesnaturetherapy.com/about-1,2,MEDIUM,"Legitimate pediatric OT practice (founder Kristi Hinckley, OTR/L), with outdoor sessions in Atlantic Beach, Jacksonville Beach, Ponte Vedra and Nocatee. Site names ADHD, ODD, dyslexia, dysgraphia, sensory and primitive-reflex integration and 'other developmental disorders' but never says autism, so autism fit is probable but unstated. Site phone (904) 720-6583 differs from the CSV number."
9317,A Touch of Hope Occupational Therapy - Miami,KEEP,THERAPY_PROVIDER,occupational-therapy|parent-coaching|mobile-services,,Y,Y,"19400 Turnberry Way, Aventura, FL 33180",(786) 277-9497,info@atouchofhopeot.com,https://www.atouchofhopeot.com/,"Solo-practitioner occupational therapy practice (Hemdat Bar, OTR/L) serving Miami-Dade and Broward. Early intervention and pediatric OT delivered in homes, schools and community settings, plus caregiver coaching. Also treats adults.",https://www.atouchofhopeot.com/occupational-therapy-in-miami,2,HIGH,"Legitimate pediatric OT practice. Site explicitly names autism spectrum disorder, ADHD, developmental delays and sensory integration difficulties. Mobile/in-home model. Serves adults and seniors too, but pediatric/autism scope is clearly stated. Root URL 500'd; city landing page resolved."
9330,"Stepping Stone Kids Therapy, LLC - Fort Myers",KEEP,ABA_PROVIDER,aba|occupational-therapy|speech-therapy|life-skills|group-therapy|parent-coaching|mobile-services,,Y,Y,,239-351-0675,,https://sskidstherapy.com/,"Multi-site Southwest Florida pediatric practice founded by a BCBA. Provides ABA plus occupational and speech therapy, daily living and social/play skills, parent training, and 1:1, peer/group, school and community sessions.",https://sskidstherapy.com/,2,HIGH,"Site states it serves children with autism and other developmental disorders with behavioral challenges. Locations listed: Fort Myers, Bonita Springs, Lely Naples, Central Naples, Cape Coral, Port Charlotte. Site publishes no per-location street addresses and one shared phone (239-351-0675), so the CSV's 239-351-3715 could not be confirmed on-site."
9363,"Stepping Stone Kids Therapy, LLC - Naples",KEEP,ABA_PROVIDER,aba|occupational-therapy|speech-therapy|life-skills|group-therapy|parent-coaching|mobile-services,,Y,Y,,239-351-0675,,http://www.sskidstherapy.com/,"Naples location of a BCBA-founded Southwest Florida pediatric practice. ABA plus occupational and speech therapy, daily living and social/play skills, parent training, and 1:1, peer/group, school and community sessions.",https://sskidstherapy.com/,2,HIGH,"Same organization as id 9330, different city. Site lists two Naples-area sites (Lely Naples and Central Naples) but no street addresses, so this record's 708 Goodlette Rd N address is unverified on-site. Autism and developmental disorders explicitly stated."
9395,Speech and Language Connection Services LLC - Hialeah,KEEP,THERAPY_PROVIDER,speech-therapy|occupational-therapy|music-therapy|aac|executive-function-coaching|tutoring,executive-function-coaching|tutoring,Y,Y,"10550 NW 77th Ct #224, Hialeah Gardens, FL 33016",(305) 456-8031,,http://www.speechtherapy305.com/,"Clinic-based pediatric practice in Hialeah Gardens offering speech-language therapy (language, fluency, social skills, augmentative communication), occupational therapy for sensory and motor skills, and music therapy. FES-UA Step Up provider.",http://www.speechtherapy305.com/,1,HIGH,"Real private speech/OT clinic. Autism spectrum disorder and developmental disabilities appear in site testimonials and it is an FES-UA scholarship provider, which is a strong autism/DD signal. Clinic-based only, no telehealth or in-home stated. Executive-function and tutoring tags inferred from 'executive functioning' under OT and the Home Education Instructional Program for FES-UA families."
9408,Always Keep Progressing - North Miami Beach - 16800 Nw 2nd Ave,KEEP,THERAPY_PROVIDER,aba|speech-therapy|occupational-therapy|feeding-therapy|music-therapy|art-therapy|ados-testing|virtual-therapy,,Y,Y,"11601 Biscayne Blvd STE 312, Miami, FL 33181",(786) 206-4151,info@alwayskeepprogressing.com,https://alwayskeepprogressing.com/,"Bilingual multidisciplinary pediatric clinic in Miami-Dade. ABA, speech and language, occupational, feeding, music and art therapy, stuttering therapy, autism diagnostic evaluations, and teletherapy, with coordinated cross-discipline treatment.",https://alwayskeepprogressing.com/,2,HIGH,"Real multidisciplinary pediatric therapy provider explicitly serving children with autism and developmental delays. Site's stated address is 11601 Biscayne Blvd, not the CSV's 16800 NW 2nd Ave, Miami Gardens; /locations/ 404'd so the second site could not be confirmed. Verify this location exists before publishing the CSV address."
9409,Just Right Pediatric Therapy - 9725 Selten Way,KEEP,THERAPY_PROVIDER,occupational-therapy,,Y,Y,,904-712-1578,hello@jrpediatrics.com,https://www.jrpediatrics.com/,"Small private-pay pediatric occupational therapy practice in the Lake Nona area of Orlando. Offers OT evaluations and treatment sessions, with mini intensives listed as coming soon.",https://www.jrpediatrics.com/,1,HIGH,"Pediatric OT only, private pay. Site names autism spectrum disorder, Down syndrome, sensory processing disorders and fine motor/developmental delays. No PT or speech despite the CSV subcategory listing all three. Site publishes no street address; the CSV phone 863-535-5691 is listed on the site as the fax, actual phone is 904-712-1578."
9411,Breakthrough Pediatric Therapy Services | Satellite - 8075 Nw 15th Manor,KEEP,THERAPY_PROVIDER,speech-therapy|occupational-therapy|group-therapy|art-therapy,,Y,Y,"12545 Orange Drive - Suite 502, Davie, FL 33330",(954) 474-8048,Info@breakthroughtherapyservices.com,http://www.breakthroughtherapyservices.com/,"Pediatric speech and occupational therapy center in Broward County. Offers PROMPT, sensory integration, handwriting, cognitive skills and art therapy, plus pragmatic and play groups for children with autism and other special needs.",http://www.breakthroughtherapyservices.com/,2,MEDIUM,"Real pediatric speech/OT center explicitly serving children with autism, developmental delays and disabilities. No PT or ABA offered ('behavior modification therapy' is not stated as applied behavior analysis, so not tagged aba). Site advertises only the Davie office; the Plantation satellite at 8075 NW 15th Manor is not listed on the site and the contact page failed to load, so this record's address is unconfirmed."
9412,Bilingual Key Therapy - Port Saint Lucie,KEEP,THERAPY_PROVIDER,speech-therapy|occupational-therapy|feeding-therapy|tutoring,tutoring,Y,Y,"145 NW Central Park Plaza, Suite 104, Port St Lucie, FL 34986",1 (772) 672 0897,,https://bilingualkeytherapy.com/,"Bilingual English/Spanish pediatric clinic in Port St. Lucie serving birth to 18. Speech-language therapy, feeding therapy, occupational therapy and early intervention, plus Spanish immersion groups and tutoring.",https://bilingualkeytherapy.com/speech-language-occupational-therapy/contact/,3,HIGH,"Real pediatric speech/OT/feeding clinic; site names autism and developmental delays among diagnoses treated. Site address 145 NW Central Park Plaza Ste 104 differs from the CSV's 1631 St Lucie W Blvd Ste 208 - likely a move, verify before publishing. Root URL returned 403; reached via contact page."
9417,Therapy Alliance Inc. - Miami Lakes,KEEP,THERAPY_PROVIDER,speech-therapy|occupational-therapy|feeding-therapy|virtual-therapy|mobile-services,,Y,Y,"14040 NW 7th Ave, Miami FL 33168",(305) 362-3300,info@mytamail.com,https://therapy-alliance.com/,"Pediatric speech and occupational therapy practice serving Miami-Dade. Addresses communication, language, feeding skills, sensory integration and motor development. Delivers care in clinic, at school, in the home, and by teletherapy.",https://therapy-alliance.com/services,3,MEDIUM,"Pediatric-only speech/OT clinic. Site states sensory integration, developmental milestone tracking, feeding skills, bilingual development, plus school-based, in-home and virtual delivery. Autism is not named explicitly, so relevance rests on its developmental-pediatrics scope."
9419,Therapies 4 Kids - Hollywood,KEEP,THERAPY_PROVIDER,physical-therapy|occupational-therapy|speech-therapy|aba|group-therapy|mobile-services,,Y,Y,,954-828-0425,,http://www.therapies4kids.com/,"Multi-location pediatric therapy company offering PT, OT, speech, ABA, social play groups and intensive PediaSuit fitness programs for children with autism, cerebral palsy and other neurological conditions. Also runs a Therapy@School program.",https://cpfamilynetwork.org/resources/resources-guide/therapies-4-kids/,3,HIGH,"Pediatric therapy provider that explicitly names autism and cerebral palsy. Own site confirms ABA, intensive PT fitness program, free evaluations and a school-based arm covering Broward, Miami-Dade and Palm Beach. Third-party listing confirms PT/OT/speech/ABA/social play across multiple South Florida sites."
9830,Just for Kidz Therapy - 4903 Nw 55th Blvd,KEEP,THERAPY_PROVIDER,occupational-therapy,,Y,UNCLEAR,,561-288-0512,admin@justforkidztherapy.com,https://www.justforkidztherapy.com/,Small pediatric occupational therapy practice serving children in the Parkland/Coral Springs area of Broward County. Site states OT only; service details are published as images with no listed conditions treated.,https://www.justforkidztherapy.com/about-us,3,MEDIUM,"Independent pediatric OT practice (founder is an OT); name and About page confirm children-only clientele. Site never names autism, sensory processing or developmental delay, and the Services & Rates page publishes details only inside images, so autism relevance is presumed from the pediatric OT scope rather than stated. No PT, speech or ABA found despite the scraped subcategory."
9928,TLC Pediatric Therapies - 4705 S Apopka Vineland Rd,KEEP,THERAPY_PROVIDER,physical-therapy|occupational-therapy|speech-therapy|feeding-therapy|mobile-services,,Y,Y,,(407) 905-9300,,http://tlcpediatrictherapy.com/,"Pediatric therapy group in central Florida providing physical, occupational and speech therapy addressing feeding, communication, mobility and toileting. Care delivered in clinic and in natural environments including schools, daycares and homes.",http://tlcpediatrictherapy.com/about-us/,3,MEDIUM,"Pediatric-only PT/OT/speech practice; site states it is the largest public-school pediatric therapy provider in central Florida and serves children with established IEPs. Autism is not named on the pages loaded, but the school-based developmental caseload makes DD relevance clear."
10001,Wolfson Children's Rehabilitation - Southbank Plaza - 1650 Prudential Dr,KEEP,THERAPY_PROVIDER,physical-therapy|occupational-therapy|speech-therapy|feeding-therapy|ados-testing|aba,,Y,Y,"800 Prudential Drive, Jacksonville, FL 32207",904.202.4200,,https://www.wolfsonchildrens.com/services/rehabilitation,"Outpatient pediatric rehabilitation arm of Wolfson Children's Hospital offering physical, occupational and speech-language therapy, an infant feeding program, neurodevelopmental testing, an early autism intervention program and ABA.",https://www.wolfsonchildrens.com/services/autism,3,HIGH,"Children's hospital outpatient rehabilitation clinic. Hospital's autism services page explicitly lists speech, OT, PT, ABA, neuropsychological testing, behavioral health and an Early Autism Intervention Program. ABA and testing are system-wide services, not confirmed as delivered at the Southbank Plaza suite specifically; the rehab pages do not list individual clinic addresses, so site_address is the main hospital address given."
10002,Kids Therapy Connection Doral - 2500 Nw 107th Ave,KEEP,THERAPY_PROVIDER,speech-therapy|occupational-therapy|physical-therapy|aba|tutoring|parent-coaching,,Y,Y,"2500 NW 107 Ave, Suite 200, Doral, FL 33172",(305) 799-1309,ktcdoral@kidstherapyconnection.com,http://www.kidstherapyconnection.com/,"Pediatric multidisciplinary clinic with Doral and South Miami offices providing speech, occupational and physical therapy, ABA, psychoeducational services, tutoring, camps and parent training for children with autism and developmental delays.",http://www.kidstherapyconnection.com/,1,HIGH,"Children's therapy practice; site states ABA is an effective intervention for children with autism and other developmental delays. Doral is one of two locations. CSV phone (305) 200-3712 is the site's listed Doral fax number, not the phone."
10006,Children's Rehab PPEC - Lehigh Acres,KEEP,PPEC,physical-therapy|occupational-therapy|speech-therapy|transportation,,Y,Y,"3020 Lee Boulevard, Lehigh Acres, FL 33971",239-674-7439,info@childrensrehabppec.com,https://childrensrehabppec.com/ppec-in-lehigh-acres-fl/,"Prescribed Pediatric Extended Care center for medically fragile children and children with developmental delay, under age 21. Skilled nursing, physical, occupational and speech therapy, behavioral support, education and free transportation.",https://childrensrehabppec.com/ppec-in-lehigh-acres-fl/,1,HIGH,"Licensed PPEC (medical day center), not an outpatient therapy clinic. Site states it cares for medically fragile children and children with developmental delay and offers PT, OT, speech and behavioral therapy on site. Behavioral therapy is described generically, so ABA was not tagged."
10030,Care Options for Kids - Spring Hill,KEEP,THERAPY_PROVIDER,physical-therapy|occupational-therapy|speech-therapy|aba|mobile-services|virtual-therapy,,Y,Y,"10487 Spring Hill Drive, Spring Hill, FL 34608",(352) 269-8485,,https://careoptionsforkids.com/,"Pediatric therapy and home-nursing company. Offers PT, OT, speech, ABA and private-duty nursing delivered in home, school, clinic or via telehealth. Spring Hill office covers 16 north-central Florida counties.",https://careoptionsforkids.com/locations/florida/spring-hill/,2,HIGH,"Multi-state pediatric therapy/nursing provider; ABA therapy listed among services, so the autism population is served. Spring Hill is a real branch office with matching address and phone."
10045,Heart 4 Kids Therapy LLC - Palm Harbor,KEEP,THERAPY_PROVIDER,physical-therapy|occupational-therapy|speech-therapy|feeding-therapy|parent-coaching,parent-coaching,Y,Y,"31840 US Hwy 19 N, Palm Harbor, FL 34684",727-202-9200,info@H4KT.com,http://www.heart4kidstherapy.com/,"Pediatric outpatient therapy clinic offering speech, occupational and physical therapy for children, including sensory integration, fine and gross motor work, feeding, language and social communication. Three Tampa-area locations.",https://heart4kidstherapy.com/about.html,3,MEDIUM,"Licensed pediatric PT/OT/speech clinic. Autism is not named on the site, but sensory processing, social-function language and developmental motor treatment place it in the developmental-disability pediatric population. Parent carryover training stated, tagged parent-coaching as inferred."
10048,First Kid's PPEC - Miami,KEEP,PPEC,physical-therapy|occupational-therapy|speech-therapy|transportation,,Y,Y,"8681 Coral Way, Miami, FL",,,https://fkppec.com/,"Physician-owned Prescribed Pediatric Extended Care center (pediatric medical daycare) providing skilled nursing plus PT, OT and speech therapy for medically complex and special-needs children, with free transportation. Three South Florida sites.",https://fkppec.com/,2,MEDIUM,"PPEC / pediatric medical daycare serving children with genetic syndromes, neurological disorders and technology dependence; the site markets itself as a special-needs daycare. Autism not named explicitly, but the developmentally disabled pediatric population is served. Interior pages blocked by robots.txt."
10056,Enhanced Living Therapy - 15291 Nw 60th Ave,KEEP,THERAPY_PROVIDER,occupational-therapy|speech-therapy|physical-therapy|feeding-therapy|dir-floortime,,Y,Y,"15291 NW 60th Ave. Unit 104, Miami, FL 33014",(786) 615-3246,,http://www.enhancedlivingtherapy.com/,"South Florida occupational, speech and physical therapy practice for children and adults. Treats autism, developmental delay, cerebral palsy, dyslexia and speech disorders using sensory integration, feeding programs and DIR/Floortime.",https://enhancedlivingtherapy.com/contact.html,3,HIGH,Private OT-led therapy practice with Miami Lakes and Kendall offices; site explicitly names autism and developmental delays among conditions treated and lists Floortime and feeding programs. Miami Lakes address and phone match the record.
10065,Heart 4 Kids Therapy LLC - Tampa,KEEP,THERAPY_PROVIDER,physical-therapy|occupational-therapy|speech-therapy|feeding-therapy|parent-coaching,parent-coaching,Y,Y,"12729 Race Track Rd, Tampa, FL 33626",813-444-4290,info@heart4kidstherapy.com,http://www.heart4kidstherapy.com/,"Westchase location of Heart 4 Kids Therapy, a pediatric clinic providing speech, occupational and physical therapy for children, including sensory integration, fine and gross motor work, feeding and language/social communication.",http://www.heart4kidstherapy.com/,3,MEDIUM,"Real second location (Westchase) of the same pediatric PT/OT/speech company; address and phone match the site's location list. Autism not named on site, but sensory and developmental pediatric focus is clear."
10072,Pediatric Therapy Services - Brandon,KEEP,THERAPY_PROVIDER,physical-therapy|occupational-therapy|speech-therapy|feeding-therapy|parent-coaching|mobile-services,mobile-services,Y,Y,"206 Ridgewood Ave, Brandon, FL 33510",(813) 662-1060,,http://ptsbeyourbest.com/,"Long-established pediatric therapy clinic offering physical, occupational, speech and feeding therapy in a play-based setting, plus school partnerships. Locations in Brandon and Lakeland; insurance accepted.",https://ptsbeyourbest.com/feeding-therapy/,3,HIGH,"Licensed pediatric PT/OT/speech clinic operating 35+ years. Feeding therapy page explicitly states they treat patients with Autism Spectrum Disorder and provide family guidance. School partnerships imply community-based delivery, so mobile-services tagged as inferred."
10077,Thrive Therapy - Tallahassee,KEEP,THERAPY_PROVIDER,occupational-therapy|physical-therapy|speech-therapy|ados-testing|mobile-services,,Y,Y,"4500 West Shannon Lakes Drive, Suite 15, Tallahassee, FL",850-518-7611,hello@thrivetherapytally.com,https://www.thrivetherapytally.com/,"OT-founded pediatric clinic serving ages 12 months through adolescence with occupational, physical and speech therapy, ADOS-2 autism assessment, and traveling OT to schools and daycares. Takes Medicaid and Step Up scholarships.",https://www.thrivetherapytally.com/,1,HIGH,"Pediatric therapy clinic explicitly serving autism spectrum disorder, developmental delay and sensory processing; performs ADOS-2 evaluations and accepts FES/Step Up for Students scholarships. Site lists Suite 15, not the CSV's 'Apartment 14'."
10080,Studer Family Children's Hospital Pediatric Rehabilitation - Gulf Breeze - 15 Daniel St 2nd,KEEP,THERAPY_PROVIDER,physical-therapy|occupational-therapy|speech-therapy|feeding-therapy,,Y,Y,,,,https://healthcare.ascension.org/locations/florida/flpen/sfch/our-locations/gulf-breeze-studer-family-childrens-hospital-pediatric-rehabilitation,"Hospital-based pediatric rehabilitation outpatient clinic (Ascension Studer Family Children's Hospital) offering physical, occupational and speech/swallowing therapy for children with autism, developmental delays, cerebral palsy and Down syndrome.",https://healthcare.ascension.org/locations/florida/flpen/sfch/our-locations/gulf-breeze-studer-family-childrens-hospital-pediatric-rehabilitation,1,HIGH,"Ascension children's hospital pediatric rehab satellite in Gulf Breeze. Page explicitly names autism spectrum disorder, developmental disabilities, cerebral palsy and Down syndrome among conditions treated; PT/OT/SLP including swallowing. No contact details published on the location page."
10084,FIRST STEP THERAPY - Winter Haven,KEEP,THERAPY_PROVIDER,physical-therapy|occupational-therapy|speech-therapy|mobile-services,,Y,Y,"1650 Sandlake Road, Suite 395, Orlando, FL 32809",800-378-7597,fstasst@gmail.com,http://www.firststep-therapy.com/,"Private pediatric therapy company with Florida clinics offering physical, occupational and speech therapy, early intervention, TheraSuit/intensive programs, and therapy delivered in the home, school or community.",https://firststep-therapy.com/private-pediatric-therapy-clinic-programs,2,HIGH,"Private pediatric therapy clinic (First Step Therapy LLC), Winter Haven branch. Programs page explicitly lists autism and developmental delays among conditions treated and states therapy can be provided in home, school or community (mobile-services). Site lists only the Orlando corporate address/phone."
10113,"Little Explorers Therapy Services, PLLC - 4517 N Pine Island Rd",KEEP,THERAPY_PROVIDER,speech-therapy|occupational-therapy|physical-therapy|aac|feeding-therapy,feeding-therapy,Y,Y,,,LittleExplorersTherapy@gmail.com,https://www.littleexplorerstherapy.com/,"Pediatric therapy practice in South Florida providing speech, occupational and physical therapy, AAC evaluations and oral-motor treatment for children with autism spectrum disorder, apraxia and other communication and developmental disorders.",https://www.littleexplorerstherapy.com/,1,HIGH,"Private pediatric therapy PLLC. Site names Autism Spectrum Disorder and Childhood Apraxia of Speech among diagnoses treated. Feeding-therapy inferred from stated oral motor assessment/treatment. Site publishes email only, no address or phone."
10143,"Speech-Language and Feeding Services at Johns Hopkins All Children's Outpatient Care, Tampa - 12220 Bruce B Downs Blvd",KEEP,THERAPY_PROVIDER,speech-therapy|feeding-therapy|aac|group-therapy,,Y,Y,,727-767-4141,,https://www.hopkinsmedicine.org/all-childrens-hospital/services/rehabilitation/speech-language-and-feeding-services,"Johns Hopkins All Children's Hospital outpatient speech-language and feeding program (Tampa site) providing individual speech therapy, social skills/language groups, feeding and swallowing treatment, AAC services and reading/dyslexia support.",https://www.hopkinsmedicine.org/all-childrens-hospital/services/rehabilitation/speech-language-and-feeding-services,1,HIGH,"Children's hospital outpatient SLP/feeding program. Page names autism spectrum disorder as a referral condition and describes group social skills and language classes, AAC (including an AAC preschool language class) and feeding/swallowing treatment. Address left blank because the page lists the St. Petersburg main campus, not the Tampa outpatient site."
10151,Care Options for Kids - Jacksonville,KEEP,HOME_CARE,aba|physical-therapy|occupational-therapy|speech-therapy|mobile-services|virtual-therapy,,Y,Y,"4720 Salisbury Road Suite 115, Jacksonville, FL 32256",(386) 877-0372,,https://careoptionsforkids.com/,"Pediatric home health and therapy company; Jacksonville branch provides in-home pediatric nursing and care. Company offers ABA, physical, occupational and speech therapy delivered in home, clinic, school and via teletherapy.",https://careoptionsforkids.com/locations/florida/jacksonville,3,MEDIUM,"National pediatric home care / therapy company. Corporate site states ABA, PT, OT, speech, school-based (in-person, hybrid, remote) and telehealth; dedicated /pediatric-therapy/aba-therapy and autism blog content exist. The Jacksonville location page itself only names pediatric and adult home care, so therapy availability at this specific branch is not location-confirmed."
10170,Mountaineer's Therapeutic Center - 3151 N Military Trl,KEEP,ABA_PROVIDER,aba|speech-therapy|occupational-therapy|physical-therapy|group-therapy|parent-coaching|transportation,,Y,Y,"1340 Kenwood Road, West Palm Beach, Florida 33401",(561) 335-9061,,https://mtherapeuticinc.org/,"West Palm Beach therapeutic center offering applied behavior analysis, speech, occupational and physical therapy, play therapy, social skills groups, parent training and nutritional counseling, with van pickup transportation.",https://mtherapeuticinc.org/contact,2,MEDIUM,"ABA-led multidisciplinary therapeutic center; site advertises on-site RBT training with BCBA supervision and links to an affiliated 'Mountaineers School of Autism', establishing autism focus. Site address (1340 Kenwood Rd) differs from the scraped address (3151 N Military Trl) - likely a moved or second location; phone also differs."
10178,Therapy Playhouse - 8673 15th Way N,KEEP,THERAPY_PROVIDER,physical-therapy|occupational-therapy|speech-therapy|mobile-services,,Y,Y,,(727) 423-0060,contact@therapyplayhouse.org,https://therapyplayhouse.org/,"Pinellas County pediatric therapy practice operating since 2000, providing physical, occupational and speech therapy plus early intervention to children of all ability levels in their natural environments (home, school, community).",https://therapyplayhouse.org/about-us/,2,MEDIUM,"Genuine pediatric rehabilitative services provider (in-home/natural-environment model, early intervention, bills Medicaid-style commercial plans). Site says 'special needs children' and 'developmental delays' but never uses the word autism, so autism relevance is by population rather than explicit claim. No street address published on the site."
10182,Early Steps - Saint Petersburg,KEEP,THERAPY_PROVIDER,physical-therapy|occupational-therapy|speech-therapy|mobile-services|parent-coaching|aac|ados-testing,aac|ados-testing,Y,Y,"501 6th Avenue South, St. Petersburg, FL 33701",727-767-4403,,https://www.hopkinsmedicine.org/all-childrens-hospital/services/west-central-early-steps,"West Central Early Steps, Florida's IDEA Part C early intervention program run through Johns Hopkins All Children's Hospital. Serves birth-to-3 children with developmental delays including autism;",https://www.hopkinsmedicine.org/all-childrens-hospital/services/west-central-early-steps,1,HIGH,"State/federal early intervention program (Early Steps) administered by Johns Hopkins All Children's Hospital. Explicitly serves infants and toddlers with autism spectrum disorder, cerebral palsy, Down syndrome and spina bifida. Delivers OT/PT/speech, behavioral services, assistive technology and family training in the child's natural environment (home visits). Site lists 501 6th Ave S, not the CSV's 480 7th Ave S."
10187,TherHappy Therapy Services - Hudson - 11820 Denton Ave,KEEP,THERAPY_PROVIDER,physical-therapy|occupational-therapy|speech-therapy|animal-therapy|life-skills|executive-function-coaching|aac|ados-testing|tutoring|group-therapy,group-therapy,Y,Y,"11820 Denton Avenue, Hudson, Florida 34667",(727) 862-9101,,https://therhappy.org/,"Pediatric therapy nonprofit on a 30-acre Hudson farm. Provides PT, OT and speech therapy plus hippotherapy for special-needs children, and an 'Ohana skilled day program combining academics, life and social skills for kids with autism.",https://therhappy.org/skilled-day-program,2,HIGH,"Real pediatric therapy provider for special-needs children. Skilled day program page explicitly names autism spectrum disorder, intellectual disability and speech/language impairment. Offers assistive technology, diagnostic and evaluation services, life skills and executive functioning instruction; accepts Florida Medicaid, Children's Medical Services and Step Up For Students."
10209,Skill Point Therapy - Brandon,KEEP,THERAPY_PROVIDER,occupational-therapy|speech-therapy|aac|group-therapy|dir-floortime|virtual-therapy|mobile-services,,Y,Y,"1463 Oakfield Drive, Suite #131, Brandon, FL 33511",813-491-8300,,https://www.skillpointtherapy.com/,"Pediatric occupational and speech therapy practice with Tampa and Brandon clinics. Sensory integration, fine motor and handwriting work, DIR-Floortime, AAC and social skills groups for children including those with autism.",https://www.skillpointtherapy.com/pediatric-autism-therapy/,2,HIGH,"Genuine pediatric therapy clinic. Own site has dedicated pages for pediatric autism therapy, early signs of autism, and AAC therapy for kids in Brandon, plus social skills groups and DIR/Floortime. No applied behavior analysis stated, so aba not tagged. No PT stated."
10220,Kids SPOT - Lutz,KEEP,THERAPY_PROVIDER,speech-therapy|occupational-therapy|physical-therapy|aba,aba,Y,Y,,,therapy@kidsspotrehab.com,https://www.kidsspotrehab.com/,"Tampa-area clinic of the Kids SPOT pediatric rehab group (operating entity Communication Corner & More, Inc.). Speech, occupational and physical therapy plus ABA for children birth to 21 with autism, cerebral palsy and intellectual disabilities.",https://www.kidsspotrehab.com/who-we-serve/,3,MEDIUM,"Kids SPOT is a pediatric therapy group serving ages birth-21; its Who We Serve page names autism, cerebral palsy, ADHD and intellectual disabilities, and it offers speech, OT, PT and ABA. This location operates as Communication Corner & More, Inc. dba Kids Spot (NPI 1346624475) at the Hunting Bow Cir address. Caution: the current Kids SPOT Florida locations page lists only Hollywood and Wesley Chapel, so the Lutz site may have relocated/rebranded to Wesley Chapel. Location-specific service mix not confirmed."
10221,Studer Family Children's Hospital Pediatric Rehabilitation - Port St. Joe - 3871 Us-98,KEEP,THERAPY_PROVIDER,physical-therapy|occupational-therapy|speech-therapy|feeding-therapy,,Y,Y,,,,https://healthcare.ascension.org/locations/florida/flpen/sfch/our-locations/port-st-joe-studer-family-childrens-hospital-pediatric-rehabilitation,"Outpatient pediatric rehabilitation site of Ascension Studer Family Children's Hospital in Port St. Joe. Physical, occupational and speech therapy including swallowing work, for children with autism, developmental delay and cerebral palsy.",https://healthcare.ascension.org/locations/florida/flpen/sfch/our-locations/port-st-joe-studer-family-childrens-hospital-pediatric-rehabilitation,1,HIGH,"Legitimate hospital-affiliated pediatric outpatient rehab clinic (Ascension Sacred Heart / Studer Family Children's Hospital). Page explicitly lists autism spectrum disorder and developmental delay among conditions treated across PT, OT and speech; speech covers swallowing disorders, OT covers sensory integration and adaptive equipment evaluation. No contact details stated in the page text."
10243,Kids SPOT - Pompano Beach,KEEP,THERAPY_PROVIDER,speech-therapy|occupational-therapy|physical-therapy|aba,,Y,Y,,,therapy@kidsspotrehab.com,https://www.kidsspotrehab.com/,"South Florida clinic of the Kids SPOT pediatric rehab group. Speech, occupational and physical therapy plus ABA for children birth to 21 with autism, cerebral palsy, ADHD and intellectual disabilities.",https://www.kidsspotrehab.com/who-we-serve/,3,MEDIUM,"Same Kids SPOT pediatric therapy group as id 10220; Who We Serve page names autism and other developmental conditions and the South Florida locations section is titled for speech, PT, OT and ABA services. A Pompano Beach location page exists on the site but returned only generic site navigation on fetch, and the current Florida locations page lists only Hollywood and Wesley Chapel, so this location's current status and address should be re-verified."
10245,Care Options for Kids - Room 204,KEEP,THERAPY_PROVIDER,speech-therapy|occupational-therapy|physical-therapy|aba|mobile-services|virtual-therapy,,Y,Y,,,,https://careoptionsforkids.com/,"Pediatric therapy and home health company offering speech, occupational, physical and ABA therapy plus private duty nursing, delivered in clinic, in home, in school and via telehealth.",https://careoptionsforkids.com/,2,MEDIUM,"Pediatric therapy/nursing provider. Homepage lists ABA therapy alongside ST/OT/PT and in-home, in-school, in-clinic and telehealth delivery; ABA establishes autism relevance. National site, no per-location contact details on pages that loaded (a services/aba-therapy path returned 404)."
10248,AKL Pediatric Therapy - Longwood,KEEP,THERAPY_PROVIDER,occupational-therapy|physical-therapy|speech-therapy|feeding-therapy|parent-coaching|mobile-services|ados-testing,ados-testing,Y,Y,,(407) 272-8813,,https://akltherapy.com/,"Pediatric therapy provider in South and Central Florida offering occupational, physical and speech therapy, sensory and reflex integration, feeding/oral motor work, developmental assessments and parenting classes, in clinic, home, school and daycare.",https://akltherapy.com/about-us/,2,HIGH,"Pediatric-only therapy company. About page explicitly lists Autism (ASD), developmental delays, Down syndrome and sensory processing among conditions treated. Central Florida phone matches the Longwood record. ados-testing inferred from 'baby developmental assessment' / reflex assessment, not a stated autism diagnostic."
10250,"Great Strides Rehabilitation- Port Orange, FL - 3890 Turtle Creek Dr",KEEP,THERAPY_PROVIDER,physical-therapy|occupational-therapy|speech-therapy|aba|music-therapy|feeding-therapy|mobile-services,,Y,Y,,,,https://www.h2health.com/locations/great-strides-pediatric-rehabilitation/,"Pediatric rehabilitation clinic, part of H2 Health, offering physical, occupational, speech, feeding, music and ABA therapy for children with special needs. Port Orange is one of its Florida locations.",https://www.h2health.com/locations/great-strides-pediatric-rehabilitation/,2,HIGH,"Pediatric rehab group (H2 Health brand) that lists a Port Orange, FL site. Offers pediatric ABA therapy, establishing autism relevance; also provides therapy at schools and daycare centers. The CSV website URL points at the World Golf Village contact page and could not be loaded (robots)."
10251,"Great Strides Rehabilitation- St Augustine, FL - 1764 Tree Blvd",KEEP,THERAPY_PROVIDER,physical-therapy|occupational-therapy|speech-therapy|aba|music-therapy|feeding-therapy|mobile-services,,Y,Y,,,,https://www.h2health.com/locations/great-strides-pediatric-rehabilitation/,"Pediatric rehabilitation clinic, part of H2 Health, offering physical, occupational, speech, feeding, music and ABA therapy for children with special needs. St. Augustine is one of its Florida locations.",https://www.h2health.com/locations/great-strides-pediatric-rehabilitation/,2,HIGH,"Pediatric rehab group (H2 Health brand); St. Augustine listed among its Florida sites. Pediatric ABA therapy offered, establishing autism relevance. Also delivers therapy in schools and daycares."
10255,Restorative Speech Services Inc. - Deland,KEEP,THERAPY_PROVIDER,speech-therapy|occupational-therapy|feeding-therapy|virtual-therapy,,Y,Y,"890 N Boundary Ave #200, DeLand, FL 32720-3173",(352) 462-3114,,https://restorativespeechservicesinc.clientsecure.me/,"Pediatric speech-language practice with DeLand and Port Orange offices providing speech, language, feeding and occupational therapy, early language intervention and autism-specific intervention, including telehealth.",https://restorativespeechservicesinc.clientsecure.me/,1,HIGH,"Pediatric speech/feeding/OT practice. Site explicitly lists 'Autism Specific Intervention' and pediatric feeding therapy; DeLand address matches the record. Site is a SimplePractice client portal, not a custom domain."
10256,Skill Point Therapy - Tampa,KEEP,THERAPY_PROVIDER,occupational-therapy|dir-floortime|group-therapy|virtual-therapy|mobile-services,,Y,Y,"13907 N. Dale Mabry Hwy., Suite 214, Tampa, FL 33618",813-491-8300,,https://www.skillpointtherapy.com/,"Pediatric occupational therapy practice in Tampa and Brandon using sensory integration and DIR/Floortime, with social skills groups, fine motor and handwriting work; sessions in clinic, home, daycare, parks or by telehealth.",https://www.skillpointtherapy.com/autism-therapy-services/,3,HIGH,"Pediatric OT practice with a dedicated autism therapy section built around DIR/Floortime. Tampa address matches record. ABA is discussed on the autism page but appears as comparative context for a relationship-based OT practice, so not tagged."
10264,FUSSION THERAPY INC. - Hialeah,KEEP,THERAPY_PROVIDER,speech-therapy|occupational-therapy|physical-therapy|transportation,,Y,Y,"8040 NW 95th St, Suite 337, Hialeah Gardens, FL 33016",,fussiontherapyinc@gmail.com,https://www.fussiontherapy.com/,"Pediatric therapy company in Hialeah Gardens providing speech, occupational and physical therapy for children ages 0-21 with autism, cerebral palsy and developmental delay, plus PPEC and non-emergency medical transportation.",https://www.fussiontherapy.com/,1,HIGH,"SLP-founded pediatric therapy provider. Site explicitly names autism, cerebral palsy and developmental delay for ages 0-21. Also operates a PPEC and NEMT transport arm, which may warrant a separate PPEC record."
10281,Speech Works Pediatric Therapy - Orange City,KEEP,THERAPY_PROVIDER,speech-therapy|occupational-therapy|physical-therapy|feeding-therapy|aac,aac,Y,Y,"2750 Enterprise Rd., Suites A & B, Orange City, FL 32763",(386) 446-9935,,http://speechworksflorida.com/,"Therapist-owned pediatric practice founded 2005 with five Florida offices offering speech, occupational and physical therapy, feeding and swallowing therapy, social communication work and comprehensive evaluations.",https://speechworksflorida.com/speech-therapy,3,MEDIUM,"Pediatric ST/OT/PT practice; Orange City address matches record. Site does not name autism directly, but the practice is listed in the UCF CARD (Center for Autism and Related Disabilities) provider directory and treats social communication and feeding. aac inferred from a passing reference to alternative communication methods."
10282,Progressive Pediatric Therapy - Lake Worth Office - 3898 Via Poinciana,KEEP,THERAPY_PROVIDER,physical-therapy|occupational-therapy|speech-therapy|feeding-therapy|aac|parent-coaching|virtual-therapy|mobile-services,,Y,Y,"3898 Via Poinciana, Ste 17, Lake Worth, FL 33467",561-376-2573,,https://www.ppt4kids.com/,"Multi-disciplinary pediatric therapy clinic serving birth to age 21 with PT, OT, speech, feeding and AAC support, plus teletherapy, parent coaching and home/school-based sessions. Lake Worth is one of several Palm Beach County offices.",https://www.ppt4kids.com/speech-therapy-in-lake-worth,3,HIGH,"Pediatric-only multidisciplinary therapy clinic (PT/OT/SLP/feeding). Speech page explicitly states targeted support for children with autism and AAC services. Home page states teletherapy, parent coaching, early intervention, and community-based services in schools and homes."
10283,"Occupational Therapy at Johns Hopkins All Children's Outpatient Care, Tampa - 12220 Bruce B Downs Blvd",KEEP,THERAPY_PROVIDER,occupational-therapy|physical-therapy|speech-therapy|feeding-therapy|aac|group-therapy,,Y,Y,"12220 Bruce B Downs Blvd, Tampa",813-631-5000,,https://www.hopkinsmedicine.org/all-childrens-hospital/services/rehabilitation/occupational-therapy,"Pediatric outpatient occupational therapy at Johns Hopkins All Children's Hospital Tampa site. Fine/sensory/visual motor treatment including autism-related disorders, with hospital rehab services for speech, feeding, AAC and social skills groups.",https://www.hopkinsmedicine.org/all-childrens-hospital/services/rehabilitation/occupational-therapy,2,HIGH,"Children's hospital outpatient rehabilitation department, not a standalone clinic. OT page states it treats 'autism related disorders' and covers sensory-motor processing; parent rehab page lists speech/feeding, AAC (incl. AAC preschool language class) and social skills groups."
10284,"Pediatric Physical Therapy at Johns Hopkins All Children's Outpatient Care, Brandon - 885 S Parsons Ave",KEEP,THERAPY_PROVIDER,physical-therapy|occupational-therapy|speech-therapy|feeding-therapy|aac|group-therapy,,Y,Y,"885 South Parsons Avenue, Brandon",727-767-7272,,https://www.hopkinsmedicine.org/all-childrens-hospital/services/rehabilitation/physical-therapy,"Pediatric physical therapy at the Johns Hopkins All Children's Brandon outpatient care center, treating developmental delay and musculoskeletal conditions; the hospital rehab program also provides OT, speech, feeding, AAC and social skills groups.",https://www.hopkinsmedicine.org/all-childrens-hospital/services/rehabilitation/physical-therapy,2,HIGH,"Children's hospital outpatient rehab department. PT page names developmental delays; the shared rehabilitation program (same department) treats autism-related disorders per the OT page, so autism relevance is at the organization level."
10285,"Pediatric Physical Therapy at Johns Hopkins All Children's Outpatient Care, Tampa - 12220 Bruce B Downs Blvd",KEEP,THERAPY_PROVIDER,physical-therapy|occupational-therapy|speech-therapy|feeding-therapy|aac|group-therapy,,Y,Y,"12220 Bruce B Downs Blvd, Tampa",813-631-5000,,https://www.hopkinsmedicine.org/all-childrens-hospital/services/rehabilitation/physical-therapy,"Pediatric physical therapy at the Johns Hopkins All Children's Tampa outpatient care center, treating developmental delay and musculoskeletal conditions; hospital rehab program also offers OT, speech, feeding, AAC and social skills groups.",https://www.hopkinsmedicine.org/all-childrens-hospital/services/rehabilitation/physical-therapy,2,HIGH,"Children's hospital outpatient rehab department at the Tampa site. Same rehabilitation program as the Tampa OT listing; duplicate-location risk with id 10283 (same address, different discipline)."
10287,Pediatric Physical Therapy at Johns Hopkins All Children's Rehabilitation Center - 603 7th St S,KEEP,THERAPY_PROVIDER,physical-therapy|occupational-therapy|speech-therapy|feeding-therapy|aac|group-therapy,,Y,Y,"603 Seventh St South, Ste 601/100, St. Petersburg, FL 33701",727-767-7272,,https://www.hopkinsmedicine.org/all-childrens-hospital/services/rehabilitation/physical-therapy,"Main Johns Hopkins All Children's Rehabilitation Center in St. Petersburg providing pediatric PT plus OT, speech-language and feeding, AAC, aquatic therapy and social skills groups for children with developmental and autism-related conditions.",https://www.hopkinsmedicine.org/all-childrens-hospital/services/rehabilitation,2,HIGH,"Flagship hospital rehabilitation center (Bayfront Medical Plaza). Rehab program page lists AAC, AAC preschool language class, social skills groups, feeding/swallowing; OT page states autism-related disorders are treated."
10288,My Favorite Therapists - Deerfield Beach - 1239 E Newport Center Dr,KEEP,ABA_PROVIDER,aba|speech-therapy|occupational-therapy|feeding-therapy|parent-coaching|mobile-services,,Y,Y,"1239 E Newport Center Dr, Deerfield Beach, FL 33442",,,https://myfavoritetherapists.com/deerfield-beach-center/,"Pediatric ABA and therapy center for ages 1-18 specializing in autism and developmental delays. Offers ABA, speech, occupational and feeding therapy plus parent training, delivered in clinic, home, school and community settings.",https://myfavoritetherapists.com/deerfield-beach-center/,1,HIGH,"Autism-focused ABA therapy center with allied therapy disciplines. Site explicitly states it serves children with autism and developmental delays, ages 1-18, across clinic/home/school/community."
10291,"Great Strides Pediatric Rehabilitation- Jax Beach, FL - 340 16th Ave N",KEEP,THERAPY_PROVIDER,physical-therapy|occupational-therapy|speech-therapy|aba|music-therapy|feeding-therapy,,Y,Y,,904-886-3228,,https://www.h2health.com/locations/great-strides-pediatric-rehabilitation/jacksonville-beach/,"Great Strides Pediatric Rehabilitation (H2 Health brand) Jacksonville Beach clinic providing pediatric physical, occupational, speech, feeding, music and ABA therapy for children with developmental needs.",https://www.h2health.com/locations/great-strides-pediatric-rehabilitation/jacksonville-beach/,2,HIGH,"Pediatric-only rehab clinic chain under H2 Health. Site states pediatric PT, OT, speech, feeding, music and ABA therapy; ABA offering establishes autism relevance. Location page did not restate the street address."
10292,Great Strides Pediatric Rehabilitation- Yulee - 463380 E State Rd 200,KEEP,THERAPY_PROVIDER,physical-therapy|occupational-therapy|speech-therapy|aba|music-therapy|feeding-therapy,,Y,Y,,904-886-3228,,https://www.h2health.com/locations/great-strides-pediatric-rehabilitation/,"Great Strides Pediatric Rehabilitation (H2 Health) Yulee clinic offering pediatric physical, occupational, speech, feeding, music and ABA therapy for children with developmental needs.",https://www.h2health.com/locations/great-strides-pediatric-rehabilitation/,2,MEDIUM,"Yulee is listed as a Great Strides location on the brand page, but the location-specific URL returned 404, so address/contact could not be confirmed from the site. Org type and services confirmed at brand level (pediatric PT/OT/speech/feeding/music/ABA)."
10293,Great Strides Rehabilitation - 12276 San Jose Blvd,KEEP,THERAPY_PROVIDER,physical-therapy|occupational-therapy|speech-therapy|aba|music-therapy|feeding-therapy,,Y,Y,,904-886-3228,,https://www.h2health.com/locations/great-strides-pediatric-rehabilitation/,"Great Strides Pediatric Rehabilitation (H2 Health) Mandarin/San Jose Blvd clinic in Jacksonville offering pediatric physical, occupational, speech, feeding, music and ABA therapy for children with developmental needs.",https://www.h2health.com/locations/great-strides-pediatric-rehabilitation/mandarin/,2,MEDIUM,Corresponds to the Great Strides Mandarin (San Jose Blvd) Jacksonville clinic. Mandarin page resolved but omitted address/phone; services and pediatric/autism relevance confirmed at brand level via ABA and pediatric therapy offerings.
10294,"Great Strides Rehabilitation- Callahan, FL - 450061 FL-200",KEEP,THERAPY_PROVIDER,physical-therapy|occupational-therapy|speech-therapy,,Y,Y,,(800) 699-9395,,https://h2health.com/locations/great-strides-pediatric-rehab-callahan-fl/,"Pediatric outpatient rehab clinic (H2 Health / Great Strides) in Callahan offering physical, occupational and speech therapy for children with autism spectrum disorder, ADHD, developmental delays and brain injuries.",https://h2health.com/locations/great-strides-pediatric-rehab-callahan-fl/,1,HIGH,Pediatric rehabilitation clinic under H2 Health. Location page explicitly names autism spectrum disorder and developmental delays among conditions treated.
10295,"Great Strides Rehabilitation- Orange Park, FL - 430 College Dr",KEEP,THERAPY_PROVIDER,physical-therapy|occupational-therapy|speech-therapy|feeding-therapy|aba|music-therapy,aba|music-therapy,Y,Y,,(904) 886-3228,,https://www.h2health.com/locations/great-strides-pediatric-rehabilitation-florida/,"Great Strides pediatric therapy clinic (H2 Health) serving the Orange Park/Middleburg area with physical, occupational, speech, feeding, ABA and music therapy for children with developmental delays and autism.",https://www.h2health.com/locations/great-strides-pediatric-rehabilitation-florida/,2,HIGH,"Pediatric-only rehab clinic; Middleburg is one of the listed Florida Great Strides sites. Brand site lists PT, OT, speech, feeding, pediatric ABA and music therapy; ABA and music therapy not separately confirmed for this specific location."
10305,Little Star Therapy Services - Miami,KEEP,THERAPY_PROVIDER,speech-therapy|feeding-therapy|occupational-therapy|physical-therapy,,Y,Y,"1125 NE 125th St. Suite 100, North Miami, FL 33161",786-297-1880,fdesk@littlestartherapy.net,https://www.littlestartherapy.com/,"Pediatric therapy clinic in North Miami providing speech, feeding, occupational and physical therapy for children with special needs and developmental delays; second location in Miami Lakes.",https://www.littlestartherapy.com/about,3,MEDIUM,"Children-only therapy practice; site states mission to serve 'children with special needs'. Autism not named on site, but it is listed on autism provider directories (Beaming Health) and offers the standard developmental therapy set."
10310,Azul Therapy Services - West Kendall - 13500 Sw 88th St,KEEP,THERAPY_PROVIDER,speech-therapy|feeding-therapy|occupational-therapy|physical-therapy|life-skills|mobile-services|virtual-therapy|transportation,,Y,Y,,786-409-2646,info@azultherapyservices.com,https://azultherapyservices.com/,"Pediatric therapy center with three Miami-area sites (West Kendall, Hialeah, Miami) offering speech, feeding, occupational, physical and behavior therapy plus early intervention, telehealth and free patient transportation.",https://azultherapyservices.com/services/,2,MEDIUM,"Children-only therapy center. Autism not named on the site, but behavior therapy targets social/communication, daily-living and transitional skills across home, school and community, and OT covers sensory integration plus early intervention - clearly the developmental-disability population. Behavior therapy is not described as applied behavior analysis, so no aba tag. PT department listed as under construction."
10314,First Kid's PPEC - Hollywood,KEEP,PPEC,physical-therapy|occupational-therapy|speech-therapy|aba|transportation,aba,Y,UNCLEAR,"6515 Taft Street, Hollywood, FL 33024",,,https://fkppec.com/,"Prescribed Pediatric Extended Care center in Hollywood for medically complex children, providing skilled nursing, physical, occupational and speech therapy, behavior analysis, special education, respiratory therapy, meals and free transportation.",https://fkppec.com/services/,2,HIGH,"Physician-owned PPEC (medical day center), not an outpatient therapy clinic - belongs in the ppec_centers table rather than resources. Serves children with genetic syndromes, neurological disorders and technology dependence; autism not named explicitly. On-site licensed behavior analysts implies ABA."
10358,My Favorite Therapists - Royal Palm Beach,KEEP,ABA_PROVIDER,aba|speech-therapy|feeding-therapy|occupational-therapy|mobile-services,,Y,Y,"2050 Vista Parkway, Suite B, West Palm Beach, FL 33411",561-369-6372,,https://myfavoritetherapistswestpalmbeach.com/,"Multidisciplinary pediatric provider serving children ages 1-18 with autism and developmental delays: ABA, speech, feeding and occupational therapy delivered in-center, in-home, at school and in the community.",https://myfavoritetherapistswestpalmbeach.com/,1,HIGH,"Site explicitly states it serves children with autism spectrum disorder and developmental delays and names applied behavior analysis alongside speech, feeding and OT, with school/home/community delivery."
10401,Early Steps - Jacksonville,KEEP,GOVERNMENT_AGENCY,mobile-services|parent-coaching|speech-therapy|occupational-therapy|physical-therapy,parent-coaching|speech-therapy|occupational-therapy|physical-therapy,Y,Y,"653-1 West 8th Street, L16, Jacksonville, FL 32209",(904) 244-3056,,https://floridaearlysteps.com/,Florida's IDEA Part C early intervention program for children birth to 36 months with developmental delays or disabilities. The Jacksonville (Northeast Florida) program is run by UF College of Medicine pediatrics;,https://pediatrics.med.jax.ufl.edu/patient-care/early-steps-program/,3,HIGH,"Not a private clinic - it is the state early intervention program (Florida DOH Children's Medical Services), locally administered by the UF College of Medicine Jacksonville Department of Pediatrics. Highly autism/DD relevant and a primary referral pathway for families, but it is a public program, so review whether it should be listed as a provider record or as a resource/guide entry. Statewide line 1-800-218-0001. Note the CSV address (910 N Jefferson St) does not match the address published by the local program."
7670,Sunshine Kidz Pediatric Care - Hollywood,NEEDS_REVIEW,PPEC,,,Y,UNCLEAR,,,,,,https://floridadaycares.in/day-care/sunshine-kidz-pediatric-care/,3,MEDIUM,"Prescribed Pediatric Extended Care (PPEC) medical daycare — site title is 'Florida's Premier Pediatric Medical Daycare' and the NPI record classifies it as a skilled nursing organization. Own site (sunshinekidzppec.com) could not be loaded (robots.txt fetch failure), so services, ages and autism/DD relevance are unverified from the primary source. A third-party listing states speech, physical and occupational therapy on site but shows a Hallandale Beach address, so it may be a different location. If retained, this is a PPEC record and belongs in ppec_centers/daycares rather than the provider directory."
8504,Sunshine Kidz Pediatric Care - Ft Lauderdale,NEEDS_REVIEW,PPEC,,,Y,UNCLEAR,,,,,,,3,LOW,"Prescribed Pediatric Extended Care (PPEC) medical daycare for medically complex children; own domain is sunshinekidzppec.com and indexed page titles read 'Florida's Premier Pediatric Medical Daycare'. Could not load any page: sunshinekidzppec.com, mirror skppec.com and the WE CARE Broward listing all failed robots.txt retrieval, so services and autism/DD relevance are unverified. If confirmed, this belongs in ppec_centers, not the provider table."
9324,"Holistic Family Occupational Therapy, LLC - Palm Springs",NEEDS_REVIEW,THERAPY_PROVIDER,,,Y,UNCLEAR,,(561) 386-4756,,http://www.holisticfamilyot.com/,,http://www.holisticfamilyot.com/about,3,MEDIUM,"Real solo OT practice (licensed OT) serving infants through adults, built around alternative modalities: MNRI primary reflex integration, Emotion Code energy work, stress-release bodywork, NICU/infant developmental care. Homepage references developmental delays and behavioral challenges, but autism is never named and no page states a pediatric autism/DD program. Site gives no street address (Lake Worth, serving Palm Beach County) and no email. Human call needed on whether an energy-modality OT practice belongs in the directory."
9973,Prevention Physical Therapy - 3340 Overlook Rd,NEEDS_REVIEW,THERAPY_PROVIDER,,,Y,UNCLEAR,,,,http://www.preventionpt.com/,,http://www.preventionpt.com/,3,LOW,"Small outpatient and home-health physical therapy practice owned by Preston Olson, DPT, focused on personal injury and industrial/ergonomic rehabilitation. Homepage does mention pediatric PT and early intervention for motor skills, but no autism or developmental-disability content; subpages blocked by a broken TLS certificate and web search found no corroboration, so scope could not be established."
10022,FYZICAL Therapy & Balance Centers - Melbourne,NEEDS_REVIEW,THERAPY_PROVIDER,,,UNCLEAR,UNCLEAR,,,,,,,3,LOW,"FYZICAL is an adult balance/vestibular and orthopedic PT franchise; its Melbourne page returns HTTP 405 on repeated fetches (bot-blocked, not dead) so no page for THIS location could be loaded. Sibling Florida FYZICAL locations that did load (Indialantic, Stuart) are adult balance/fall-prevention only with no pediatric or autism content, so this is almost certainly a deletion, but it is unverified for this site."
10155,The Therapy Place - Orlando,NEEDS_REVIEW,THERAPY_PROVIDER,,,UNCLEAR,UNCLEAR,,,,,,https://www.bbb.org/us/fl/orlando/profile/occupational-therapy/the-therapy-place-0733-205119555,3,LOW,"Own site thetherapyplace.com returns HTTP 404 on the root URL (retried) - effectively dead/unreachable, so services and population cannot be verified. BBB shows it as Lifespan Therapy Services, Inc., an occupational therapy business at 9468 E Colonial Dr, Orlando, operating since 2001, president Mindy Dunlevy; the 'Lifespan' name suggests possible all-ages scope. A kids-therapy directory lists it as a child/teen OT provider with email admin@thetherapyplace.com. Not enough to confirm pediatric autism/DD service - needs human check."
10313,FYZICAL Therapy & Balance Centers - Tallahassee,NEEDS_REVIEW,THERAPY_PROVIDER,,,UNCLEAR,UNCLEAR,,,,,,,3,LOW,"FYZICAL is an adult balance/vestibular and orthopedic PT franchise; its Tallahassee page returns HTTP 405 on repeated fetches (bot-blocked, not dead). Search listings show its Tallahassee service pages are vestibular rehabilitation and balance therapy. No page for this location could be loaded, so classification is unverified."
